
SLAVE1.elf:     file format elf32-avr

Sections:
Idx Name          Size      VMA       LMA       File off  Algn
  0 .data         00000006  00800100  00001392  00001426  2**0
                  CONTENTS, ALLOC, LOAD, DATA
  1 .text         00001392  00000000  00000000  00000094  2**1
                  CONTENTS, ALLOC, LOAD, READONLY, CODE
  2 .bss          00000048  00800106  00800106  0000142c  2**0
                  ALLOC
  3 .comment      00000030  00000000  00000000  0000142c  2**0
                  CONTENTS, READONLY
  4 .note.gnu.avr.deviceinfo 00000040  00000000  00000000  0000145c  2**2
                  CONTENTS, READONLY
  5 .debug_aranges 00000220  00000000  00000000  0000149c  2**0
                  CONTENTS, READONLY, DEBUGGING
  6 .debug_info   00002892  00000000  00000000  000016bc  2**0
                  CONTENTS, READONLY, DEBUGGING
  7 .debug_abbrev 00001023  00000000  00000000  00003f4e  2**0
                  CONTENTS, READONLY, DEBUGGING
  8 .debug_line   00001d2d  00000000  00000000  00004f71  2**0
                  CONTENTS, READONLY, DEBUGGING
  9 .debug_frame  000006b4  00000000  00000000  00006ca0  2**2
                  CONTENTS, READONLY, DEBUGGING
 10 .debug_str    00000db1  00000000  00000000  00007354  2**0
                  CONTENTS, READONLY, DEBUGGING
 11 .debug_loc    000021f1  00000000  00000000  00008105  2**0
                  CONTENTS, READONLY, DEBUGGING
 12 .debug_ranges 000001c0  00000000  00000000  0000a2f6  2**0
                  CONTENTS, READONLY, DEBUGGING

Disassembly of section .text:

00000000 <__vectors>:
       0:	0c 94 34 00 	jmp	0x68	; 0x68 <__ctors_end>
       4:	0c 94 51 00 	jmp	0xa2	; 0xa2 <__bad_interrupt>
       8:	0c 94 51 00 	jmp	0xa2	; 0xa2 <__bad_interrupt>
       c:	0c 94 51 00 	jmp	0xa2	; 0xa2 <__bad_interrupt>
      10:	0c 94 51 00 	jmp	0xa2	; 0xa2 <__bad_interrupt>
      14:	0c 94 51 00 	jmp	0xa2	; 0xa2 <__bad_interrupt>
      18:	0c 94 51 00 	jmp	0xa2	; 0xa2 <__bad_interrupt>
      1c:	0c 94 51 00 	jmp	0xa2	; 0xa2 <__bad_interrupt>
      20:	0c 94 51 00 	jmp	0xa2	; 0xa2 <__bad_interrupt>
      24:	0c 94 51 00 	jmp	0xa2	; 0xa2 <__bad_interrupt>
      28:	0c 94 51 00 	jmp	0xa2	; 0xa2 <__bad_interrupt>
      2c:	0c 94 78 09 	jmp	0x12f0	; 0x12f0 <__vector_11>
      30:	0c 94 51 00 	jmp	0xa2	; 0xa2 <__bad_interrupt>
      34:	0c 94 5b 09 	jmp	0x12b6	; 0x12b6 <__vector_13>
      38:	0c 94 4b 05 	jmp	0xa96	; 0xa96 <__vector_14>
      3c:	0c 94 51 00 	jmp	0xa2	; 0xa2 <__bad_interrupt>
      40:	0c 94 24 05 	jmp	0xa48	; 0xa48 <__vector_16>
      44:	0c 94 51 00 	jmp	0xa2	; 0xa2 <__bad_interrupt>
      48:	0c 94 51 00 	jmp	0xa2	; 0xa2 <__bad_interrupt>
      4c:	0c 94 51 00 	jmp	0xa2	; 0xa2 <__bad_interrupt>
      50:	0c 94 51 00 	jmp	0xa2	; 0xa2 <__bad_interrupt>
      54:	0c 94 51 00 	jmp	0xa2	; 0xa2 <__bad_interrupt>
      58:	0c 94 51 00 	jmp	0xa2	; 0xa2 <__bad_interrupt>
      5c:	0c 94 51 00 	jmp	0xa2	; 0xa2 <__bad_interrupt>
      60:	0c 94 a1 02 	jmp	0x542	; 0x542 <__vector_24>
      64:	0c 94 51 00 	jmp	0xa2	; 0xa2 <__bad_interrupt>

00000068 <__ctors_end>:
      68:	11 24       	eor	r1, r1
      6a:	1f be       	out	0x3f, r1	; 63
      6c:	cf ef       	ldi	r28, 0xFF	; 255
      6e:	d8 e0       	ldi	r29, 0x08	; 8
      70:	de bf       	out	0x3e, r29	; 62
      72:	cd bf       	out	0x3d, r28	; 61

00000074 <__do_copy_data>:
      74:	11 e0       	ldi	r17, 0x01	; 1
      76:	a0 e0       	ldi	r26, 0x00	; 0
      78:	b1 e0       	ldi	r27, 0x01	; 1
      7a:	e2 e9       	ldi	r30, 0x92	; 146
      7c:	f3 e1       	ldi	r31, 0x13	; 19
      7e:	02 c0       	rjmp	.+4      	; 0x84 <__do_copy_data+0x10>
      80:	05 90       	lpm	r0, Z+
      82:	0d 92       	st	X+, r0
      84:	a6 30       	cpi	r26, 0x06	; 6
      86:	b1 07       	cpc	r27, r17
      88:	d9 f7       	brne	.-10     	; 0x80 <__do_copy_data+0xc>

0000008a <__do_clear_bss>:
      8a:	21 e0       	ldi	r18, 0x01	; 1
      8c:	a6 e0       	ldi	r26, 0x06	; 6
      8e:	b1 e0       	ldi	r27, 0x01	; 1
      90:	01 c0       	rjmp	.+2      	; 0x94 <.do_clear_bss_start>

00000092 <.do_clear_bss_loop>:
      92:	1d 92       	st	X+, r1

00000094 <.do_clear_bss_start>:
      94:	ae 34       	cpi	r26, 0x4E	; 78
      96:	b2 07       	cpc	r27, r18
      98:	e1 f7       	brne	.-8      	; 0x92 <.do_clear_bss_loop>
      9a:	0e 94 25 07 	call	0xe4a	; 0xe4a <main>
      9e:	0c 94 c7 09 	jmp	0x138e	; 0x138e <_exit>

000000a2 <__bad_interrupt>:
      a2:	0c 94 00 00 	jmp	0	; 0x0 <__vectors>

000000a6 <HCSR04_TimerStart>:
static uint8_t hcsr04_initialized = 0u;

// Inicia Timer2 para medir el ancho del pulso ECHO.
static void HCSR04_TimerStart(void)
{
    TCCR2A = 0u;
      a6:	10 92 b0 00 	sts	0x00B0, r1	; 0x8000b0 <__TEXT_REGION_LENGTH__+0x7f80b0>
    TCCR2B = 0u;
      aa:	e1 eb       	ldi	r30, 0xB1	; 177
      ac:	f0 e0       	ldi	r31, 0x00	; 0
      ae:	10 82       	st	Z, r1
    TCNT2 = 0u;
      b0:	10 92 b2 00 	sts	0x00B2, r1	; 0x8000b2 <__TEXT_REGION_LENGTH__+0x7f80b2>
    TIFR2 = (1u << TOV2);
      b4:	81 e0       	ldi	r24, 0x01	; 1
      b6:	87 bb       	out	0x17, r24	; 23
    TCCR2B = (1u << CS21);
      b8:	82 e0       	ldi	r24, 0x02	; 2
      ba:	80 83       	st	Z, r24
      bc:	08 95       	ret

000000be <HCSR04_TimerStop>:
}

// Detiene Timer2 al finalizar o cancelar una medicion.
static void HCSR04_TimerStop(void)
{
    TCCR2B = 0u;
      be:	10 92 b1 00 	sts	0x00B1, r1	; 0x8000b1 <__TEXT_REGION_LENGTH__+0x7f80b1>
      c2:	08 95       	ret

000000c4 <HCSR04_EchoIsHigh>:
}

// Lee directamente el nivel logico del pin ECHO.
static uint8_t HCSR04_EchoIsHigh(void)
{
    return ((*hcsr04_echo_pin_register &
      c4:	e0 91 09 01 	lds	r30, 0x0109	; 0x800109 <hcsr04_echo_pin_register>
      c8:	f0 91 0a 01 	lds	r31, 0x010A	; 0x80010a <hcsr04_echo_pin_register+0x1>
      cc:	80 81       	ld	r24, Z
             (1u << hcsr04_echo_pin)) != 0u) ? 1u : 0u;
      ce:	90 e0       	ldi	r25, 0x00	; 0
      d0:	00 90 07 01 	lds	r0, 0x0107	; 0x800107 <hcsr04_echo_pin>
      d4:	02 c0       	rjmp	.+4      	; 0xda <HCSR04_EchoIsHigh+0x16>
      d6:	96 95       	lsr	r25
      d8:	87 95       	ror	r24
      da:	0a 94       	dec	r0
      dc:	e2 f7       	brpl	.-8      	; 0xd6 <HCSR04_EchoIsHigh+0x12>
}
      de:	81 70       	andi	r24, 0x01	; 1
      e0:	08 95       	ret

000000e2 <HCSR04_WaitForState>:

// Espera el nivel solicitado y cancela al superar el timeout.
static uint8_t HCSR04_WaitForState(uint8_t expected_high,
                                   uint32_t max_ticks,
                                   uint32_t *elapsed_ticks)
{
      e2:	8f 92       	push	r8
      e4:	9f 92       	push	r9
      e6:	af 92       	push	r10
      e8:	bf 92       	push	r11
      ea:	cf 92       	push	r12
      ec:	df 92       	push	r13
      ee:	ef 92       	push	r14
      f0:	ff 92       	push	r15
      f2:	1f 93       	push	r17
      f4:	cf 93       	push	r28
      f6:	df 93       	push	r29
      f8:	18 2f       	mov	r17, r24
      fa:	4a 01       	movw	r8, r20
      fc:	5b 01       	movw	r10, r22
      fe:	e9 01       	movw	r28, r18
    uint32_t overflow_ticks = 0UL;
     100:	c1 2c       	mov	r12, r1
     102:	d1 2c       	mov	r13, r1
     104:	76 01       	movw	r14, r12

    while (HCSR04_EchoIsHigh() != expected_high)
     106:	1b c0       	rjmp	.+54     	; 0x13e <HCSR04_WaitForState+0x5c>
    {
        uint32_t current_ticks;

        if ((TIFR2 & (1u << TOV2)) != 0u)
     108:	b8 9b       	sbis	0x17, 0	; 23
     10a:	06 c0       	rjmp	.+12     	; 0x118 <HCSR04_WaitForState+0x36>
        {
            TIFR2 = (1u << TOV2);
     10c:	81 e0       	ldi	r24, 0x01	; 1
     10e:	87 bb       	out	0x17, r24	; 23
            overflow_ticks += 256UL;
     110:	2f ef       	ldi	r18, 0xFF	; 255
     112:	d2 1a       	sub	r13, r18
     114:	e2 0a       	sbc	r14, r18
     116:	f2 0a       	sbc	r15, r18
        }

        current_ticks = overflow_ticks + TCNT2;
     118:	80 91 b2 00 	lds	r24, 0x00B2	; 0x8000b2 <__TEXT_REGION_LENGTH__+0x7f80b2>
     11c:	a7 01       	movw	r20, r14
     11e:	96 01       	movw	r18, r12
     120:	28 0f       	add	r18, r24
     122:	31 1d       	adc	r19, r1
     124:	41 1d       	adc	r20, r1
     126:	51 1d       	adc	r21, r1
        if (current_ticks >= max_ticks)
     128:	28 15       	cp	r18, r8
     12a:	39 05       	cpc	r19, r9
     12c:	4a 05       	cpc	r20, r10
     12e:	5b 05       	cpc	r21, r11
     130:	30 f0       	brcs	.+12     	; 0x13e <HCSR04_WaitForState+0x5c>
        {
            *elapsed_ticks = current_ticks;
     132:	28 83       	st	Y, r18
     134:	39 83       	std	Y+1, r19	; 0x01
     136:	4a 83       	std	Y+2, r20	; 0x02
     138:	5b 83       	std	Y+3, r21	; 0x03
            return 0u;
     13a:	80 e0       	ldi	r24, 0x00	; 0
     13c:	0f c0       	rjmp	.+30     	; 0x15c <HCSR04_WaitForState+0x7a>
                                   uint32_t max_ticks,
                                   uint32_t *elapsed_ticks)
{
    uint32_t overflow_ticks = 0UL;

    while (HCSR04_EchoIsHigh() != expected_high)
     13e:	0e 94 62 00 	call	0xc4	; 0xc4 <HCSR04_EchoIsHigh>
     142:	81 13       	cpse	r24, r17
     144:	e1 cf       	rjmp	.-62     	; 0x108 <HCSR04_WaitForState+0x26>
            *elapsed_ticks = current_ticks;
            return 0u;
        }
    }

    *elapsed_ticks = overflow_ticks + TCNT2;
     146:	80 91 b2 00 	lds	r24, 0x00B2	; 0x8000b2 <__TEXT_REGION_LENGTH__+0x7f80b2>
     14a:	c8 0e       	add	r12, r24
     14c:	d1 1c       	adc	r13, r1
     14e:	e1 1c       	adc	r14, r1
     150:	f1 1c       	adc	r15, r1
     152:	c8 82       	st	Y, r12
     154:	d9 82       	std	Y+1, r13	; 0x01
     156:	ea 82       	std	Y+2, r14	; 0x02
     158:	fb 82       	std	Y+3, r15	; 0x03
    return 1u;
     15a:	81 e0       	ldi	r24, 0x01	; 1
}
     15c:	df 91       	pop	r29
     15e:	cf 91       	pop	r28
     160:	1f 91       	pop	r17
     162:	ff 90       	pop	r15
     164:	ef 90       	pop	r14
     166:	df 90       	pop	r13
     168:	cf 90       	pop	r12
     16a:	bf 90       	pop	r11
     16c:	af 90       	pop	r10
     16e:	9f 90       	pop	r9
     170:	8f 90       	pop	r8
     172:	08 95       	ret

00000174 <HCSR04_Init>:
                    volatile uint8_t *trig_port,
                    uint8_t trig_pin,
                    volatile uint8_t *echo_ddr,
                    volatile uint8_t *echo_pin_register,
                    uint8_t echo_pin)
{
     174:	ef 92       	push	r14
     176:	0f 93       	push	r16
     178:	1f 93       	push	r17
     17a:	cf 93       	push	r28
     17c:	df 93       	push	r29
    if ((trig_ddr == NULL) || (trig_port == NULL) ||
     17e:	00 97       	sbiw	r24, 0x00	; 0
     180:	71 f0       	breq	.+28     	; 0x19e <HCSR04_Init+0x2a>
     182:	61 15       	cp	r22, r1
     184:	71 05       	cpc	r23, r1
     186:	59 f0       	breq	.+22     	; 0x19e <HCSR04_Init+0x2a>
     188:	21 15       	cp	r18, r1
     18a:	31 05       	cpc	r19, r1
     18c:	41 f0       	breq	.+16     	; 0x19e <HCSR04_Init+0x2a>
        (echo_ddr == NULL) || (echo_pin_register == NULL) ||
     18e:	01 15       	cp	r16, r1
     190:	11 05       	cpc	r17, r1
     192:	29 f0       	breq	.+10     	; 0x19e <HCSR04_Init+0x2a>
     194:	48 30       	cpi	r20, 0x08	; 8
     196:	18 f4       	brcc	.+6      	; 0x19e <HCSR04_Init+0x2a>
        (trig_pin > 7u) || (echo_pin > 7u) ||
     198:	57 e0       	ldi	r21, 0x07	; 7
     19a:	5e 15       	cp	r21, r14
     19c:	20 f4       	brcc	.+8      	; 0x1a6 <HCSR04_Init+0x32>
        (HCSR04_TICKS_PER_US == 0UL))
    {
        hcsr04_initialized = 0u;
     19e:	10 92 06 01 	sts	0x0106, r1	; 0x800106 <__data_end>
        return 0u;
     1a2:	80 e0       	ldi	r24, 0x00	; 0
     1a4:	2d c0       	rjmp	.+90     	; 0x200 <HCSR04_Init+0x8c>
    }

    hcsr04_trig_ddr = trig_ddr;
    hcsr04_trig_port = trig_port;
     1a6:	70 93 0c 01 	sts	0x010C, r23	; 0x80010c <hcsr04_trig_port+0x1>
     1aa:	60 93 0b 01 	sts	0x010B, r22	; 0x80010b <hcsr04_trig_port>
    hcsr04_echo_ddr = echo_ddr;
    hcsr04_echo_pin_register = echo_pin_register;
     1ae:	10 93 0a 01 	sts	0x010A, r17	; 0x80010a <hcsr04_echo_pin_register+0x1>
     1b2:	00 93 09 01 	sts	0x0109, r16	; 0x800109 <hcsr04_echo_pin_register>
    hcsr04_trig_pin = trig_pin;
     1b6:	40 93 08 01 	sts	0x0108, r20	; 0x800108 <hcsr04_trig_pin>
    hcsr04_echo_pin = echo_pin;
     1ba:	e0 92 07 01 	sts	0x0107, r14	; 0x800107 <hcsr04_echo_pin>

    *hcsr04_trig_ddr |= (1u << hcsr04_trig_pin);
     1be:	ec 01       	movw	r28, r24
     1c0:	a8 81       	ld	r26, Y
     1c2:	e1 e0       	ldi	r30, 0x01	; 1
     1c4:	f0 e0       	ldi	r31, 0x00	; 0
     1c6:	ef 01       	movw	r28, r30
     1c8:	02 c0       	rjmp	.+4      	; 0x1ce <HCSR04_Init+0x5a>
     1ca:	cc 0f       	add	r28, r28
     1cc:	dd 1f       	adc	r29, r29
     1ce:	4a 95       	dec	r20
     1d0:	e2 f7       	brpl	.-8      	; 0x1ca <HCSR04_Init+0x56>
     1d2:	ae 01       	movw	r20, r28
     1d4:	5a 2f       	mov	r21, r26
     1d6:	54 2b       	or	r21, r20
     1d8:	dc 01       	movw	r26, r24
     1da:	5c 93       	st	X, r21
    *hcsr04_trig_port &= (uint8_t)~(1u << hcsr04_trig_pin);
     1dc:	eb 01       	movw	r28, r22
     1de:	88 81       	ld	r24, Y
     1e0:	40 95       	com	r20
     1e2:	48 23       	and	r20, r24
     1e4:	48 83       	st	Y, r20
    *hcsr04_echo_ddr &= (uint8_t)~(1u << hcsr04_echo_pin);
     1e6:	d9 01       	movw	r26, r18
     1e8:	8c 91       	ld	r24, X
     1ea:	02 c0       	rjmp	.+4      	; 0x1f0 <HCSR04_Init+0x7c>
     1ec:	ee 0f       	add	r30, r30
     1ee:	ff 1f       	adc	r31, r31
     1f0:	ea 94       	dec	r14
     1f2:	e2 f7       	brpl	.-8      	; 0x1ec <HCSR04_Init+0x78>
     1f4:	e0 95       	com	r30
     1f6:	e8 23       	and	r30, r24
     1f8:	ec 93       	st	X, r30
    hcsr04_initialized = 1u;
     1fa:	81 e0       	ldi	r24, 0x01	; 1
     1fc:	80 93 06 01 	sts	0x0106, r24	; 0x800106 <__data_end>
    return 1u;
}
     200:	df 91       	pop	r29
     202:	cf 91       	pop	r28
     204:	1f 91       	pop	r17
     206:	0f 91       	pop	r16
     208:	ef 90       	pop	r14
     20a:	08 95       	ret

0000020c <HCSR04_ReadEchoPulseUS>:

// Genera TRIG, mide ECHO con Timer2 y devuelve su duracion en us.
uint8_t HCSR04_ReadEchoPulseUS(uint16_t *echo_us)
{
     20c:	ef 92       	push	r14
     20e:	ff 92       	push	r15
     210:	1f 93       	push	r17
     212:	cf 93       	push	r28
     214:	df 93       	push	r29
     216:	cd b7       	in	r28, 0x3d	; 61
     218:	de b7       	in	r29, 0x3e	; 62
     21a:	28 97       	sbiw	r28, 0x08	; 8
     21c:	0f b6       	in	r0, 0x3f	; 63
     21e:	f8 94       	cli
     220:	de bf       	out	0x3e, r29	; 62
     222:	0f be       	out	0x3f, r0	; 63
     224:	cd bf       	out	0x3d, r28	; 61
    uint32_t unused_ticks = 0UL;
     226:	19 82       	std	Y+1, r1	; 0x01
     228:	1a 82       	std	Y+2, r1	; 0x02
     22a:	1b 82       	std	Y+3, r1	; 0x03
     22c:	1c 82       	std	Y+4, r1	; 0x04
    uint32_t pulse_ticks = 0UL;
     22e:	1d 82       	std	Y+5, r1	; 0x05
     230:	1e 82       	std	Y+6, r1	; 0x06
     232:	1f 82       	std	Y+7, r1	; 0x07
     234:	18 86       	std	Y+8, r1	; 0x08
    uint32_t pulse_us;

    if (echo_us == NULL)
     236:	00 97       	sbiw	r24, 0x00	; 0
     238:	09 f4       	brne	.+2      	; 0x23c <HCSR04_ReadEchoPulseUS+0x30>
     23a:	83 c0       	rjmp	.+262    	; 0x342 <HCSR04_ReadEchoPulseUS+0x136>
    {
        return 0u;
    }

    *echo_us = HCSR04_INVALID_PULSE_US;
     23c:	2f ef       	ldi	r18, 0xFF	; 255
     23e:	3f ef       	ldi	r19, 0xFF	; 255
     240:	fc 01       	movw	r30, r24
     242:	31 83       	std	Z+1, r19	; 0x01
     244:	20 83       	st	Z, r18

    if (hcsr04_initialized == 0u)
     246:	10 91 06 01 	lds	r17, 0x0106	; 0x800106 <__data_end>
     24a:	11 23       	and	r17, r17
     24c:	09 f4       	brne	.+2      	; 0x250 <HCSR04_ReadEchoPulseUS+0x44>
     24e:	7c c0       	rjmp	.+248    	; 0x348 <HCSR04_ReadEchoPulseUS+0x13c>
     250:	7c 01       	movw	r14, r24
    {
        return 0u;
    }

    *hcsr04_trig_port &= (uint8_t)~(1u << hcsr04_trig_pin);
     252:	e0 91 0b 01 	lds	r30, 0x010B	; 0x80010b <hcsr04_trig_port>
     256:	f0 91 0c 01 	lds	r31, 0x010C	; 0x80010c <hcsr04_trig_port+0x1>
     25a:	40 81       	ld	r20, Z
     25c:	21 e0       	ldi	r18, 0x01	; 1
     25e:	30 e0       	ldi	r19, 0x00	; 0
     260:	c9 01       	movw	r24, r18
     262:	00 90 08 01 	lds	r0, 0x0108	; 0x800108 <hcsr04_trig_pin>
     266:	02 c0       	rjmp	.+4      	; 0x26c <HCSR04_ReadEchoPulseUS+0x60>
     268:	88 0f       	add	r24, r24
     26a:	99 1f       	adc	r25, r25
     26c:	0a 94       	dec	r0
     26e:	e2 f7       	brpl	.-8      	; 0x268 <HCSR04_ReadEchoPulseUS+0x5c>
     270:	80 95       	com	r24
     272:	84 23       	and	r24, r20
     274:	80 83       	st	Z, r24
	#else
		//round up by default
		__ticks_dc = (uint32_t)(ceil(fabs(__tmp)));
	#endif

	__builtin_avr_delay_cycles(__ticks_dc);
     276:	fa e0       	ldi	r31, 0x0A	; 10
     278:	fa 95       	dec	r31
     27a:	f1 f7       	brne	.-4      	; 0x278 <HCSR04_ReadEchoPulseUS+0x6c>
     27c:	00 c0       	rjmp	.+0      	; 0x27e <HCSR04_ReadEchoPulseUS+0x72>
    _delay_us(2);
    *hcsr04_trig_port |= (1u << hcsr04_trig_pin);
     27e:	e0 91 0b 01 	lds	r30, 0x010B	; 0x80010b <hcsr04_trig_port>
     282:	f0 91 0c 01 	lds	r31, 0x010C	; 0x80010c <hcsr04_trig_port+0x1>
     286:	40 81       	ld	r20, Z
     288:	c9 01       	movw	r24, r18
     28a:	00 90 08 01 	lds	r0, 0x0108	; 0x800108 <hcsr04_trig_pin>
     28e:	02 c0       	rjmp	.+4      	; 0x294 <HCSR04_ReadEchoPulseUS+0x88>
     290:	88 0f       	add	r24, r24
     292:	99 1f       	adc	r25, r25
     294:	0a 94       	dec	r0
     296:	e2 f7       	brpl	.-8      	; 0x290 <HCSR04_ReadEchoPulseUS+0x84>
     298:	84 2b       	or	r24, r20
     29a:	80 83       	st	Z, r24
     29c:	85 e3       	ldi	r24, 0x35	; 53
     29e:	8a 95       	dec	r24
     2a0:	f1 f7       	brne	.-4      	; 0x29e <HCSR04_ReadEchoPulseUS+0x92>
     2a2:	00 00       	nop
    _delay_us(10);
    *hcsr04_trig_port &= (uint8_t)~(1u << hcsr04_trig_pin);
     2a4:	e0 91 0b 01 	lds	r30, 0x010B	; 0x80010b <hcsr04_trig_port>
     2a8:	f0 91 0c 01 	lds	r31, 0x010C	; 0x80010c <hcsr04_trig_port+0x1>
     2ac:	80 81       	ld	r24, Z
     2ae:	00 90 08 01 	lds	r0, 0x0108	; 0x800108 <hcsr04_trig_pin>
     2b2:	02 c0       	rjmp	.+4      	; 0x2b8 <HCSR04_ReadEchoPulseUS+0xac>
     2b4:	22 0f       	add	r18, r18
     2b6:	33 1f       	adc	r19, r19
     2b8:	0a 94       	dec	r0
     2ba:	e2 f7       	brpl	.-8      	; 0x2b4 <HCSR04_ReadEchoPulseUS+0xa8>
     2bc:	20 95       	com	r18
     2be:	28 23       	and	r18, r24
     2c0:	20 83       	st	Z, r18

    HCSR04_TimerStart();
     2c2:	0e 94 53 00 	call	0xa6	; 0xa6 <HCSR04_TimerStart>

    if (HCSR04_WaitForState(1u, HCSR04_TIMEOUT_TICKS,
     2c6:	9e 01       	movw	r18, r28
     2c8:	2f 5f       	subi	r18, 0xFF	; 255
     2ca:	3f 4f       	sbci	r19, 0xFF	; 255
     2cc:	40 e6       	ldi	r20, 0x60	; 96
     2ce:	5a ee       	ldi	r21, 0xEA	; 234
     2d0:	60 e0       	ldi	r22, 0x00	; 0
     2d2:	70 e0       	ldi	r23, 0x00	; 0
     2d4:	81 e0       	ldi	r24, 0x01	; 1
     2d6:	0e 94 71 00 	call	0xe2	; 0xe2 <HCSR04_WaitForState>
     2da:	18 2f       	mov	r17, r24
     2dc:	81 11       	cpse	r24, r1
     2de:	03 c0       	rjmp	.+6      	; 0x2e6 <HCSR04_ReadEchoPulseUS+0xda>
                            &unused_ticks) == 0u)
    {
        HCSR04_TimerStop();
     2e0:	0e 94 5f 00 	call	0xbe	; 0xbe <HCSR04_TimerStop>
        return 0u;
     2e4:	31 c0       	rjmp	.+98     	; 0x348 <HCSR04_ReadEchoPulseUS+0x13c>
    }

    TCNT2 = 0u;
     2e6:	10 92 b2 00 	sts	0x00B2, r1	; 0x8000b2 <__TEXT_REGION_LENGTH__+0x7f80b2>
    TIFR2 = (1u << TOV2);
     2ea:	81 e0       	ldi	r24, 0x01	; 1
     2ec:	87 bb       	out	0x17, r24	; 23

    if (HCSR04_WaitForState(0u, HCSR04_TIMEOUT_TICKS,
     2ee:	9e 01       	movw	r18, r28
     2f0:	2b 5f       	subi	r18, 0xFB	; 251
     2f2:	3f 4f       	sbci	r19, 0xFF	; 255
     2f4:	40 e6       	ldi	r20, 0x60	; 96
     2f6:	5a ee       	ldi	r21, 0xEA	; 234
     2f8:	60 e0       	ldi	r22, 0x00	; 0
     2fa:	70 e0       	ldi	r23, 0x00	; 0
     2fc:	80 e0       	ldi	r24, 0x00	; 0
     2fe:	0e 94 71 00 	call	0xe2	; 0xe2 <HCSR04_WaitForState>
     302:	18 2f       	mov	r17, r24
     304:	81 11       	cpse	r24, r1
     306:	03 c0       	rjmp	.+6      	; 0x30e <HCSR04_ReadEchoPulseUS+0x102>
                            &pulse_ticks) == 0u)
    {
        HCSR04_TimerStop();
     308:	0e 94 5f 00 	call	0xbe	; 0xbe <HCSR04_TimerStop>
        return 0u;
     30c:	1d c0       	rjmp	.+58     	; 0x348 <HCSR04_ReadEchoPulseUS+0x13c>
    }

    HCSR04_TimerStop();
     30e:	0e 94 5f 00 	call	0xbe	; 0xbe <HCSR04_TimerStop>
    pulse_us = pulse_ticks / HCSR04_TICKS_PER_US;
     312:	8d 81       	ldd	r24, Y+5	; 0x05
     314:	9e 81       	ldd	r25, Y+6	; 0x06
     316:	af 81       	ldd	r26, Y+7	; 0x07
     318:	b8 85       	ldd	r27, Y+8	; 0x08
     31a:	b6 95       	lsr	r27
     31c:	a7 95       	ror	r26
     31e:	97 95       	ror	r25
     320:	87 95       	ror	r24

    if ((pulse_us == 0UL) || (pulse_us > UINT16_MAX))
     322:	ac 01       	movw	r20, r24
     324:	bd 01       	movw	r22, r26
     326:	41 50       	subi	r20, 0x01	; 1
     328:	51 09       	sbc	r21, r1
     32a:	61 09       	sbc	r22, r1
     32c:	71 09       	sbc	r23, r1
     32e:	4f 3f       	cpi	r20, 0xFF	; 255
     330:	5f 4f       	sbci	r21, 0xFF	; 255
     332:	61 05       	cpc	r22, r1
     334:	71 05       	cpc	r23, r1
     336:	38 f4       	brcc	.+14     	; 0x346 <HCSR04_ReadEchoPulseUS+0x13a>
    {
        return 0u;
    }

    *echo_us = (uint16_t)pulse_us;
     338:	f7 01       	movw	r30, r14
     33a:	91 83       	std	Z+1, r25	; 0x01
     33c:	80 83       	st	Z, r24
    return 1u;
     33e:	11 e0       	ldi	r17, 0x01	; 1
     340:	03 c0       	rjmp	.+6      	; 0x348 <HCSR04_ReadEchoPulseUS+0x13c>
    uint32_t pulse_ticks = 0UL;
    uint32_t pulse_us;

    if (echo_us == NULL)
    {
        return 0u;
     342:	10 e0       	ldi	r17, 0x00	; 0
     344:	01 c0       	rjmp	.+2      	; 0x348 <HCSR04_ReadEchoPulseUS+0x13c>
    HCSR04_TimerStop();
    pulse_us = pulse_ticks / HCSR04_TICKS_PER_US;

    if ((pulse_us == 0UL) || (pulse_us > UINT16_MAX))
    {
        return 0u;
     346:	10 e0       	ldi	r17, 0x00	; 0
    }

    *echo_us = (uint16_t)pulse_us;
    return 1u;
}
     348:	81 2f       	mov	r24, r17
     34a:	28 96       	adiw	r28, 0x08	; 8
     34c:	0f b6       	in	r0, 0x3f	; 63
     34e:	f8 94       	cli
     350:	de bf       	out	0x3e, r29	; 62
     352:	0f be       	out	0x3f, r0	; 63
     354:	cd bf       	out	0x3d, r28	; 61
     356:	df 91       	pop	r29
     358:	cf 91       	pop	r28
     35a:	1f 91       	pop	r17
     35c:	ff 90       	pop	r15
     35e:	ef 90       	pop	r14
     360:	08 95       	ret

00000362 <I2C_Slave_Continue>:
static volatile uint8_t tx_index;

// Reactiva TWI con ACK e interrupcion para continuar la transaccion.
static void I2C_Slave_Continue(void)
{
    TWCR = (1U << TWINT) | (1U << TWEA) | (1U << TWEN) | (1U << TWIE);
     362:	85 ec       	ldi	r24, 0xC5	; 197
     364:	80 93 bc 00 	sts	0x00BC, r24	; 0x8000bc <__TEXT_REGION_LENGTH__+0x7f80bc>
     368:	08 95       	ret

0000036a <I2C_Slave_FinalizeReception>:
// Congela una trama completa o la guarda como rechazada si existe otra pendiente.
static void I2C_Slave_FinalizeReception(void)
{
    uint8_t index;

    if ((rx_index != I2C_FRAME_SIZE) || (rx_overflow != 0U))
     36a:	80 91 14 01 	lds	r24, 0x0114	; 0x800114 <rx_index>
     36e:	88 30       	cpi	r24, 0x08	; 8
     370:	c1 f5       	brne	.+112    	; 0x3e2 <I2C_Slave_FinalizeReception+0x78>
     372:	80 91 13 01 	lds	r24, 0x0113	; 0x800113 <rx_overflow>
     376:	81 11       	cpse	r24, r1
     378:	34 c0       	rjmp	.+104    	; 0x3e2 <I2C_Slave_FinalizeReception+0x78>
    {
        return;
    }

    if ((request_pending != 0U) || (request_in_progress != 0U))
     37a:	80 91 12 01 	lds	r24, 0x0112	; 0x800112 <request_pending>
     37e:	81 11       	cpse	r24, r1
     380:	04 c0       	rjmp	.+8      	; 0x38a <I2C_Slave_FinalizeReception+0x20>
     382:	80 91 11 01 	lds	r24, 0x0111	; 0x800111 <request_in_progress>
     386:	88 23       	and	r24, r24
     388:	21 f1       	breq	.+72     	; 0x3d2 <I2C_Slave_FinalizeReception+0x68>
    {
        if (rejected_pending == 0U)
     38a:	80 91 10 01 	lds	r24, 0x0110	; 0x800110 <rejected_pending>
     38e:	88 23       	and	r24, r24
     390:	69 f0       	breq	.+26     	; 0x3ac <I2C_Slave_FinalizeReception+0x42>
     392:	08 95       	ret
        {
            for (index = 0U; index < I2C_FRAME_SIZE; index++)
            {
                rejected_request[index] = rx_buffer[index];
     394:	82 2f       	mov	r24, r18
     396:	90 e0       	ldi	r25, 0x00	; 0
     398:	fc 01       	movw	r30, r24
     39a:	eb 5c       	subi	r30, 0xCB	; 203
     39c:	fe 4f       	sbci	r31, 0xFE	; 254
     39e:	30 81       	ld	r19, Z
     3a0:	fc 01       	movw	r30, r24
     3a2:	eb 5d       	subi	r30, 0xDB	; 219
     3a4:	fe 4f       	sbci	r31, 0xFE	; 254
     3a6:	30 83       	st	Z, r19

    if ((request_pending != 0U) || (request_in_progress != 0U))
    {
        if (rejected_pending == 0U)
        {
            for (index = 0U; index < I2C_FRAME_SIZE; index++)
     3a8:	2f 5f       	subi	r18, 0xFF	; 255
     3aa:	01 c0       	rjmp	.+2      	; 0x3ae <I2C_Slave_FinalizeReception+0x44>
     3ac:	20 e0       	ldi	r18, 0x00	; 0
     3ae:	28 30       	cpi	r18, 0x08	; 8
     3b0:	88 f3       	brcs	.-30     	; 0x394 <I2C_Slave_FinalizeReception+0x2a>
            {
                rejected_request[index] = rx_buffer[index];
            }
            rejected_pending = 1U;
     3b2:	81 e0       	ldi	r24, 0x01	; 1
     3b4:	80 93 10 01 	sts	0x0110, r24	; 0x800110 <rejected_pending>
     3b8:	08 95       	ret
        return;
    }

    for (index = 0U; index < I2C_FRAME_SIZE; index++)
    {
        pending_request[index] = rx_buffer[index];
     3ba:	82 2f       	mov	r24, r18
     3bc:	90 e0       	ldi	r25, 0x00	; 0
     3be:	fc 01       	movw	r30, r24
     3c0:	eb 5c       	subi	r30, 0xCB	; 203
     3c2:	fe 4f       	sbci	r31, 0xFE	; 254
     3c4:	30 81       	ld	r19, Z
     3c6:	fc 01       	movw	r30, r24
     3c8:	e3 5d       	subi	r30, 0xD3	; 211
     3ca:	fe 4f       	sbci	r31, 0xFE	; 254
     3cc:	30 83       	st	Z, r19
            rejected_pending = 1U;
        }
        return;
    }

    for (index = 0U; index < I2C_FRAME_SIZE; index++)
     3ce:	2f 5f       	subi	r18, 0xFF	; 255
     3d0:	01 c0       	rjmp	.+2      	; 0x3d4 <I2C_Slave_FinalizeReception+0x6a>
     3d2:	20 e0       	ldi	r18, 0x00	; 0
     3d4:	28 30       	cpi	r18, 0x08	; 8
     3d6:	88 f3       	brcs	.-30     	; 0x3ba <I2C_Slave_FinalizeReception+0x50>
    {
        pending_request[index] = rx_buffer[index];
    }
    request_pending = 1U;
     3d8:	81 e0       	ldi	r24, 0x01	; 1
     3da:	80 93 12 01 	sts	0x0112, r24	; 0x800112 <request_pending>
    response_ready = 0U;
     3de:	10 92 0f 01 	sts	0x010F, r1	; 0x80010f <response_ready>
     3e2:	08 95       	ret

000003e4 <I2C_Slave_Init>:
// Limpia los buffers y configura la direccion propia del Slave.
uint8_t I2C_Slave_Init(uint8_t address)
{
    uint8_t saved_sreg;

    if ((address == 0U) || (address > 0x7FU))
     3e4:	18 16       	cp	r1, r24
     3e6:	f4 f4       	brge	.+60     	; 0x424 <__EEPROM_REGION_LENGTH__+0x24>
    {
        return 0U;
    }

    saved_sreg = SREG;
     3e8:	2f b7       	in	r18, 0x3f	; 63
    cli();
     3ea:	f8 94       	cli

    rx_index = 0U;
     3ec:	10 92 14 01 	sts	0x0114, r1	; 0x800114 <rx_index>
    rx_overflow = 0U;
     3f0:	10 92 13 01 	sts	0x0113, r1	; 0x800113 <rx_overflow>
    request_pending = 0U;
     3f4:	10 92 12 01 	sts	0x0112, r1	; 0x800112 <request_pending>
    request_in_progress = 0U;
     3f8:	10 92 11 01 	sts	0x0111, r1	; 0x800111 <request_in_progress>
    rejected_pending = 0U;
     3fc:	10 92 10 01 	sts	0x0110, r1	; 0x800110 <rejected_pending>
    response_ready = 0U;
     400:	10 92 0f 01 	sts	0x010F, r1	; 0x80010f <response_ready>
    active_response_valid = 0U;
     404:	10 92 0e 01 	sts	0x010E, r1	; 0x80010e <active_response_valid>
    tx_index = 0U;
     408:	10 92 0d 01 	sts	0x010D, r1	; 0x80010d <tx_index>

    DDRC &= (uint8_t)~((1U << DDC4) | (1U << DDC5));
     40c:	97 b1       	in	r25, 0x07	; 7
     40e:	9f 7c       	andi	r25, 0xCF	; 207
     410:	97 b9       	out	0x07, r25	; 7
    TWAR = (uint8_t)(address << 1U);
     412:	88 0f       	add	r24, r24
     414:	80 93 ba 00 	sts	0x00BA, r24	; 0x8000ba <__TEXT_REGION_LENGTH__+0x7f80ba>
    TWCR = (1U << TWEA) | (1U << TWEN) | (1U << TWIE);
     418:	85 e4       	ldi	r24, 0x45	; 69
     41a:	80 93 bc 00 	sts	0x00BC, r24	; 0x8000bc <__TEXT_REGION_LENGTH__+0x7f80bc>

    SREG = saved_sreg;
     41e:	2f bf       	out	0x3f, r18	; 63
    return 1U;
     420:	81 e0       	ldi	r24, 0x01	; 1
     422:	08 95       	ret
{
    uint8_t saved_sreg;

    if ((address == 0U) || (address > 0x7FU))
    {
        return 0U;
     424:	80 e0       	ldi	r24, 0x00	; 0
    TWAR = (uint8_t)(address << 1U);
    TWCR = (1U << TWEA) | (1U << TWEN) | (1U << TWIE);

    SREG = saved_sreg;
    return 1U;
}
     426:	08 95       	ret

00000428 <I2C_Slave_RequestAvailable>:

// Indica si main puede retirar una solicitud normal o rechazada por BUSY.
uint8_t I2C_Slave_RequestAvailable(void)
{
    uint8_t saved_sreg = SREG;
     428:	9f b7       	in	r25, 0x3f	; 63
    uint8_t available;

    cli();
     42a:	f8 94       	cli
    available = request_pending;
     42c:	80 91 12 01 	lds	r24, 0x0112	; 0x800112 <request_pending>
    if ((available == 0U) && (rejected_pending != 0U) &&
     430:	81 11       	cpse	r24, r1
     432:	0d c0       	rjmp	.+26     	; 0x44e <I2C_Slave_RequestAvailable+0x26>
     434:	20 91 10 01 	lds	r18, 0x0110	; 0x800110 <rejected_pending>
     438:	22 23       	and	r18, r18
     43a:	49 f0       	breq	.+18     	; 0x44e <I2C_Slave_RequestAvailable+0x26>
        (request_in_progress == 0U) && (response_ready == 0U))
     43c:	20 91 11 01 	lds	r18, 0x0111	; 0x800111 <request_in_progress>
    uint8_t saved_sreg = SREG;
    uint8_t available;

    cli();
    available = request_pending;
    if ((available == 0U) && (rejected_pending != 0U) &&
     440:	21 11       	cpse	r18, r1
     442:	05 c0       	rjmp	.+10     	; 0x44e <I2C_Slave_RequestAvailable+0x26>
        (request_in_progress == 0U) && (response_ready == 0U))
     444:	20 91 0f 01 	lds	r18, 0x010F	; 0x80010f <response_ready>
     448:	21 11       	cpse	r18, r1
     44a:	01 c0       	rjmp	.+2      	; 0x44e <I2C_Slave_RequestAvailable+0x26>
    {
        available = 1U;
     44c:	81 e0       	ldi	r24, 0x01	; 1
    }
    SREG = saved_sreg;
     44e:	9f bf       	out	0x3f, r25	; 63

    return available;
}
     450:	08 95       	ret

00000452 <I2C_Slave_GetRequest>:

// Copia una solicitud congelada y marca que main la esta procesando.
I2CSlaveRequestState I2C_Slave_GetRequest(uint8_t frame[I2C_FRAME_SIZE])
{
     452:	ac 01       	movw	r20, r24
    I2CSlaveRequestState state = I2C_SLAVE_REQUEST_NONE;
    uint8_t saved_sreg;
    uint8_t index;

    if (frame == 0)
     454:	89 2b       	or	r24, r25
     456:	09 f4       	brne	.+2      	; 0x45a <I2C_Slave_GetRequest+0x8>
     458:	49 c0       	rjmp	.+146    	; 0x4ec <I2C_Slave_GetRequest+0x9a>
    {
        return I2C_SLAVE_REQUEST_NONE;
    }

    saved_sreg = SREG;
     45a:	6f b7       	in	r22, 0x3f	; 63
    cli();
     45c:	f8 94       	cli

    if ((request_pending != 0U) && (request_in_progress == 0U))
     45e:	80 91 12 01 	lds	r24, 0x0112	; 0x800112 <request_pending>
     462:	88 23       	and	r24, r24
     464:	d1 f0       	breq	.+52     	; 0x49a <I2C_Slave_GetRequest+0x48>
     466:	80 91 11 01 	lds	r24, 0x0111	; 0x800111 <request_in_progress>
     46a:	88 23       	and	r24, r24
     46c:	69 f0       	breq	.+26     	; 0x488 <I2C_Slave_GetRequest+0x36>
     46e:	15 c0       	rjmp	.+42     	; 0x49a <I2C_Slave_GetRequest+0x48>
    {
        for (index = 0U; index < I2C_FRAME_SIZE; index++)
        {
            frame[index] = pending_request[index];
     470:	29 2f       	mov	r18, r25
     472:	30 e0       	ldi	r19, 0x00	; 0
     474:	fa 01       	movw	r30, r20
     476:	e2 0f       	add	r30, r18
     478:	f3 1f       	adc	r31, r19
     47a:	d9 01       	movw	r26, r18
     47c:	a3 5d       	subi	r26, 0xD3	; 211
     47e:	be 4f       	sbci	r27, 0xFE	; 254
     480:	8c 91       	ld	r24, X
     482:	80 83       	st	Z, r24
    saved_sreg = SREG;
    cli();

    if ((request_pending != 0U) && (request_in_progress == 0U))
    {
        for (index = 0U; index < I2C_FRAME_SIZE; index++)
     484:	9f 5f       	subi	r25, 0xFF	; 255
     486:	01 c0       	rjmp	.+2      	; 0x48a <I2C_Slave_GetRequest+0x38>
     488:	90 e0       	ldi	r25, 0x00	; 0
     48a:	98 30       	cpi	r25, 0x08	; 8
     48c:	88 f3       	brcs	.-30     	; 0x470 <I2C_Slave_GetRequest+0x1e>
        {
            frame[index] = pending_request[index];
        }
        request_pending = 0U;
     48e:	10 92 12 01 	sts	0x0112, r1	; 0x800112 <request_pending>
        request_in_progress = 1U;
     492:	81 e0       	ldi	r24, 0x01	; 1
     494:	80 93 11 01 	sts	0x0111, r24	; 0x800111 <request_in_progress>
        state = I2C_SLAVE_REQUEST_READY;
     498:	27 c0       	rjmp	.+78     	; 0x4e8 <I2C_Slave_GetRequest+0x96>
    }
    else if ((rejected_pending != 0U) && (request_in_progress == 0U) &&
     49a:	80 91 10 01 	lds	r24, 0x0110	; 0x800110 <rejected_pending>
     49e:	88 23       	and	r24, r24
     4a0:	01 f1       	breq	.+64     	; 0x4e2 <I2C_Slave_GetRequest+0x90>
     4a2:	80 91 11 01 	lds	r24, 0x0111	; 0x800111 <request_in_progress>
     4a6:	81 11       	cpse	r24, r1
     4a8:	1e c0       	rjmp	.+60     	; 0x4e6 <I2C_Slave_GetRequest+0x94>
             (response_ready == 0U))
     4aa:	80 91 0f 01 	lds	r24, 0x010F	; 0x80010f <response_ready>
        }
        request_pending = 0U;
        request_in_progress = 1U;
        state = I2C_SLAVE_REQUEST_READY;
    }
    else if ((rejected_pending != 0U) && (request_in_progress == 0U) &&
     4ae:	88 23       	and	r24, r24
     4b0:	71 f0       	breq	.+28     	; 0x4ce <I2C_Slave_GetRequest+0x7c>
}

// Copia una solicitud congelada y marca que main la esta procesando.
I2CSlaveRequestState I2C_Slave_GetRequest(uint8_t frame[I2C_FRAME_SIZE])
{
    I2CSlaveRequestState state = I2C_SLAVE_REQUEST_NONE;
     4b2:	80 e0       	ldi	r24, 0x00	; 0
     4b4:	19 c0       	rjmp	.+50     	; 0x4e8 <I2C_Slave_GetRequest+0x96>
    else if ((rejected_pending != 0U) && (request_in_progress == 0U) &&
             (response_ready == 0U))
    {
        for (index = 0U; index < I2C_FRAME_SIZE; index++)
        {
            frame[index] = rejected_request[index];
     4b6:	82 2f       	mov	r24, r18
     4b8:	90 e0       	ldi	r25, 0x00	; 0
     4ba:	fa 01       	movw	r30, r20
     4bc:	e8 0f       	add	r30, r24
     4be:	f9 1f       	adc	r31, r25
     4c0:	dc 01       	movw	r26, r24
     4c2:	ab 5d       	subi	r26, 0xDB	; 219
     4c4:	be 4f       	sbci	r27, 0xFE	; 254
     4c6:	8c 91       	ld	r24, X
     4c8:	80 83       	st	Z, r24
        state = I2C_SLAVE_REQUEST_READY;
    }
    else if ((rejected_pending != 0U) && (request_in_progress == 0U) &&
             (response_ready == 0U))
    {
        for (index = 0U; index < I2C_FRAME_SIZE; index++)
     4ca:	2f 5f       	subi	r18, 0xFF	; 255
     4cc:	01 c0       	rjmp	.+2      	; 0x4d0 <I2C_Slave_GetRequest+0x7e>
     4ce:	20 e0       	ldi	r18, 0x00	; 0
     4d0:	28 30       	cpi	r18, 0x08	; 8
     4d2:	88 f3       	brcs	.-30     	; 0x4b6 <I2C_Slave_GetRequest+0x64>
        {
            frame[index] = rejected_request[index];
        }
        rejected_pending = 0U;
     4d4:	10 92 10 01 	sts	0x0110, r1	; 0x800110 <rejected_pending>
        request_in_progress = 1U;
     4d8:	81 e0       	ldi	r24, 0x01	; 1
     4da:	80 93 11 01 	sts	0x0111, r24	; 0x800111 <request_in_progress>
        state = I2C_SLAVE_REQUEST_REJECTED_BUSY;
     4de:	82 e0       	ldi	r24, 0x02	; 2
     4e0:	03 c0       	rjmp	.+6      	; 0x4e8 <I2C_Slave_GetRequest+0x96>
}

// Copia una solicitud congelada y marca que main la esta procesando.
I2CSlaveRequestState I2C_Slave_GetRequest(uint8_t frame[I2C_FRAME_SIZE])
{
    I2CSlaveRequestState state = I2C_SLAVE_REQUEST_NONE;
     4e2:	80 e0       	ldi	r24, 0x00	; 0
     4e4:	01 c0       	rjmp	.+2      	; 0x4e8 <I2C_Slave_GetRequest+0x96>
     4e6:	80 e0       	ldi	r24, 0x00	; 0
        rejected_pending = 0U;
        request_in_progress = 1U;
        state = I2C_SLAVE_REQUEST_REJECTED_BUSY;
    }

    SREG = saved_sreg;
     4e8:	6f bf       	out	0x3f, r22	; 63
    return state;
     4ea:	08 95       	ret
    uint8_t saved_sreg;
    uint8_t index;

    if (frame == 0)
    {
        return I2C_SLAVE_REQUEST_NONE;
     4ec:	80 e0       	ldi	r24, 0x00	; 0
        state = I2C_SLAVE_REQUEST_REJECTED_BUSY;
    }

    SREG = saved_sreg;
    return state;
}
     4ee:	08 95       	ret

000004f0 <I2C_Slave_SetResponse>:

// Publica una respuesta completa sin modificar la copia actualmente transmitida.
uint8_t I2C_Slave_SetResponse(const uint8_t frame[I2C_FRAME_SIZE])
{
     4f0:	bc 01       	movw	r22, r24
    uint8_t saved_sreg;
    uint8_t index;

    if (frame == 0)
     4f2:	89 2b       	or	r24, r25
     4f4:	21 f1       	breq	.+72     	; 0x53e <I2C_Slave_SetResponse+0x4e>
    {
        return 0U;
    }

    saved_sreg = SREG;
     4f6:	8f b7       	in	r24, 0x3f	; 63
    cli();
     4f8:	f8 94       	cli

    if ((request_in_progress == 0U) || (response_ready != 0U))
     4fa:	90 91 11 01 	lds	r25, 0x0111	; 0x800111 <request_in_progress>
     4fe:	99 23       	and	r25, r25
     500:	21 f0       	breq	.+8      	; 0x50a <I2C_Slave_SetResponse+0x1a>
     502:	90 91 0f 01 	lds	r25, 0x010F	; 0x80010f <response_ready>
     506:	99 23       	and	r25, r25
     508:	79 f0       	breq	.+30     	; 0x528 <I2C_Slave_SetResponse+0x38>
    {
        SREG = saved_sreg;
     50a:	8f bf       	out	0x3f, r24	; 63
        return 0U;
     50c:	80 e0       	ldi	r24, 0x00	; 0
     50e:	08 95       	ret
    }

    for (index = 0U; index < I2C_FRAME_SIZE; index++)
    {
        staged_response[index] = frame[index];
     510:	29 2f       	mov	r18, r25
     512:	30 e0       	ldi	r19, 0x00	; 0
     514:	fb 01       	movw	r30, r22
     516:	e2 0f       	add	r30, r18
     518:	f3 1f       	adc	r31, r19
     51a:	40 81       	ld	r20, Z
     51c:	f9 01       	movw	r30, r18
     51e:	e3 5e       	subi	r30, 0xE3	; 227
     520:	fe 4f       	sbci	r31, 0xFE	; 254
     522:	40 83       	st	Z, r20
    {
        SREG = saved_sreg;
        return 0U;
    }

    for (index = 0U; index < I2C_FRAME_SIZE; index++)
     524:	9f 5f       	subi	r25, 0xFF	; 255
     526:	01 c0       	rjmp	.+2      	; 0x52a <I2C_Slave_SetResponse+0x3a>
     528:	90 e0       	ldi	r25, 0x00	; 0
     52a:	98 30       	cpi	r25, 0x08	; 8
     52c:	88 f3       	brcs	.-30     	; 0x510 <I2C_Slave_SetResponse+0x20>
    {
        staged_response[index] = frame[index];
    }
    response_ready = 1U;
     52e:	91 e0       	ldi	r25, 0x01	; 1
     530:	90 93 0f 01 	sts	0x010F, r25	; 0x80010f <response_ready>
    request_in_progress = 0U;
     534:	10 92 11 01 	sts	0x0111, r1	; 0x800111 <request_in_progress>

    SREG = saved_sreg;
     538:	8f bf       	out	0x3f, r24	; 63
    return 1U;
     53a:	81 e0       	ldi	r24, 0x01	; 1
     53c:	08 95       	ret
    uint8_t saved_sreg;
    uint8_t index;

    if (frame == 0)
    {
        return 0U;
     53e:	80 e0       	ldi	r24, 0x00	; 0
    response_ready = 1U;
    request_in_progress = 0U;

    SREG = saved_sreg;
    return 1U;
}
     540:	08 95       	ret

00000542 <__vector_24>:
/****************************************/
// Interrupt routines

// Recibe solicitudes y transmite una copia congelada segun el estado TWI.
ISR(TWI_vect)
{
     542:	1f 92       	push	r1
     544:	0f 92       	push	r0
     546:	0f b6       	in	r0, 0x3f	; 63
     548:	0f 92       	push	r0
     54a:	11 24       	eor	r1, r1
     54c:	2f 93       	push	r18
     54e:	3f 93       	push	r19
     550:	4f 93       	push	r20
     552:	5f 93       	push	r21
     554:	6f 93       	push	r22
     556:	7f 93       	push	r23
     558:	8f 93       	push	r24
     55a:	9f 93       	push	r25
     55c:	af 93       	push	r26
     55e:	bf 93       	push	r27
     560:	ef 93       	push	r30
     562:	ff 93       	push	r31
    uint8_t status = (uint8_t)(TWSR & 0xF8U);
     564:	80 91 b9 00 	lds	r24, 0x00B9	; 0x8000b9 <__TEXT_REGION_LENGTH__+0x7f80b9>
     568:	88 7f       	andi	r24, 0xF8	; 248
    uint8_t index;

    switch (status)
     56a:	80 3a       	cpi	r24, 0xA0	; 160
     56c:	09 f4       	brne	.+2      	; 0x570 <__vector_24+0x2e>
     56e:	49 c0       	rjmp	.+146    	; 0x602 <__vector_24+0xc0>
     570:	68 f4       	brcc	.+26     	; 0x58c <__vector_24+0x4a>
     572:	88 36       	cpi	r24, 0x68	; 104
     574:	39 f1       	breq	.+78     	; 0x5c4 <__vector_24+0x82>
     576:	28 f4       	brcc	.+10     	; 0x582 <__vector_24+0x40>
     578:	88 23       	and	r24, r24
     57a:	c1 f0       	breq	.+48     	; 0x5ac <__vector_24+0x6a>
     57c:	80 36       	cpi	r24, 0x60	; 96
     57e:	11 f1       	breq	.+68     	; 0x5c4 <__vector_24+0x82>
     580:	94 c0       	rjmp	.+296    	; 0x6aa <__vector_24+0x168>
     582:	80 38       	cpi	r24, 0x80	; 128
     584:	31 f1       	breq	.+76     	; 0x5d2 <__vector_24+0x90>
     586:	88 38       	cpi	r24, 0x88	; 136
     588:	21 f1       	breq	.+72     	; 0x5d2 <__vector_24+0x90>
     58a:	8f c0       	rjmp	.+286    	; 0x6aa <__vector_24+0x168>
     58c:	88 3b       	cpi	r24, 0xB8	; 184
     58e:	09 f4       	brne	.+2      	; 0x592 <__vector_24+0x50>
     590:	64 c0       	rjmp	.+200    	; 0x65a <__vector_24+0x118>
     592:	28 f4       	brcc	.+10     	; 0x59e <__vector_24+0x5c>
     594:	88 3a       	cpi	r24, 0xA8	; 168
     596:	f1 f1       	breq	.+124    	; 0x614 <__vector_24+0xd2>
     598:	80 3b       	cpi	r24, 0xB0	; 176
     59a:	e1 f1       	breq	.+120    	; 0x614 <__vector_24+0xd2>
     59c:	86 c0       	rjmp	.+268    	; 0x6aa <__vector_24+0x168>
     59e:	80 3c       	cpi	r24, 0xC0	; 192
     5a0:	09 f4       	brne	.+2      	; 0x5a4 <__vector_24+0x62>
     5a2:	72 c0       	rjmp	.+228    	; 0x688 <__vector_24+0x146>
     5a4:	88 3c       	cpi	r24, 0xC8	; 200
     5a6:	09 f4       	brne	.+2      	; 0x5aa <__vector_24+0x68>
     5a8:	6f c0       	rjmp	.+222    	; 0x688 <__vector_24+0x146>
     5aa:	7f c0       	rjmp	.+254    	; 0x6aa <__vector_24+0x168>
    {
        case 0x00U:
            rx_index = 0U;
     5ac:	10 92 14 01 	sts	0x0114, r1	; 0x800114 <rx_index>
            rx_overflow = 0U;
     5b0:	10 92 13 01 	sts	0x0113, r1	; 0x800113 <rx_overflow>
            active_response_valid = 0U;
     5b4:	10 92 0e 01 	sts	0x010E, r1	; 0x80010e <active_response_valid>
            tx_index = 0U;
     5b8:	10 92 0d 01 	sts	0x010D, r1	; 0x80010d <tx_index>
            TWCR = (1U << TWINT) | (1U << TWSTO) | (1U << TWEA) |
     5bc:	85 ed       	ldi	r24, 0xD5	; 213
     5be:	80 93 bc 00 	sts	0x00BC, r24	; 0x8000bc <__TEXT_REGION_LENGTH__+0x7f80bc>
                   (1U << TWEN) | (1U << TWIE);
            break;
     5c2:	7d c0       	rjmp	.+250    	; 0x6be <__vector_24+0x17c>

        case 0x60U:
        case 0x68U:
            rx_index = 0U;
     5c4:	10 92 14 01 	sts	0x0114, r1	; 0x800114 <rx_index>
            rx_overflow = 0U;
     5c8:	10 92 13 01 	sts	0x0113, r1	; 0x800113 <rx_overflow>
            I2C_Slave_Continue();
     5cc:	0e 94 b1 01 	call	0x362	; 0x362 <I2C_Slave_Continue>
            break;
     5d0:	76 c0       	rjmp	.+236    	; 0x6be <__vector_24+0x17c>

        case 0x80U:
        case 0x88U:
            if (rx_index < I2C_FRAME_SIZE)
     5d2:	80 91 14 01 	lds	r24, 0x0114	; 0x800114 <rx_index>
     5d6:	88 30       	cpi	r24, 0x08	; 8
     5d8:	70 f4       	brcc	.+28     	; 0x5f6 <__vector_24+0xb4>
            {
                rx_buffer[rx_index] = TWDR;
     5da:	e0 91 14 01 	lds	r30, 0x0114	; 0x800114 <rx_index>
     5de:	f0 e0       	ldi	r31, 0x00	; 0
     5e0:	80 91 bb 00 	lds	r24, 0x00BB	; 0x8000bb <__TEXT_REGION_LENGTH__+0x7f80bb>
     5e4:	eb 5c       	subi	r30, 0xCB	; 203
     5e6:	fe 4f       	sbci	r31, 0xFE	; 254
     5e8:	80 83       	st	Z, r24
                rx_index++;
     5ea:	80 91 14 01 	lds	r24, 0x0114	; 0x800114 <rx_index>
     5ee:	8f 5f       	subi	r24, 0xFF	; 255
     5f0:	80 93 14 01 	sts	0x0114, r24	; 0x800114 <rx_index>
     5f4:	03 c0       	rjmp	.+6      	; 0x5fc <__vector_24+0xba>
            }
            else
            {
                rx_overflow = 1U;
     5f6:	81 e0       	ldi	r24, 0x01	; 1
     5f8:	80 93 13 01 	sts	0x0113, r24	; 0x800113 <rx_overflow>
            }
            I2C_Slave_Continue();
     5fc:	0e 94 b1 01 	call	0x362	; 0x362 <I2C_Slave_Continue>
            break;
     600:	5e c0       	rjmp	.+188    	; 0x6be <__vector_24+0x17c>

        case 0xA0U:
            I2C_Slave_FinalizeReception();
     602:	0e 94 b5 01 	call	0x36a	; 0x36a <I2C_Slave_FinalizeReception>
            rx_index = 0U;
     606:	10 92 14 01 	sts	0x0114, r1	; 0x800114 <rx_index>
            rx_overflow = 0U;
     60a:	10 92 13 01 	sts	0x0113, r1	; 0x800113 <rx_overflow>
            I2C_Slave_Continue();
     60e:	0e 94 b1 01 	call	0x362	; 0x362 <I2C_Slave_Continue>
            break;
     612:	55 c0       	rjmp	.+170    	; 0x6be <__vector_24+0x17c>

        case 0xA8U:
        case 0xB0U:
            active_response_valid = response_ready;
     614:	80 91 0f 01 	lds	r24, 0x010F	; 0x80010f <response_ready>
     618:	80 93 0e 01 	sts	0x010E, r24	; 0x80010e <active_response_valid>
            for (index = 0U; index < I2C_FRAME_SIZE; index++)
     61c:	20 e0       	ldi	r18, 0x00	; 0
     61e:	11 c0       	rjmp	.+34     	; 0x642 <__vector_24+0x100>
            {
                active_response[index] = (active_response_valid != 0U) ?
     620:	82 2f       	mov	r24, r18
     622:	90 e0       	ldi	r25, 0x00	; 0
     624:	30 91 0e 01 	lds	r19, 0x010E	; 0x80010e <active_response_valid>
     628:	33 23       	and	r19, r19
     62a:	29 f0       	breq	.+10     	; 0x636 <__vector_24+0xf4>
     62c:	fc 01       	movw	r30, r24
     62e:	e3 5e       	subi	r30, 0xE3	; 227
     630:	fe 4f       	sbci	r31, 0xFE	; 254
     632:	30 81       	ld	r19, Z
     634:	01 c0       	rjmp	.+2      	; 0x638 <__vector_24+0xf6>
     636:	30 e0       	ldi	r19, 0x00	; 0
     638:	fc 01       	movw	r30, r24
     63a:	eb 5e       	subi	r30, 0xEB	; 235
     63c:	fe 4f       	sbci	r31, 0xFE	; 254
     63e:	30 83       	st	Z, r19
            break;

        case 0xA8U:
        case 0xB0U:
            active_response_valid = response_ready;
            for (index = 0U; index < I2C_FRAME_SIZE; index++)
     640:	2f 5f       	subi	r18, 0xFF	; 255
     642:	28 30       	cpi	r18, 0x08	; 8
     644:	68 f3       	brcs	.-38     	; 0x620 <__vector_24+0xde>
            {
                active_response[index] = (active_response_valid != 0U) ?
                                         staged_response[index] : 0U;
            }
            tx_index = 1U;
     646:	81 e0       	ldi	r24, 0x01	; 1
     648:	80 93 0d 01 	sts	0x010D, r24	; 0x80010d <tx_index>
            TWDR = active_response[0];
     64c:	80 91 15 01 	lds	r24, 0x0115	; 0x800115 <active_response>
     650:	80 93 bb 00 	sts	0x00BB, r24	; 0x8000bb <__TEXT_REGION_LENGTH__+0x7f80bb>
            I2C_Slave_Continue();
     654:	0e 94 b1 01 	call	0x362	; 0x362 <I2C_Slave_Continue>
            break;
     658:	32 c0       	rjmp	.+100    	; 0x6be <__vector_24+0x17c>

        case 0xB8U:
            if (tx_index < I2C_FRAME_SIZE)
     65a:	80 91 0d 01 	lds	r24, 0x010D	; 0x80010d <tx_index>
     65e:	88 30       	cpi	r24, 0x08	; 8
     660:	70 f4       	brcc	.+28     	; 0x67e <__vector_24+0x13c>
            {
                TWDR = active_response[tx_index];
     662:	e0 91 0d 01 	lds	r30, 0x010D	; 0x80010d <tx_index>
     666:	f0 e0       	ldi	r31, 0x00	; 0
     668:	eb 5e       	subi	r30, 0xEB	; 235
     66a:	fe 4f       	sbci	r31, 0xFE	; 254
     66c:	80 81       	ld	r24, Z
     66e:	80 93 bb 00 	sts	0x00BB, r24	; 0x8000bb <__TEXT_REGION_LENGTH__+0x7f80bb>
                tx_index++;
     672:	80 91 0d 01 	lds	r24, 0x010D	; 0x80010d <tx_index>
     676:	8f 5f       	subi	r24, 0xFF	; 255
     678:	80 93 0d 01 	sts	0x010D, r24	; 0x80010d <tx_index>
     67c:	02 c0       	rjmp	.+4      	; 0x682 <__vector_24+0x140>
            }
            else
            {
                TWDR = 0U;
     67e:	10 92 bb 00 	sts	0x00BB, r1	; 0x8000bb <__TEXT_REGION_LENGTH__+0x7f80bb>
            }
            I2C_Slave_Continue();
     682:	0e 94 b1 01 	call	0x362	; 0x362 <I2C_Slave_Continue>
            break;
     686:	1b c0       	rjmp	.+54     	; 0x6be <__vector_24+0x17c>

        case 0xC0U:
        case 0xC8U:
            if ((active_response_valid != 0U) &&
     688:	80 91 0e 01 	lds	r24, 0x010E	; 0x80010e <active_response_valid>
     68c:	88 23       	and	r24, r24
     68e:	31 f0       	breq	.+12     	; 0x69c <__vector_24+0x15a>
                (tx_index >= I2C_FRAME_SIZE))
     690:	80 91 0d 01 	lds	r24, 0x010D	; 0x80010d <tx_index>
            I2C_Slave_Continue();
            break;

        case 0xC0U:
        case 0xC8U:
            if ((active_response_valid != 0U) &&
     694:	88 30       	cpi	r24, 0x08	; 8
     696:	10 f0       	brcs	.+4      	; 0x69c <__vector_24+0x15a>
                (tx_index >= I2C_FRAME_SIZE))
            {
                response_ready = 0U;
     698:	10 92 0f 01 	sts	0x010F, r1	; 0x80010f <response_ready>
            }
            active_response_valid = 0U;
     69c:	10 92 0e 01 	sts	0x010E, r1	; 0x80010e <active_response_valid>
            tx_index = 0U;
     6a0:	10 92 0d 01 	sts	0x010D, r1	; 0x80010d <tx_index>
            I2C_Slave_Continue();
     6a4:	0e 94 b1 01 	call	0x362	; 0x362 <I2C_Slave_Continue>
            break;
     6a8:	0a c0       	rjmp	.+20     	; 0x6be <__vector_24+0x17c>

        default:
            rx_index = 0U;
     6aa:	10 92 14 01 	sts	0x0114, r1	; 0x800114 <rx_index>
            rx_overflow = 0U;
     6ae:	10 92 13 01 	sts	0x0113, r1	; 0x800113 <rx_overflow>
            active_response_valid = 0U;
     6b2:	10 92 0e 01 	sts	0x010E, r1	; 0x80010e <active_response_valid>
            tx_index = 0U;
     6b6:	10 92 0d 01 	sts	0x010D, r1	; 0x80010d <tx_index>
            I2C_Slave_Continue();
     6ba:	0e 94 b1 01 	call	0x362	; 0x362 <I2C_Slave_Continue>
            break;
    }
}
     6be:	ff 91       	pop	r31
     6c0:	ef 91       	pop	r30
     6c2:	bf 91       	pop	r27
     6c4:	af 91       	pop	r26
     6c6:	9f 91       	pop	r25
     6c8:	8f 91       	pop	r24
     6ca:	7f 91       	pop	r23
     6cc:	6f 91       	pop	r22
     6ce:	5f 91       	pop	r21
     6d0:	4f 91       	pop	r20
     6d2:	3f 91       	pop	r19
     6d4:	2f 91       	pop	r18
     6d6:	0f 90       	pop	r0
     6d8:	0f be       	out	0x3f, r0	; 63
     6da:	0f 90       	pop	r0
     6dc:	1f 90       	pop	r1
     6de:	18 95       	reti

000006e0 <L298N_PinIsRepeated>:
static uint8_t L298N_PinIsRepeated(volatile uint8_t *first_ddr,
                                  uint8_t first_pin,
                                  volatile uint8_t *second_ddr,
                                  uint8_t second_pin)
{
    return (uint8_t)((first_ddr == second_ddr) &&
     6e0:	48 17       	cp	r20, r24
     6e2:	59 07       	cpc	r21, r25
     6e4:	21 f4       	brne	.+8      	; 0x6ee <L298N_PinIsRepeated+0xe>
     6e6:	62 17       	cp	r22, r18
     6e8:	21 f0       	breq	.+8      	; 0x6f2 <L298N_PinIsRepeated+0x12>
     6ea:	80 e0       	ldi	r24, 0x00	; 0
     6ec:	08 95       	ret
     6ee:	80 e0       	ldi	r24, 0x00	; 0
     6f0:	08 95       	ret
     6f2:	81 e0       	ldi	r24, 0x01	; 1
                     (first_pin == second_pin));
}
     6f4:	08 95       	ret

000006f6 <L298N_DisablePWM>:

// Detiene Timer0 y fuerza ENA a nivel bajo.
static void L298N_DisablePWM(void)
{
    TCCR0B = 0U;
     6f6:	15 bc       	out	0x25, r1	; 37
    TIMSK0 &= (uint8_t)~((1U << TOIE0) | (1U << OCIE0A));
     6f8:	ee e6       	ldi	r30, 0x6E	; 110
     6fa:	f0 e0       	ldi	r31, 0x00	; 0
     6fc:	80 81       	ld	r24, Z
     6fe:	8c 7f       	andi	r24, 0xFC	; 252
     700:	80 83       	st	Z, r24
    *l298n_enable_port &= (uint8_t)~l298n_enable_mask;
     702:	e0 91 46 01 	lds	r30, 0x0146	; 0x800146 <l298n_enable_port>
     706:	f0 91 47 01 	lds	r31, 0x0147	; 0x800147 <l298n_enable_port+0x1>
     70a:	90 81       	ld	r25, Z
     70c:	80 91 41 01 	lds	r24, 0x0141	; 0x800141 <l298n_enable_mask>
     710:	80 95       	com	r24
     712:	89 23       	and	r24, r25
     714:	80 83       	st	Z, r24
     716:	08 95       	ret

00000718 <L298N_ApplyPWM>:
}

// Aplica nivel fijo para 0/255 o PWM de 976 Hz para valores intermedios.
static void L298N_ApplyPWM(uint8_t pwm)
{
     718:	cf 93       	push	r28
     71a:	c8 2f       	mov	r28, r24
    L298N_DisablePWM();
     71c:	0e 94 7b 03 	call	0x6f6	; 0x6f6 <L298N_DisablePWM>
    TCCR0A = 0U;
     720:	14 bc       	out	0x24, r1	; 36
    TCNT0 = 0U;
     722:	16 bc       	out	0x26, r1	; 38
    OCR0A = pwm;
     724:	c7 bd       	out	0x27, r28	; 39
    TIFR0 = (1U << TOV0) | (1U << OCF0A);
     726:	83 e0       	ldi	r24, 0x03	; 3
     728:	85 bb       	out	0x15, r24	; 21

    if (pwm == 0U)
     72a:	cc 23       	and	r28, r28
     72c:	e1 f0       	breq	.+56     	; 0x766 <L298N_ApplyPWM+0x4e>
    {
        return;
    }

    if (pwm == 255U)
     72e:	cf 3f       	cpi	r28, 0xFF	; 255
     730:	51 f4       	brne	.+20     	; 0x746 <L298N_ApplyPWM+0x2e>
    {
        *l298n_enable_port |= l298n_enable_mask;
     732:	e0 91 46 01 	lds	r30, 0x0146	; 0x800146 <l298n_enable_port>
     736:	f0 91 47 01 	lds	r31, 0x0147	; 0x800147 <l298n_enable_port+0x1>
     73a:	90 81       	ld	r25, Z
     73c:	80 91 41 01 	lds	r24, 0x0141	; 0x800141 <l298n_enable_mask>
     740:	89 2b       	or	r24, r25
     742:	80 83       	st	Z, r24
        return;
     744:	10 c0       	rjmp	.+32     	; 0x766 <L298N_ApplyPWM+0x4e>
    }

    *l298n_enable_port |= l298n_enable_mask;
     746:	e0 91 46 01 	lds	r30, 0x0146	; 0x800146 <l298n_enable_port>
     74a:	f0 91 47 01 	lds	r31, 0x0147	; 0x800147 <l298n_enable_port+0x1>
     74e:	90 81       	ld	r25, Z
     750:	80 91 41 01 	lds	r24, 0x0141	; 0x800141 <l298n_enable_mask>
     754:	89 2b       	or	r24, r25
     756:	80 83       	st	Z, r24
    TIMSK0 |= (1U << TOIE0) | (1U << OCIE0A);
     758:	ee e6       	ldi	r30, 0x6E	; 110
     75a:	f0 e0       	ldi	r31, 0x00	; 0
     75c:	80 81       	ld	r24, Z
     75e:	83 60       	ori	r24, 0x03	; 3
     760:	80 83       	st	Z, r24
    TCCR0B = L298N_PWM_TIMER_PRESCALER_BITS;
     762:	83 e0       	ldi	r24, 0x03	; 3
     764:	85 bd       	out	0x25, r24	; 37
}
     766:	cf 91       	pop	r28
     768:	08 95       	ret

0000076a <L298N_ApplyDirection>:

// Cambia IN1 e IN2 segun el sentido de giro solicitado.
static void L298N_ApplyDirection(L298NDirection direction)
{
    if (direction == L298N_DIRECTION_FORWARD)
     76a:	81 30       	cpi	r24, 0x01	; 1
     76c:	a1 f4       	brne	.+40     	; 0x796 <L298N_ApplyDirection+0x2c>
    {
        *l298n_in1_port |= l298n_in1_mask;
     76e:	e0 91 44 01 	lds	r30, 0x0144	; 0x800144 <l298n_in1_port>
     772:	f0 91 45 01 	lds	r31, 0x0145	; 0x800145 <l298n_in1_port+0x1>
     776:	90 81       	ld	r25, Z
     778:	80 91 40 01 	lds	r24, 0x0140	; 0x800140 <l298n_in1_mask>
     77c:	89 2b       	or	r24, r25
     77e:	80 83       	st	Z, r24
        *l298n_in2_port &= (uint8_t)~l298n_in2_mask;
     780:	e0 91 42 01 	lds	r30, 0x0142	; 0x800142 <l298n_in2_port>
     784:	f0 91 43 01 	lds	r31, 0x0143	; 0x800143 <l298n_in2_port+0x1>
     788:	90 81       	ld	r25, Z
     78a:	80 91 3f 01 	lds	r24, 0x013F	; 0x80013f <l298n_in2_mask>
     78e:	80 95       	com	r24
     790:	89 23       	and	r24, r25
     792:	80 83       	st	Z, r24
     794:	08 95       	ret
    }
    else
    {
        *l298n_in1_port &= (uint8_t)~l298n_in1_mask;
     796:	e0 91 44 01 	lds	r30, 0x0144	; 0x800144 <l298n_in1_port>
     79a:	f0 91 45 01 	lds	r31, 0x0145	; 0x800145 <l298n_in1_port+0x1>
     79e:	90 81       	ld	r25, Z
     7a0:	80 91 40 01 	lds	r24, 0x0140	; 0x800140 <l298n_in1_mask>
     7a4:	80 95       	com	r24
     7a6:	89 23       	and	r24, r25
     7a8:	80 83       	st	Z, r24
        *l298n_in2_port |= l298n_in2_mask;
     7aa:	e0 91 42 01 	lds	r30, 0x0142	; 0x800142 <l298n_in2_port>
     7ae:	f0 91 43 01 	lds	r31, 0x0143	; 0x800143 <l298n_in2_port+0x1>
     7b2:	90 81       	ld	r25, Z
     7b4:	80 91 3f 01 	lds	r24, 0x013F	; 0x80013f <l298n_in2_mask>
     7b8:	89 2b       	or	r24, r25
     7ba:	80 83       	st	Z, r24
     7bc:	08 95       	ret

000007be <L298N_Init>:
                   volatile uint8_t *in1_port,
                   uint8_t in1_pin,
                   volatile uint8_t *in2_ddr,
                   volatile uint8_t *in2_port,
                   uint8_t in2_pin)
{
     7be:	2f 92       	push	r2
     7c0:	3f 92       	push	r3
     7c2:	4f 92       	push	r4
     7c4:	5f 92       	push	r5
     7c6:	6f 92       	push	r6
     7c8:	7f 92       	push	r7
     7ca:	8f 92       	push	r8
     7cc:	9f 92       	push	r9
     7ce:	af 92       	push	r10
     7d0:	bf 92       	push	r11
     7d2:	cf 92       	push	r12
     7d4:	df 92       	push	r13
     7d6:	ef 92       	push	r14
     7d8:	ff 92       	push	r15
     7da:	0f 93       	push	r16
     7dc:	1f 93       	push	r17
     7de:	cf 93       	push	r28
     7e0:	df 93       	push	r29
     7e2:	1f 92       	push	r1
     7e4:	cd b7       	in	r28, 0x3d	; 61
     7e6:	de b7       	in	r29, 0x3e	; 62
    if ((enable_ddr == NULL) || (enable_port == NULL) ||
     7e8:	00 97       	sbiw	r24, 0x00	; 0
     7ea:	09 f4       	brne	.+2      	; 0x7ee <L298N_Init+0x30>
     7ec:	9c c0       	rjmp	.+312    	; 0x926 <__stack+0x27>
     7ee:	61 15       	cp	r22, r1
     7f0:	71 05       	cpc	r23, r1
     7f2:	09 f4       	brne	.+2      	; 0x7f6 <L298N_Init+0x38>
     7f4:	9a c0       	rjmp	.+308    	; 0x92a <__stack+0x2b>
     7f6:	21 15       	cp	r18, r1
     7f8:	31 05       	cpc	r19, r1
     7fa:	09 f4       	brne	.+2      	; 0x7fe <L298N_Init+0x40>
     7fc:	98 c0       	rjmp	.+304    	; 0x92e <__stack+0x2f>
        (in1_ddr == NULL) || (in1_port == NULL) ||
     7fe:	01 15       	cp	r16, r1
     800:	11 05       	cpc	r17, r1
     802:	09 f4       	brne	.+2      	; 0x806 <__DATA_REGION_LENGTH__+0x6>
     804:	96 c0       	rjmp	.+300    	; 0x932 <__stack+0x33>
     806:	c1 14       	cp	r12, r1
     808:	d1 04       	cpc	r13, r1
     80a:	09 f4       	brne	.+2      	; 0x80e <__DATA_REGION_LENGTH__+0xe>
     80c:	94 c0       	rjmp	.+296    	; 0x936 <__stack+0x37>
        (in2_ddr == NULL) || (in2_port == NULL) ||
     80e:	a1 14       	cp	r10, r1
     810:	b1 04       	cpc	r11, r1
     812:	09 f4       	brne	.+2      	; 0x816 <__DATA_REGION_LENGTH__+0x16>
     814:	92 c0       	rjmp	.+292    	; 0x93a <__stack+0x3b>
     816:	48 30       	cpi	r20, 0x08	; 8
     818:	08 f0       	brcs	.+2      	; 0x81c <__DATA_REGION_LENGTH__+0x1c>
     81a:	91 c0       	rjmp	.+290    	; 0x93e <__stack+0x3f>
        (enable_pin > 7U) || (in1_pin > 7U) || (in2_pin > 7U))
     81c:	57 e0       	ldi	r21, 0x07	; 7
     81e:	5e 15       	cp	r21, r14
     820:	08 f4       	brcc	.+2      	; 0x824 <__DATA_REGION_LENGTH__+0x24>
     822:	8f c0       	rjmp	.+286    	; 0x942 <__stack+0x43>
     824:	58 15       	cp	r21, r8
     826:	08 f4       	brcc	.+2      	; 0x82a <__DATA_REGION_LENGTH__+0x2a>
     828:	8e c0       	rjmp	.+284    	; 0x946 <__stack+0x47>
     82a:	89 82       	std	Y+1, r8	; 0x01
     82c:	26 01       	movw	r4, r12
     82e:	49 01       	movw	r8, r18
     830:	34 2e       	mov	r3, r20
     832:	3b 01       	movw	r6, r22
     834:	6c 01       	movw	r12, r24
    {
        return 0U;
    }

    if ((L298N_PinIsRepeated(enable_ddr, enable_pin,
     836:	2e 2d       	mov	r18, r14
     838:	a4 01       	movw	r20, r8
     83a:	63 2d       	mov	r22, r3
     83c:	0e 94 70 03 	call	0x6e0	; 0x6e0 <L298N_PinIsRepeated>
     840:	28 2e       	mov	r2, r24
     842:	81 11       	cpse	r24, r1
     844:	82 c0       	rjmp	.+260    	; 0x94a <__stack+0x4b>
                             in1_ddr, in1_pin) != 0U) ||
        (L298N_PinIsRepeated(enable_ddr, enable_pin,
     846:	29 81       	ldd	r18, Y+1	; 0x01
     848:	a2 01       	movw	r20, r4
     84a:	63 2d       	mov	r22, r3
     84c:	c6 01       	movw	r24, r12
     84e:	0e 94 70 03 	call	0x6e0	; 0x6e0 <L298N_PinIsRepeated>
     852:	f8 2e       	mov	r15, r24
    {
        return 0U;
    }

    if ((L298N_PinIsRepeated(enable_ddr, enable_pin,
                             in1_ddr, in1_pin) != 0U) ||
     854:	81 11       	cpse	r24, r1
     856:	7b c0       	rjmp	.+246    	; 0x94e <__stack+0x4f>
        (L298N_PinIsRepeated(enable_ddr, enable_pin,
                             in2_ddr, in2_pin) != 0U) ||
        (L298N_PinIsRepeated(in1_ddr, in1_pin,
     858:	29 81       	ldd	r18, Y+1	; 0x01
     85a:	a2 01       	movw	r20, r4
     85c:	6e 2d       	mov	r22, r14
     85e:	c4 01       	movw	r24, r8
     860:	0e 94 70 03 	call	0x6e0	; 0x6e0 <L298N_PinIsRepeated>
    }

    if ((L298N_PinIsRepeated(enable_ddr, enable_pin,
                             in1_ddr, in1_pin) != 0U) ||
        (L298N_PinIsRepeated(enable_ddr, enable_pin,
                             in2_ddr, in2_pin) != 0U) ||
     864:	81 11       	cpse	r24, r1
     866:	74 c0       	rjmp	.+232    	; 0x950 <__stack+0x51>
                             in2_ddr, in2_pin) != 0U))
    {
        return 0U;
    }

    ATOMIC_BLOCK(ATOMIC_RESTORESTATE)
     868:	6f b7       	in	r22, 0x3f	; 63
    return 1;
}

static __inline__ uint8_t __iCliRetVal(void)
{
    cli();
     86a:	f8 94       	cli
     86c:	81 e0       	ldi	r24, 0x01	; 1
     86e:	55 c0       	rjmp	.+170    	; 0x91a <__stack+0x1b>
    {
        l298n_enable_port = enable_port;
     870:	70 92 47 01 	sts	0x0147, r7	; 0x800147 <l298n_enable_port+0x1>
     874:	60 92 46 01 	sts	0x0146, r6	; 0x800146 <l298n_enable_port>
        l298n_in1_port = in1_port;
     878:	10 93 45 01 	sts	0x0145, r17	; 0x800145 <l298n_in1_port+0x1>
     87c:	00 93 44 01 	sts	0x0144, r16	; 0x800144 <l298n_in1_port>
        l298n_in2_port = in2_port;
     880:	b0 92 43 01 	sts	0x0143, r11	; 0x800143 <l298n_in2_port+0x1>
     884:	a0 92 42 01 	sts	0x0142, r10	; 0x800142 <l298n_in2_port>
        l298n_enable_mask = (uint8_t)(1U << enable_pin);
     888:	81 e0       	ldi	r24, 0x01	; 1
     88a:	90 e0       	ldi	r25, 0x00	; 0
     88c:	ac 01       	movw	r20, r24
     88e:	03 2c       	mov	r0, r3
     890:	02 c0       	rjmp	.+4      	; 0x896 <__DATA_REGION_LENGTH__+0x96>
     892:	44 0f       	add	r20, r20
     894:	55 1f       	adc	r21, r21
     896:	0a 94       	dec	r0
     898:	e2 f7       	brpl	.-8      	; 0x892 <__DATA_REGION_LENGTH__+0x92>
     89a:	40 93 41 01 	sts	0x0141, r20	; 0x800141 <l298n_enable_mask>
        l298n_in1_mask = (uint8_t)(1U << in1_pin);
     89e:	9c 01       	movw	r18, r24
     8a0:	0e 2c       	mov	r0, r14
     8a2:	02 c0       	rjmp	.+4      	; 0x8a8 <__DATA_REGION_LENGTH__+0xa8>
     8a4:	22 0f       	add	r18, r18
     8a6:	33 1f       	adc	r19, r19
     8a8:	0a 94       	dec	r0
     8aa:	e2 f7       	brpl	.-8      	; 0x8a4 <__DATA_REGION_LENGTH__+0xa4>
     8ac:	20 93 40 01 	sts	0x0140, r18	; 0x800140 <l298n_in1_mask>
        l298n_in2_mask = (uint8_t)(1U << in2_pin);
     8b0:	09 80       	ldd	r0, Y+1	; 0x01
     8b2:	02 c0       	rjmp	.+4      	; 0x8b8 <__DATA_REGION_LENGTH__+0xb8>
     8b4:	88 0f       	add	r24, r24
     8b6:	99 1f       	adc	r25, r25
     8b8:	0a 94       	dec	r0
     8ba:	e2 f7       	brpl	.-8      	; 0x8b4 <__DATA_REGION_LENGTH__+0xb4>
     8bc:	80 93 3f 01 	sts	0x013F, r24	; 0x80013f <l298n_in2_mask>

        *enable_ddr |= l298n_enable_mask;
     8c0:	f6 01       	movw	r30, r12
     8c2:	90 81       	ld	r25, Z
     8c4:	94 2b       	or	r25, r20
     8c6:	90 83       	st	Z, r25
        *in1_ddr |= l298n_in1_mask;
     8c8:	f4 01       	movw	r30, r8
     8ca:	90 81       	ld	r25, Z
     8cc:	92 2b       	or	r25, r18
     8ce:	90 83       	st	Z, r25
        *in2_ddr |= l298n_in2_mask;
     8d0:	f2 01       	movw	r30, r4
     8d2:	90 81       	ld	r25, Z
     8d4:	98 2b       	or	r25, r24
     8d6:	90 83       	st	Z, r25

        *l298n_enable_port &= (uint8_t)~l298n_enable_mask;
     8d8:	f3 01       	movw	r30, r6
     8da:	90 81       	ld	r25, Z
     8dc:	40 95       	com	r20
     8de:	49 23       	and	r20, r25
     8e0:	40 83       	st	Z, r20
        *l298n_in1_port &= (uint8_t)~l298n_in1_mask;
     8e2:	f8 01       	movw	r30, r16
     8e4:	90 81       	ld	r25, Z
     8e6:	20 95       	com	r18
     8e8:	29 23       	and	r18, r25
     8ea:	20 83       	st	Z, r18
        *l298n_in2_port &= (uint8_t)~l298n_in2_mask;
     8ec:	f5 01       	movw	r30, r10
     8ee:	90 81       	ld	r25, Z
     8f0:	80 95       	com	r24
     8f2:	89 23       	and	r24, r25
     8f4:	80 83       	st	Z, r24

        TCCR0A = 0U;
     8f6:	14 bc       	out	0x24, r1	; 36
        TCCR0B = 0U;
     8f8:	15 bc       	out	0x25, r1	; 37
        TCNT0 = 0U;
     8fa:	16 bc       	out	0x26, r1	; 38
        TIMSK0 &= (uint8_t)~((1U << TOIE0) | (1U << OCIE0A));
     8fc:	ee e6       	ldi	r30, 0x6E	; 110
     8fe:	f0 e0       	ldi	r31, 0x00	; 0
     900:	80 81       	ld	r24, Z
     902:	8c 7f       	andi	r24, 0xFC	; 252
     904:	80 83       	st	Z, r24
        TIFR0 = (1U << TOV0) | (1U << OCF0A);
     906:	83 e0       	ldi	r24, 0x03	; 3
     908:	85 bb       	out	0x15, r24	; 21

        l298n_direction = (uint8_t)L298N_DIRECTION_FORWARD;
     90a:	81 e0       	ldi	r24, 0x01	; 1
     90c:	80 93 00 01 	sts	0x0100, r24	; 0x800100 <__DATA_REGION_ORIGIN__>
        l298n_pwm = 0U;
     910:	10 92 3e 01 	sts	0x013E, r1	; 0x80013e <l298n_pwm>
        l298n_initialized = 1U;
     914:	80 93 3d 01 	sts	0x013D, r24	; 0x80013d <l298n_initialized>
                             in2_ddr, in2_pin) != 0U))
    {
        return 0U;
    }

    ATOMIC_BLOCK(ATOMIC_RESTORESTATE)
     918:	80 e0       	ldi	r24, 0x00	; 0
     91a:	81 11       	cpse	r24, r1
     91c:	a9 cf       	rjmp	.-174    	; 0x870 <__DATA_REGION_LENGTH__+0x70>
    (void)__s;
}

static __inline__ void __iRestore(const  uint8_t *__s)
{
    SREG = *__s;
     91e:	6f bf       	out	0x3f, r22	; 63
        l298n_direction = (uint8_t)L298N_DIRECTION_FORWARD;
        l298n_pwm = 0U;
        l298n_initialized = 1U;
    }

    return 1U;
     920:	ff 24       	eor	r15, r15
     922:	f3 94       	inc	r15
     924:	15 c0       	rjmp	.+42     	; 0x950 <__stack+0x51>
    if ((enable_ddr == NULL) || (enable_port == NULL) ||
        (in1_ddr == NULL) || (in1_port == NULL) ||
        (in2_ddr == NULL) || (in2_port == NULL) ||
        (enable_pin > 7U) || (in1_pin > 7U) || (in2_pin > 7U))
    {
        return 0U;
     926:	f1 2c       	mov	r15, r1
     928:	13 c0       	rjmp	.+38     	; 0x950 <__stack+0x51>
     92a:	f1 2c       	mov	r15, r1
     92c:	11 c0       	rjmp	.+34     	; 0x950 <__stack+0x51>
     92e:	f1 2c       	mov	r15, r1
     930:	0f c0       	rjmp	.+30     	; 0x950 <__stack+0x51>
     932:	f1 2c       	mov	r15, r1
     934:	0d c0       	rjmp	.+26     	; 0x950 <__stack+0x51>
     936:	f1 2c       	mov	r15, r1
     938:	0b c0       	rjmp	.+22     	; 0x950 <__stack+0x51>
     93a:	f1 2c       	mov	r15, r1
     93c:	09 c0       	rjmp	.+18     	; 0x950 <__stack+0x51>
     93e:	f1 2c       	mov	r15, r1
     940:	07 c0       	rjmp	.+14     	; 0x950 <__stack+0x51>
     942:	f1 2c       	mov	r15, r1
     944:	05 c0       	rjmp	.+10     	; 0x950 <__stack+0x51>
     946:	f1 2c       	mov	r15, r1
     948:	03 c0       	rjmp	.+6      	; 0x950 <__stack+0x51>
        (L298N_PinIsRepeated(enable_ddr, enable_pin,
                             in2_ddr, in2_pin) != 0U) ||
        (L298N_PinIsRepeated(in1_ddr, in1_pin,
                             in2_ddr, in2_pin) != 0U))
    {
        return 0U;
     94a:	f1 2c       	mov	r15, r1
     94c:	01 c0       	rjmp	.+2      	; 0x950 <__stack+0x51>
     94e:	f2 2c       	mov	r15, r2
        l298n_pwm = 0U;
        l298n_initialized = 1U;
    }

    return 1U;
}
     950:	8f 2d       	mov	r24, r15
     952:	0f 90       	pop	r0
     954:	df 91       	pop	r29
     956:	cf 91       	pop	r28
     958:	1f 91       	pop	r17
     95a:	0f 91       	pop	r16
     95c:	ff 90       	pop	r15
     95e:	ef 90       	pop	r14
     960:	df 90       	pop	r13
     962:	cf 90       	pop	r12
     964:	bf 90       	pop	r11
     966:	af 90       	pop	r10
     968:	9f 90       	pop	r9
     96a:	8f 90       	pop	r8
     96c:	7f 90       	pop	r7
     96e:	6f 90       	pop	r6
     970:	5f 90       	pop	r5
     972:	4f 90       	pop	r4
     974:	3f 90       	pop	r3
     976:	2f 90       	pop	r2
     978:	08 95       	ret

0000097a <L298N_Set>:

// Deshabilita ENA, cambia la direccion y luego aplica la nueva velocidad.
uint8_t L298N_Set(L298NDirection direction, uint8_t pwm)
{
     97a:	1f 93       	push	r17
     97c:	cf 93       	push	r28
     97e:	df 93       	push	r29
    if ((l298n_initialized == 0U) ||
     980:	90 91 3d 01 	lds	r25, 0x013D	; 0x80013d <l298n_initialized>
     984:	99 23       	and	r25, r25
     986:	d9 f0       	breq	.+54     	; 0x9be <L298N_Set+0x44>
     988:	82 30       	cpi	r24, 0x02	; 2
     98a:	c0 f4       	brcc	.+48     	; 0x9bc <L298N_Set+0x42>
     98c:	d6 2f       	mov	r29, r22
     98e:	c8 2f       	mov	r28, r24
         (direction != L298N_DIRECTION_REVERSE)))
    {
        return 0U;
    }

    ATOMIC_BLOCK(ATOMIC_RESTORESTATE)
     990:	1f b7       	in	r17, 0x3f	; 63
    return 1;
}

static __inline__ uint8_t __iCliRetVal(void)
{
    cli();
     992:	f8 94       	cli
     994:	81 e0       	ldi	r24, 0x01	; 1
     996:	0d c0       	rjmp	.+26     	; 0x9b2 <L298N_Set+0x38>
    {
        L298N_DisablePWM();
     998:	0e 94 7b 03 	call	0x6f6	; 0x6f6 <L298N_DisablePWM>
        L298N_ApplyDirection(direction);
     99c:	8c 2f       	mov	r24, r28
     99e:	0e 94 b5 03 	call	0x76a	; 0x76a <L298N_ApplyDirection>
        l298n_direction = (uint8_t)direction;
     9a2:	c0 93 00 01 	sts	0x0100, r28	; 0x800100 <__DATA_REGION_ORIGIN__>
        l298n_pwm = pwm;
     9a6:	d0 93 3e 01 	sts	0x013E, r29	; 0x80013e <l298n_pwm>
        L298N_ApplyPWM(pwm);
     9aa:	8d 2f       	mov	r24, r29
     9ac:	0e 94 8c 03 	call	0x718	; 0x718 <L298N_ApplyPWM>
         (direction != L298N_DIRECTION_REVERSE)))
    {
        return 0U;
    }

    ATOMIC_BLOCK(ATOMIC_RESTORESTATE)
     9b0:	80 e0       	ldi	r24, 0x00	; 0
     9b2:	81 11       	cpse	r24, r1
     9b4:	f1 cf       	rjmp	.-30     	; 0x998 <L298N_Set+0x1e>
    (void)__s;
}

static __inline__ void __iRestore(const  uint8_t *__s)
{
    SREG = *__s;
     9b6:	1f bf       	out	0x3f, r17	; 63
        l298n_direction = (uint8_t)direction;
        l298n_pwm = pwm;
        L298N_ApplyPWM(pwm);
    }

    return 1U;
     9b8:	91 e0       	ldi	r25, 0x01	; 1
     9ba:	01 c0       	rjmp	.+2      	; 0x9be <L298N_Set+0x44>
{
    if ((l298n_initialized == 0U) ||
        ((direction != L298N_DIRECTION_FORWARD) &&
         (direction != L298N_DIRECTION_REVERSE)))
    {
        return 0U;
     9bc:	90 e0       	ldi	r25, 0x00	; 0
        l298n_pwm = pwm;
        L298N_ApplyPWM(pwm);
    }

    return 1U;
}
     9be:	89 2f       	mov	r24, r25
     9c0:	df 91       	pop	r29
     9c2:	cf 91       	pop	r28
     9c4:	1f 91       	pop	r17
     9c6:	08 95       	ret

000009c8 <L298N_Stop>:

// Detiene el PWM y deja IN1 e IN2 en bajo para una parada libre.
void L298N_Stop(void)
{
     9c8:	cf 93       	push	r28
    if (l298n_initialized == 0U)
     9ca:	80 91 3d 01 	lds	r24, 0x013D	; 0x80013d <l298n_initialized>
     9ce:	88 23       	and	r24, r24
     9d0:	01 f1       	breq	.+64     	; 0xa12 <L298N_Stop+0x4a>
    {
        return;
    }

    ATOMIC_BLOCK(ATOMIC_RESTORESTATE)
     9d2:	cf b7       	in	r28, 0x3f	; 63
    return 1;
}

static __inline__ uint8_t __iCliRetVal(void)
{
    cli();
     9d4:	f8 94       	cli
     9d6:	81 e0       	ldi	r24, 0x01	; 1
     9d8:	19 c0       	rjmp	.+50     	; 0xa0c <L298N_Stop+0x44>
    {
        l298n_pwm = 0U;
     9da:	10 92 3e 01 	sts	0x013E, r1	; 0x80013e <l298n_pwm>
        L298N_DisablePWM();
     9de:	0e 94 7b 03 	call	0x6f6	; 0x6f6 <L298N_DisablePWM>
        *l298n_in1_port &= (uint8_t)~l298n_in1_mask;
     9e2:	e0 91 44 01 	lds	r30, 0x0144	; 0x800144 <l298n_in1_port>
     9e6:	f0 91 45 01 	lds	r31, 0x0145	; 0x800145 <l298n_in1_port+0x1>
     9ea:	90 81       	ld	r25, Z
     9ec:	80 91 40 01 	lds	r24, 0x0140	; 0x800140 <l298n_in1_mask>
     9f0:	80 95       	com	r24
     9f2:	89 23       	and	r24, r25
     9f4:	80 83       	st	Z, r24
        *l298n_in2_port &= (uint8_t)~l298n_in2_mask;
     9f6:	e0 91 42 01 	lds	r30, 0x0142	; 0x800142 <l298n_in2_port>
     9fa:	f0 91 43 01 	lds	r31, 0x0143	; 0x800143 <l298n_in2_port+0x1>
     9fe:	90 81       	ld	r25, Z
     a00:	80 91 3f 01 	lds	r24, 0x013F	; 0x80013f <l298n_in2_mask>
     a04:	80 95       	com	r24
     a06:	89 23       	and	r24, r25
     a08:	80 83       	st	Z, r24
    if (l298n_initialized == 0U)
    {
        return;
    }

    ATOMIC_BLOCK(ATOMIC_RESTORESTATE)
     a0a:	80 e0       	ldi	r24, 0x00	; 0
     a0c:	81 11       	cpse	r24, r1
     a0e:	e5 cf       	rjmp	.-54     	; 0x9da <L298N_Stop+0x12>
    (void)__s;
}

static __inline__ void __iRestore(const  uint8_t *__s)
{
    SREG = *__s;
     a10:	cf bf       	out	0x3f, r28	; 63
        l298n_pwm = 0U;
        L298N_DisablePWM();
        *l298n_in1_port &= (uint8_t)~l298n_in1_mask;
        *l298n_in2_port &= (uint8_t)~l298n_in2_mask;
    }
}
     a12:	cf 91       	pop	r28
     a14:	08 95       	ret

00000a16 <L298N_GetState>:

// Entrega el estado logico sin exponer registros del hardware.
void L298N_GetState(L298NState *state)
{
     a16:	fc 01       	movw	r30, r24
    if (state == NULL)
     a18:	89 2b       	or	r24, r25
     a1a:	a9 f0       	breq	.+42     	; 0xa46 <L298N_GetState+0x30>
    {
        return;
    }

    ATOMIC_BLOCK(ATOMIC_RESTORESTATE)
     a1c:	2f b7       	in	r18, 0x3f	; 63
    return 1;
}

static __inline__ uint8_t __iCliRetVal(void)
{
    cli();
     a1e:	f8 94       	cli
     a20:	81 e0       	ldi	r24, 0x01	; 1
     a22:	0e c0       	rjmp	.+28     	; 0xa40 <L298N_GetState+0x2a>
    {
        state->direction = l298n_direction;
     a24:	80 91 00 01 	lds	r24, 0x0100	; 0x800100 <__DATA_REGION_ORIGIN__>
     a28:	80 83       	st	Z, r24
        state->pwm = l298n_pwm;
     a2a:	80 91 3e 01 	lds	r24, 0x013E	; 0x80013e <l298n_pwm>
     a2e:	81 83       	std	Z+1, r24	; 0x01
        state->enabled = (uint8_t)(l298n_pwm != 0U);
     a30:	90 91 3e 01 	lds	r25, 0x013E	; 0x80013e <l298n_pwm>
     a34:	81 e0       	ldi	r24, 0x01	; 1
     a36:	91 11       	cpse	r25, r1
     a38:	01 c0       	rjmp	.+2      	; 0xa3c <L298N_GetState+0x26>
     a3a:	80 e0       	ldi	r24, 0x00	; 0
     a3c:	82 83       	std	Z+2, r24	; 0x02
    if (state == NULL)
    {
        return;
    }

    ATOMIC_BLOCK(ATOMIC_RESTORESTATE)
     a3e:	80 e0       	ldi	r24, 0x00	; 0
     a40:	81 11       	cpse	r24, r1
     a42:	f0 cf       	rjmp	.-32     	; 0xa24 <L298N_GetState+0xe>
    (void)__s;
}

static __inline__ void __iRestore(const  uint8_t *__s)
{
    SREG = *__s;
     a44:	2f bf       	out	0x3f, r18	; 63
    __asm__ volatile ("" ::: "memory");
     a46:	08 95       	ret

00000a48 <__vector_16>:
/****************************************/
// Interrupt routines

// Coloca ENA en alto al comenzar cada periodo de PWM intermedio.
ISR(TIMER0_OVF_vect)
{
     a48:	1f 92       	push	r1
     a4a:	0f 92       	push	r0
     a4c:	0f b6       	in	r0, 0x3f	; 63
     a4e:	0f 92       	push	r0
     a50:	11 24       	eor	r1, r1
     a52:	8f 93       	push	r24
     a54:	9f 93       	push	r25
     a56:	ef 93       	push	r30
     a58:	ff 93       	push	r31
    if ((l298n_initialized != 0U) &&
     a5a:	80 91 3d 01 	lds	r24, 0x013D	; 0x80013d <l298n_initialized>
     a5e:	88 23       	and	r24, r24
     a60:	89 f0       	breq	.+34     	; 0xa84 <__vector_16+0x3c>
        (l298n_pwm > 0U) && (l298n_pwm < 255U))
     a62:	80 91 3e 01 	lds	r24, 0x013E	; 0x80013e <l298n_pwm>
// Interrupt routines

// Coloca ENA en alto al comenzar cada periodo de PWM intermedio.
ISR(TIMER0_OVF_vect)
{
    if ((l298n_initialized != 0U) &&
     a66:	88 23       	and	r24, r24
     a68:	69 f0       	breq	.+26     	; 0xa84 <__vector_16+0x3c>
        (l298n_pwm > 0U) && (l298n_pwm < 255U))
     a6a:	80 91 3e 01 	lds	r24, 0x013E	; 0x80013e <l298n_pwm>
     a6e:	8f 3f       	cpi	r24, 0xFF	; 255
     a70:	49 f0       	breq	.+18     	; 0xa84 <__vector_16+0x3c>
    {
        *l298n_enable_port |= l298n_enable_mask;
     a72:	e0 91 46 01 	lds	r30, 0x0146	; 0x800146 <l298n_enable_port>
     a76:	f0 91 47 01 	lds	r31, 0x0147	; 0x800147 <l298n_enable_port+0x1>
     a7a:	90 81       	ld	r25, Z
     a7c:	80 91 41 01 	lds	r24, 0x0141	; 0x800141 <l298n_enable_mask>
     a80:	89 2b       	or	r24, r25
     a82:	80 83       	st	Z, r24
    }
}
     a84:	ff 91       	pop	r31
     a86:	ef 91       	pop	r30
     a88:	9f 91       	pop	r25
     a8a:	8f 91       	pop	r24
     a8c:	0f 90       	pop	r0
     a8e:	0f be       	out	0x3f, r0	; 63
     a90:	0f 90       	pop	r0
     a92:	1f 90       	pop	r1
     a94:	18 95       	reti

00000a96 <__vector_14>:

// Coloca ENA en bajo cuando el contador alcanza el ciclo de trabajo.
ISR(TIMER0_COMPA_vect)
{
     a96:	1f 92       	push	r1
     a98:	0f 92       	push	r0
     a9a:	0f b6       	in	r0, 0x3f	; 63
     a9c:	0f 92       	push	r0
     a9e:	11 24       	eor	r1, r1
     aa0:	8f 93       	push	r24
     aa2:	9f 93       	push	r25
     aa4:	ef 93       	push	r30
     aa6:	ff 93       	push	r31
    if ((l298n_initialized != 0U) && (l298n_pwm < 255U))
     aa8:	80 91 3d 01 	lds	r24, 0x013D	; 0x80013d <l298n_initialized>
     aac:	88 23       	and	r24, r24
     aae:	71 f0       	breq	.+28     	; 0xacc <__vector_14+0x36>
     ab0:	80 91 3e 01 	lds	r24, 0x013E	; 0x80013e <l298n_pwm>
     ab4:	8f 3f       	cpi	r24, 0xFF	; 255
     ab6:	51 f0       	breq	.+20     	; 0xacc <__vector_14+0x36>
    {
        *l298n_enable_port &= (uint8_t)~l298n_enable_mask;
     ab8:	e0 91 46 01 	lds	r30, 0x0146	; 0x800146 <l298n_enable_port>
     abc:	f0 91 47 01 	lds	r31, 0x0147	; 0x800147 <l298n_enable_port+0x1>
     ac0:	90 81       	ld	r25, Z
     ac2:	80 91 41 01 	lds	r24, 0x0141	; 0x800141 <l298n_enable_mask>
     ac6:	80 95       	com	r24
     ac8:	89 23       	and	r24, r25
     aca:	80 83       	st	Z, r24
    }
}
     acc:	ff 91       	pop	r31
     ace:	ef 91       	pop	r30
     ad0:	9f 91       	pop	r25
     ad2:	8f 91       	pop	r24
     ad4:	0f 90       	pop	r0
     ad6:	0f be       	out	0x3f, r0	; 63
     ad8:	0f 90       	pop	r0
     ada:	1f 90       	pop	r1
     adc:	18 95       	reti

00000ade <Slave1_UpdateSensor>:
    Slave1_HandleValidatedRequest(&request);
}

// Actualiza periodicamente la muestra HC-SR04.
static void Slave1_UpdateSensor(void)
{
     ade:	cf 93       	push	r28
     ae0:	df 93       	push	r29
     ae2:	00 d0       	rcall	.+0      	; 0xae4 <Slave1_UpdateSensor+0x6>
     ae4:	cd b7       	in	r28, 0x3d	; 61
     ae6:	de b7       	in	r29, 0x3e	; 62
    uint16_t echo_us = HCSR04_INVALID_PULSE_US;
     ae8:	8f ef       	ldi	r24, 0xFF	; 255
     aea:	9f ef       	ldi	r25, 0xFF	; 255
     aec:	9a 83       	std	Y+2, r25	; 0x02
     aee:	89 83       	std	Y+1, r24	; 0x01

    if (HCSR04_ReadEchoPulseUS(&echo_us) != 0U)
     af0:	ce 01       	movw	r24, r28
     af2:	01 96       	adiw	r24, 0x01	; 1
     af4:	0e 94 06 01 	call	0x20c	; 0x20c <HCSR04_ReadEchoPulseUS>
     af8:	88 23       	and	r24, r24
     afa:	49 f0       	breq	.+18     	; 0xb0e <Slave1_UpdateSensor+0x30>
    {
        hcsr04_sample.valid = 1U;
     afc:	e1 e0       	ldi	r30, 0x01	; 1
     afe:	f1 e0       	ldi	r31, 0x01	; 1
     b00:	81 e0       	ldi	r24, 0x01	; 1
     b02:	80 83       	st	Z, r24
        hcsr04_sample.echo_us = echo_us;
     b04:	89 81       	ldd	r24, Y+1	; 0x01
     b06:	9a 81       	ldd	r25, Y+2	; 0x02
     b08:	92 83       	std	Z+2, r25	; 0x02
     b0a:	81 83       	std	Z+1, r24	; 0x01
     b0c:	07 c0       	rjmp	.+14     	; 0xb1c <Slave1_UpdateSensor+0x3e>
    }
    else
    {
        hcsr04_sample.valid = 0U;
     b0e:	e1 e0       	ldi	r30, 0x01	; 1
     b10:	f1 e0       	ldi	r31, 0x01	; 1
     b12:	10 82       	st	Z, r1
        hcsr04_sample.echo_us = HCSR04_INVALID_PULSE_US;
     b14:	8f ef       	ldi	r24, 0xFF	; 255
     b16:	9f ef       	ldi	r25, 0xFF	; 255
     b18:	92 83       	std	Z+2, r25	; 0x02
     b1a:	81 83       	std	Z+1, r24	; 0x01
    }

    // El contador permite al Master distinguir una muestra nueva.
    hcsr04_sample.counter++;
     b1c:	e1 e0       	ldi	r30, 0x01	; 1
     b1e:	f1 e0       	ldi	r31, 0x01	; 1
     b20:	83 81       	ldd	r24, Z+3	; 0x03
     b22:	8f 5f       	subi	r24, 0xFF	; 255
     b24:	83 83       	std	Z+3, r24	; 0x03
}
     b26:	0f 90       	pop	r0
     b28:	0f 90       	pop	r0
     b2a:	df 91       	pop	r29
     b2c:	cf 91       	pop	r28
     b2e:	08 95       	ret

00000b30 <Slave1_SendResponse>:
/****************************************/
// NON-Interrupt subroutines

// Codifica y publica una respuesta I2C.
static uint8_t Slave1_SendResponse(const ProtocolResponse *response)
{
     b30:	cf 93       	push	r28
     b32:	df 93       	push	r29
     b34:	cd b7       	in	r28, 0x3d	; 61
     b36:	de b7       	in	r29, 0x3e	; 62
     b38:	28 97       	sbiw	r28, 0x08	; 8
     b3a:	0f b6       	in	r0, 0x3f	; 63
     b3c:	f8 94       	cli
     b3e:	de bf       	out	0x3e, r29	; 62
     b40:	0f be       	out	0x3f, r0	; 63
     b42:	cd bf       	out	0x3d, r28	; 61
    uint8_t frame[PROTOCOL_FRAME_SIZE];

    Protocol_EncodeResponse(response, frame);
     b44:	be 01       	movw	r22, r28
     b46:	6f 5f       	subi	r22, 0xFF	; 255
     b48:	7f 4f       	sbci	r23, 0xFF	; 255
     b4a:	0e 94 82 08 	call	0x1104	; 0x1104 <Protocol_EncodeResponse>
    return I2C_Slave_SetResponse(frame);
     b4e:	ce 01       	movw	r24, r28
     b50:	01 96       	adiw	r24, 0x01	; 1
     b52:	0e 94 78 02 	call	0x4f0	; 0x4f0 <I2C_Slave_SetResponse>
}
     b56:	28 96       	adiw	r28, 0x08	; 8
     b58:	0f b6       	in	r0, 0x3f	; 63
     b5a:	f8 94       	cli
     b5c:	de bf       	out	0x3e, r29	; 62
     b5e:	0f be       	out	0x3f, r0	; 63
     b60:	cd bf       	out	0x3d, r28	; 61
     b62:	df 91       	pop	r29
     b64:	cf 91       	pop	r28
     b66:	08 95       	ret

00000b68 <Slave1_SendStatus>:

// Responde unicamente con un estado Protocol.
static uint8_t Slave1_SendStatus(const ProtocolRequest *request,
                                 ProtocolStatus status)
{
     b68:	ef 92       	push	r14
     b6a:	ff 92       	push	r15
     b6c:	0f 93       	push	r16
     b6e:	cf 93       	push	r28
     b70:	df 93       	push	r29
     b72:	cd b7       	in	r28, 0x3d	; 61
     b74:	de b7       	in	r29, 0x3e	; 62
     b76:	28 97       	sbiw	r28, 0x08	; 8
     b78:	0f b6       	in	r0, 0x3f	; 63
     b7a:	f8 94       	cli
     b7c:	de bf       	out	0x3e, r29	; 62
     b7e:	0f be       	out	0x3f, r0	; 63
     b80:	cd bf       	out	0x3d, r28	; 61
     b82:	26 2f       	mov	r18, r22
    ProtocolResponse response;

    (void)Protocol_CreateResponse(&response,
     b84:	fc 01       	movw	r30, r24
     b86:	41 81       	ldd	r20, Z+1	; 0x01
     b88:	60 81       	ld	r22, Z
     b8a:	e1 2c       	mov	r14, r1
     b8c:	f1 2c       	mov	r15, r1
     b8e:	00 e0       	ldi	r16, 0x00	; 0
     b90:	ce 01       	movw	r24, r28
     b92:	01 96       	adiw	r24, 0x01	; 1
     b94:	0e 94 44 08 	call	0x1088	; 0x1088 <Protocol_CreateResponse>
                                  request->command,
                                  request->device,
                                  status,
                                  0U,
                                  0);
    return Slave1_SendResponse(&response);
     b98:	ce 01       	movw	r24, r28
     b9a:	01 96       	adiw	r24, 0x01	; 1
     b9c:	0e 94 98 05 	call	0xb30	; 0xb30 <Slave1_SendResponse>
}
     ba0:	28 96       	adiw	r28, 0x08	; 8
     ba2:	0f b6       	in	r0, 0x3f	; 63
     ba4:	f8 94       	cli
     ba6:	de bf       	out	0x3e, r29	; 62
     ba8:	0f be       	out	0x3f, r0	; 63
     baa:	cd bf       	out	0x3d, r28	; 61
     bac:	df 91       	pop	r29
     bae:	cf 91       	pop	r28
     bb0:	0f 91       	pop	r16
     bb2:	ff 90       	pop	r15
     bb4:	ef 90       	pop	r14
     bb6:	08 95       	ret

00000bb8 <Slave1_HandleSensorRead>:
    (void)Slave1_SendResponse(&response);
}

// Entrega la ultima muestra cruda del HC-SR04.
static void Slave1_HandleSensorRead(const ProtocolRequest *request)
{
     bb8:	ef 92       	push	r14
     bba:	ff 92       	push	r15
     bbc:	0f 93       	push	r16
     bbe:	cf 93       	push	r28
     bc0:	df 93       	push	r29
     bc2:	cd b7       	in	r28, 0x3d	; 61
     bc4:	de b7       	in	r29, 0x3e	; 62
     bc6:	2c 97       	sbiw	r28, 0x0c	; 12
     bc8:	0f b6       	in	r0, 0x3f	; 63
     bca:	f8 94       	cli
     bcc:	de bf       	out	0x3e, r29	; 62
     bce:	0f be       	out	0x3f, r0	; 63
     bd0:	cd bf       	out	0x3d, r28	; 61
    ProtocolResponse response;
    uint8_t data[PROTOCOL_RESPONSE_DATA_SIZE];
    ProtocolStatus status;

    if (request->device != (uint8_t)HCSR04)
     bd2:	fc 01       	movw	r30, r24
     bd4:	21 81       	ldd	r18, Z+1	; 0x01
     bd6:	21 30       	cpi	r18, 0x01	; 1
     bd8:	21 f0       	breq	.+8      	; 0xbe2 <Slave1_HandleSensorRead+0x2a>
    {
        (void)Slave1_SendStatus(request, UNKNOWN_DEVICE);
     bda:	64 e0       	ldi	r22, 0x04	; 4
     bdc:	0e 94 b4 05 	call	0xb68	; 0xb68 <Slave1_SendStatus>
     be0:	1d c0       	rjmp	.+58     	; 0xc1c <Slave1_HandleSensorRead+0x64>
        return;
    }

    data[0] = hcsr04_sample.valid;
     be2:	e1 e0       	ldi	r30, 0x01	; 1
     be4:	f1 e0       	ldi	r31, 0x01	; 1
     be6:	20 81       	ld	r18, Z
     be8:	29 87       	std	Y+9, r18	; 0x09
    data[1] = (uint8_t)(hcsr04_sample.echo_us >> 8U);
     bea:	31 81       	ldd	r19, Z+1	; 0x01
     bec:	42 81       	ldd	r20, Z+2	; 0x02
     bee:	4a 87       	std	Y+10, r20	; 0x0a
    data[2] = (uint8_t)hcsr04_sample.echo_us;
     bf0:	3b 87       	std	Y+11, r19	; 0x0b
    data[3] = hcsr04_sample.counter;
     bf2:	33 81       	ldd	r19, Z+3	; 0x03
     bf4:	3c 87       	std	Y+12, r19	; 0x0c
    status = (hcsr04_sample.valid != 0U) ? OK : NO_SAMPLE;
     bf6:	22 23       	and	r18, r18
     bf8:	11 f0       	breq	.+4      	; 0xbfe <Slave1_HandleSensorRead+0x46>
     bfa:	20 e0       	ldi	r18, 0x00	; 0
     bfc:	01 c0       	rjmp	.+2      	; 0xc00 <Slave1_HandleSensorRead+0x48>
     bfe:	27 e0       	ldi	r18, 0x07	; 7

    (void)Protocol_CreateResponse(&response,
     c00:	fc 01       	movw	r30, r24
     c02:	41 81       	ldd	r20, Z+1	; 0x01
     c04:	60 81       	ld	r22, Z
     c06:	ce 01       	movw	r24, r28
     c08:	09 96       	adiw	r24, 0x09	; 9
     c0a:	7c 01       	movw	r14, r24
     c0c:	04 e0       	ldi	r16, 0x04	; 4
     c0e:	08 97       	sbiw	r24, 0x08	; 8
     c10:	0e 94 44 08 	call	0x1088	; 0x1088 <Protocol_CreateResponse>
                                  request->command,
                                  request->device,
                                  status,
                                  PROTOCOL_RESPONSE_DATA_SIZE,
                                  data);
    (void)Slave1_SendResponse(&response);
     c14:	ce 01       	movw	r24, r28
     c16:	01 96       	adiw	r24, 0x01	; 1
     c18:	0e 94 98 05 	call	0xb30	; 0xb30 <Slave1_SendResponse>
}
     c1c:	2c 96       	adiw	r28, 0x0c	; 12
     c1e:	0f b6       	in	r0, 0x3f	; 63
     c20:	f8 94       	cli
     c22:	de bf       	out	0x3e, r29	; 62
     c24:	0f be       	out	0x3f, r0	; 63
     c26:	cd bf       	out	0x3d, r28	; 61
     c28:	df 91       	pop	r29
     c2a:	cf 91       	pop	r28
     c2c:	0f 91       	pop	r16
     c2e:	ff 90       	pop	r15
     c30:	ef 90       	pop	r14
     c32:	08 95       	ret

00000c34 <Slave1_HandlePing>:
    return Slave1_SendResponse(&response);
}

// Devuelve el estado local solicitado.
static void Slave1_HandlePing(const ProtocolRequest *request)
{
     c34:	ef 92       	push	r14
     c36:	ff 92       	push	r15
     c38:	0f 93       	push	r16
     c3a:	cf 93       	push	r28
     c3c:	df 93       	push	r29
     c3e:	cd b7       	in	r28, 0x3d	; 61
     c40:	de b7       	in	r29, 0x3e	; 62
     c42:	2f 97       	sbiw	r28, 0x0f	; 15
     c44:	0f b6       	in	r0, 0x3f	; 63
     c46:	f8 94       	cli
     c48:	de bf       	out	0x3e, r29	; 62
     c4a:	0f be       	out	0x3f, r0	; 63
     c4c:	cd bf       	out	0x3d, r28	; 61
     c4e:	7c 01       	movw	r14, r24
    ProtocolResponse response;
    L298NState dc_state;
    uint8_t data[PROTOCOL_RESPONSE_DATA_SIZE] = {0U, 0U, 0U, 0U};
     c50:	1c 86       	std	Y+12, r1	; 0x0c
     c52:	1d 86       	std	Y+13, r1	; 0x0d
     c54:	1e 86       	std	Y+14, r1	; 0x0e
     c56:	1f 86       	std	Y+15, r1	; 0x0f
    uint8_t length = 0U;
    ProtocolStatus status = OK;

    switch ((ProtocolDevice)request->device)
     c58:	fc 01       	movw	r30, r24
     c5a:	81 81       	ldd	r24, Z+1	; 0x01
     c5c:	84 30       	cpi	r24, 0x04	; 4
     c5e:	39 f1       	breq	.+78     	; 0xcae <Slave1_HandlePing+0x7a>
     c60:	28 f4       	brcc	.+10     	; 0xc6c <Slave1_HandlePing+0x38>
     c62:	81 30       	cpi	r24, 0x01	; 1
     c64:	39 f0       	breq	.+14     	; 0xc74 <Slave1_HandlePing+0x40>
     c66:	83 30       	cpi	r24, 0x03	; 3
     c68:	41 f0       	breq	.+16     	; 0xc7a <Slave1_HandlePing+0x46>
     c6a:	1e c0       	rjmp	.+60     	; 0xca8 <Slave1_HandlePing+0x74>
     c6c:	85 30       	cpi	r24, 0x05	; 5
     c6e:	59 f0       	breq	.+22     	; 0xc86 <Slave1_HandlePing+0x52>
     c70:	8f 37       	cpi	r24, 0x7F	; 127
     c72:	d1 f4       	brne	.+52     	; 0xca8 <Slave1_HandlePing+0x74>
{
    ProtocolResponse response;
    L298NState dc_state;
    uint8_t data[PROTOCOL_RESPONSE_DATA_SIZE] = {0U, 0U, 0U, 0U};
    uint8_t length = 0U;
    ProtocolStatus status = OK;
     c74:	20 e0       	ldi	r18, 0x00	; 0
static void Slave1_HandlePing(const ProtocolRequest *request)
{
    ProtocolResponse response;
    L298NState dc_state;
    uint8_t data[PROTOCOL_RESPONSE_DATA_SIZE] = {0U, 0U, 0U, 0U};
    uint8_t length = 0U;
     c76:	00 e0       	ldi	r16, 0x00	; 0
     c78:	1f c0       	rjmp	.+62     	; 0xcb8 <Slave1_HandlePing+0x84>
        case HCSR04:
        case ALL_LOCAL_ACTUATORS:
            break;

        case SERVO_WATER:
            data[0] = Servo_GetAngle();
     c7a:	0e 94 50 09 	call	0x12a0	; 0x12a0 <Servo_GetAngle>
     c7e:	8c 87       	std	Y+12, r24	; 0x0c
{
    ProtocolResponse response;
    L298NState dc_state;
    uint8_t data[PROTOCOL_RESPONSE_DATA_SIZE] = {0U, 0U, 0U, 0U};
    uint8_t length = 0U;
    ProtocolStatus status = OK;
     c80:	20 e0       	ldi	r18, 0x00	; 0
        case ALL_LOCAL_ACTUATORS:
            break;

        case SERVO_WATER:
            data[0] = Servo_GetAngle();
            length = 1U;
     c82:	01 e0       	ldi	r16, 0x01	; 1
            break;
     c84:	19 c0       	rjmp	.+50     	; 0xcb8 <Slave1_HandlePing+0x84>

        case DC_MOTOR:
            if (dc_motor_initialized == 0U)
     c86:	80 91 48 01 	lds	r24, 0x0148	; 0x800148 <dc_motor_initialized>
     c8a:	88 23       	and	r24, r24
     c8c:	99 f0       	breq	.+38     	; 0xcb4 <Slave1_HandlePing+0x80>
            {
                status = UNSUPPORTED;
            }
            else
            {
                L298N_GetState(&dc_state);
     c8e:	ce 01       	movw	r24, r28
     c90:	09 96       	adiw	r24, 0x09	; 9
     c92:	0e 94 0b 05 	call	0xa16	; 0xa16 <L298N_GetState>
                data[0] = dc_state.direction;
     c96:	89 85       	ldd	r24, Y+9	; 0x09
     c98:	8c 87       	std	Y+12, r24	; 0x0c
                data[1] = dc_state.pwm;
     c9a:	8a 85       	ldd	r24, Y+10	; 0x0a
     c9c:	8d 87       	std	Y+13, r24	; 0x0d
                data[2] = dc_state.enabled;
     c9e:	8b 85       	ldd	r24, Y+11	; 0x0b
     ca0:	8e 87       	std	Y+14, r24	; 0x0e
{
    ProtocolResponse response;
    L298NState dc_state;
    uint8_t data[PROTOCOL_RESPONSE_DATA_SIZE] = {0U, 0U, 0U, 0U};
    uint8_t length = 0U;
    ProtocolStatus status = OK;
     ca2:	20 e0       	ldi	r18, 0x00	; 0
            {
                L298N_GetState(&dc_state);
                data[0] = dc_state.direction;
                data[1] = dc_state.pwm;
                data[2] = dc_state.enabled;
                length = 3U;
     ca4:	03 e0       	ldi	r16, 0x03	; 3
     ca6:	08 c0       	rjmp	.+16     	; 0xcb8 <Slave1_HandlePing+0x84>
            break;

        case IR:
        case STEPPER:
        default:
            status = UNKNOWN_DEVICE;
     ca8:	24 e0       	ldi	r18, 0x04	; 4
static void Slave1_HandlePing(const ProtocolRequest *request)
{
    ProtocolResponse response;
    L298NState dc_state;
    uint8_t data[PROTOCOL_RESPONSE_DATA_SIZE] = {0U, 0U, 0U, 0U};
    uint8_t length = 0U;
     caa:	00 e0       	ldi	r16, 0x00	; 0

        case IR:
        case STEPPER:
        default:
            status = UNKNOWN_DEVICE;
            break;
     cac:	05 c0       	rjmp	.+10     	; 0xcb8 <Slave1_HandlePing+0x84>
                length = 3U;
            }
            break;

        case SERVO_DOOR:
            status = UNSUPPORTED;
     cae:	28 e0       	ldi	r18, 0x08	; 8
static void Slave1_HandlePing(const ProtocolRequest *request)
{
    ProtocolResponse response;
    L298NState dc_state;
    uint8_t data[PROTOCOL_RESPONSE_DATA_SIZE] = {0U, 0U, 0U, 0U};
    uint8_t length = 0U;
     cb0:	00 e0       	ldi	r16, 0x00	; 0
     cb2:	02 c0       	rjmp	.+4      	; 0xcb8 <Slave1_HandlePing+0x84>
            break;

        case DC_MOTOR:
            if (dc_motor_initialized == 0U)
            {
                status = UNSUPPORTED;
     cb4:	28 e0       	ldi	r18, 0x08	; 8
static void Slave1_HandlePing(const ProtocolRequest *request)
{
    ProtocolResponse response;
    L298NState dc_state;
    uint8_t data[PROTOCOL_RESPONSE_DATA_SIZE] = {0U, 0U, 0U, 0U};
    uint8_t length = 0U;
     cb6:	00 e0       	ldi	r16, 0x00	; 0
        default:
            status = UNKNOWN_DEVICE;
            break;
    }

    (void)Protocol_CreateResponse(&response,
     cb8:	f7 01       	movw	r30, r14
     cba:	41 81       	ldd	r20, Z+1	; 0x01
     cbc:	60 81       	ld	r22, Z
     cbe:	ce 01       	movw	r24, r28
     cc0:	0c 96       	adiw	r24, 0x0c	; 12
     cc2:	7c 01       	movw	r14, r24
     cc4:	0b 97       	sbiw	r24, 0x0b	; 11
     cc6:	0e 94 44 08 	call	0x1088	; 0x1088 <Protocol_CreateResponse>
                                  request->command,
                                  request->device,
                                  status,
                                  length,
                                  data);
    (void)Slave1_SendResponse(&response);
     cca:	ce 01       	movw	r24, r28
     ccc:	01 96       	adiw	r24, 0x01	; 1
     cce:	0e 94 98 05 	call	0xb30	; 0xb30 <Slave1_SendResponse>
}
     cd2:	2f 96       	adiw	r28, 0x0f	; 15
     cd4:	0f b6       	in	r0, 0x3f	; 63
     cd6:	f8 94       	cli
     cd8:	de bf       	out	0x3e, r29	; 62
     cda:	0f be       	out	0x3f, r0	; 63
     cdc:	cd bf       	out	0x3d, r28	; 61
     cde:	df 91       	pop	r29
     ce0:	cf 91       	pop	r28
     ce2:	0f 91       	pop	r16
     ce4:	ff 90       	pop	r15
     ce6:	ef 90       	pop	r14
     ce8:	08 95       	ret

00000cea <Slave1_HandleValidatedRequest>:
    (void)Slave1_SendResponse(&response);
}

// Ejecuta una solicitud Protocol ya validada.
static void Slave1_HandleValidatedRequest(const ProtocolRequest *request)
{
     cea:	cf 93       	push	r28
     cec:	df 93       	push	r29
     cee:	ec 01       	movw	r28, r24
    // Selecciona sensor o actuador sin ejecutar trabajo dentro de la ISR TWI.
    switch ((ProtocolCommand)request->command)
     cf0:	88 81       	ld	r24, Y
     cf2:	83 30       	cpi	r24, 0x03	; 3
     cf4:	b1 f0       	breq	.+44     	; 0xd22 <Slave1_HandleValidatedRequest+0x38>
     cf6:	28 f4       	brcc	.+10     	; 0xd02 <Slave1_HandleValidatedRequest+0x18>
     cf8:	81 30       	cpi	r24, 0x01	; 1
     cfa:	59 f0       	breq	.+22     	; 0xd12 <Slave1_HandleValidatedRequest+0x28>
     cfc:	82 30       	cpi	r24, 0x02	; 2
     cfe:	69 f0       	breq	.+26     	; 0xd1a <Slave1_HandleValidatedRequest+0x30>
     d00:	62 c0       	rjmp	.+196    	; 0xdc6 <Slave1_HandleValidatedRequest+0xdc>
     d02:	85 30       	cpi	r24, 0x05	; 5
     d04:	09 f4       	brne	.+2      	; 0xd08 <Slave1_HandleValidatedRequest+0x1e>
     d06:	47 c0       	rjmp	.+142    	; 0xd96 <Slave1_HandleValidatedRequest+0xac>
     d08:	30 f1       	brcs	.+76     	; 0xd56 <Slave1_HandleValidatedRequest+0x6c>
     d0a:	86 30       	cpi	r24, 0x06	; 6
     d0c:	09 f4       	brne	.+2      	; 0xd10 <Slave1_HandleValidatedRequest+0x26>
     d0e:	48 c0       	rjmp	.+144    	; 0xda0 <Slave1_HandleValidatedRequest+0xb6>
     d10:	5a c0       	rjmp	.+180    	; 0xdc6 <Slave1_HandleValidatedRequest+0xdc>
    {
        case CMD_PING:
            Slave1_HandlePing(request);
     d12:	ce 01       	movw	r24, r28
     d14:	0e 94 1a 06 	call	0xc34	; 0xc34 <Slave1_HandlePing>
            break;
     d18:	5a c0       	rjmp	.+180    	; 0xdce <Slave1_HandleValidatedRequest+0xe4>

        case CMD_READ_SENSOR:
            Slave1_HandleSensorRead(request);
     d1a:	ce 01       	movw	r24, r28
     d1c:	0e 94 dc 05 	call	0xbb8	; 0xbb8 <Slave1_HandleSensorRead>
            break;
     d20:	56 c0       	rjmp	.+172    	; 0xdce <Slave1_HandleValidatedRequest+0xe4>

        case CMD_SERVO_POSITION:
            if (request->device == (uint8_t)SERVO_DOOR)
     d22:	89 81       	ldd	r24, Y+1	; 0x01
     d24:	84 30       	cpi	r24, 0x04	; 4
     d26:	29 f4       	brne	.+10     	; 0xd32 <Slave1_HandleValidatedRequest+0x48>
            {
                (void)Slave1_SendStatus(request, UNSUPPORTED);
     d28:	68 e0       	ldi	r22, 0x08	; 8
     d2a:	ce 01       	movw	r24, r28
     d2c:	0e 94 b4 05 	call	0xb68	; 0xb68 <Slave1_SendStatus>
     d30:	4e c0       	rjmp	.+156    	; 0xdce <Slave1_HandleValidatedRequest+0xe4>
            }
            else if (request->device != (uint8_t)SERVO_WATER)
     d32:	83 30       	cpi	r24, 0x03	; 3
     d34:	29 f0       	breq	.+10     	; 0xd40 <Slave1_HandleValidatedRequest+0x56>
            {
                (void)Slave1_SendStatus(request, UNKNOWN_DEVICE);
     d36:	64 e0       	ldi	r22, 0x04	; 4
     d38:	ce 01       	movw	r24, r28
     d3a:	0e 94 b4 05 	call	0xb68	; 0xb68 <Slave1_SendStatus>
     d3e:	47 c0       	rjmp	.+142    	; 0xdce <Slave1_HandleValidatedRequest+0xe4>
            }
            // Publica ACCEPTED antes de aplicar fisicamente el nuevo angulo.
            else if (Slave1_SendStatus(request, ACCEPTED) != 0U)
     d40:	61 e0       	ldi	r22, 0x01	; 1
     d42:	ce 01       	movw	r24, r28
     d44:	0e 94 b4 05 	call	0xb68	; 0xb68 <Slave1_SendStatus>
     d48:	88 23       	and	r24, r24
     d4a:	09 f4       	brne	.+2      	; 0xd4e <Slave1_HandleValidatedRequest+0x64>
     d4c:	40 c0       	rjmp	.+128    	; 0xdce <Slave1_HandleValidatedRequest+0xe4>
            {
                (void)Servo_SetAngle(request->data[0]);
     d4e:	8b 81       	ldd	r24, Y+3	; 0x03
     d50:	0e 94 31 09 	call	0x1262	; 0x1262 <Servo_SetAngle>
     d54:	3c c0       	rjmp	.+120    	; 0xdce <Slave1_HandleValidatedRequest+0xe4>
            }
            break;

        case CMD_DC_MOTOR:
            if (request->device != (uint8_t)DC_MOTOR)
     d56:	89 81       	ldd	r24, Y+1	; 0x01
     d58:	85 30       	cpi	r24, 0x05	; 5
     d5a:	29 f0       	breq	.+10     	; 0xd66 <Slave1_HandleValidatedRequest+0x7c>
            {
                (void)Slave1_SendStatus(request, UNKNOWN_DEVICE);
     d5c:	64 e0       	ldi	r22, 0x04	; 4
     d5e:	ce 01       	movw	r24, r28
     d60:	0e 94 b4 05 	call	0xb68	; 0xb68 <Slave1_SendStatus>
     d64:	34 c0       	rjmp	.+104    	; 0xdce <Slave1_HandleValidatedRequest+0xe4>
            }
            else if (dc_motor_initialized == 0U)
     d66:	80 91 48 01 	lds	r24, 0x0148	; 0x800148 <dc_motor_initialized>
     d6a:	81 11       	cpse	r24, r1
     d6c:	05 c0       	rjmp	.+10     	; 0xd78 <Slave1_HandleValidatedRequest+0x8e>
            {
                (void)Slave1_SendStatus(request, UNSUPPORTED);
     d6e:	68 e0       	ldi	r22, 0x08	; 8
     d70:	ce 01       	movw	r24, r28
     d72:	0e 94 b4 05 	call	0xb68	; 0xb68 <Slave1_SendStatus>
     d76:	2b c0       	rjmp	.+86     	; 0xdce <Slave1_HandleValidatedRequest+0xe4>
            }
            else if (Slave1_SendStatus(request, ACCEPTED) != 0U)
     d78:	61 e0       	ldi	r22, 0x01	; 1
     d7a:	ce 01       	movw	r24, r28
     d7c:	0e 94 b4 05 	call	0xb68	; 0xb68 <Slave1_SendStatus>
     d80:	88 23       	and	r24, r24
     d82:	29 f1       	breq	.+74     	; 0xdce <Slave1_HandleValidatedRequest+0xe4>
            {
                (void)L298N_Set(
     d84:	6c 81       	ldd	r22, Y+4	; 0x04
                    (request->data[0] ==
     d86:	9b 81       	ldd	r25, Y+3	; 0x03
            {
                (void)Slave1_SendStatus(request, UNSUPPORTED);
            }
            else if (Slave1_SendStatus(request, ACCEPTED) != 0U)
            {
                (void)L298N_Set(
     d88:	81 e0       	ldi	r24, 0x01	; 1
     d8a:	91 30       	cpi	r25, 0x01	; 1
     d8c:	09 f0       	breq	.+2      	; 0xd90 <Slave1_HandleValidatedRequest+0xa6>
     d8e:	80 e0       	ldi	r24, 0x00	; 0
     d90:	0e 94 bd 04 	call	0x97a	; 0x97a <L298N_Set>
     d94:	1c c0       	rjmp	.+56     	; 0xdce <Slave1_HandleValidatedRequest+0xe4>
                    request->data[1]);
            }
            break;

        case CMD_STEPPER_MOVE:
            (void)Slave1_SendStatus(request, UNKNOWN_DEVICE);
     d96:	64 e0       	ldi	r22, 0x04	; 4
     d98:	ce 01       	movw	r24, r28
     d9a:	0e 94 b4 05 	call	0xb68	; 0xb68 <Slave1_SendStatus>
            break;
     d9e:	17 c0       	rjmp	.+46     	; 0xdce <Slave1_HandleValidatedRequest+0xe4>

        case CMD_STOP:
            if ((request->device == (uint8_t)DC_MOTOR) ||
     da0:	89 81       	ldd	r24, Y+1	; 0x01
     da2:	85 30       	cpi	r24, 0x05	; 5
     da4:	11 f0       	breq	.+4      	; 0xdaa <Slave1_HandleValidatedRequest+0xc0>
     da6:	8f 37       	cpi	r24, 0x7F	; 127
     da8:	49 f4       	brne	.+18     	; 0xdbc <Slave1_HandleValidatedRequest+0xd2>
                (request->device == (uint8_t)ALL_LOCAL_ACTUATORS))
            {
                if (Slave1_SendStatus(request, ACCEPTED) != 0U)
     daa:	61 e0       	ldi	r22, 0x01	; 1
     dac:	ce 01       	movw	r24, r28
     dae:	0e 94 b4 05 	call	0xb68	; 0xb68 <Slave1_SendStatus>
     db2:	88 23       	and	r24, r24
     db4:	61 f0       	breq	.+24     	; 0xdce <Slave1_HandleValidatedRequest+0xe4>
                {
                    L298N_Stop();
     db6:	0e 94 e4 04 	call	0x9c8	; 0x9c8 <L298N_Stop>
     dba:	09 c0       	rjmp	.+18     	; 0xdce <Slave1_HandleValidatedRequest+0xe4>
                }
            }
            else
            {
                (void)Slave1_SendStatus(request, UNKNOWN_DEVICE);
     dbc:	64 e0       	ldi	r22, 0x04	; 4
     dbe:	ce 01       	movw	r24, r28
     dc0:	0e 94 b4 05 	call	0xb68	; 0xb68 <Slave1_SendStatus>
     dc4:	04 c0       	rjmp	.+8      	; 0xdce <Slave1_HandleValidatedRequest+0xe4>
            }
            break;

        default:
            (void)Slave1_SendStatus(request, UNKNOWN_COMMAND);
     dc6:	63 e0       	ldi	r22, 0x03	; 3
     dc8:	ce 01       	movw	r24, r28
     dca:	0e 94 b4 05 	call	0xb68	; 0xb68 <Slave1_SendStatus>
            break;
    }
}
     dce:	df 91       	pop	r29
     dd0:	cf 91       	pop	r28
     dd2:	08 95       	ret

00000dd4 <Slave1_ServiceI2C>:

// Recibe, valida y responde solicitudes I2C.
static void Slave1_ServiceI2C(void)
{
     dd4:	1f 93       	push	r17
     dd6:	cf 93       	push	r28
     dd8:	df 93       	push	r29
     dda:	cd b7       	in	r28, 0x3d	; 61
     ddc:	de b7       	in	r29, 0x3e	; 62
     dde:	60 97       	sbiw	r28, 0x10	; 16
     de0:	0f b6       	in	r0, 0x3f	; 63
     de2:	f8 94       	cli
     de4:	de bf       	out	0x3e, r29	; 62
     de6:	0f be       	out	0x3f, r0	; 63
     de8:	cd bf       	out	0x3d, r28	; 61
    uint8_t frame[PROTOCOL_FRAME_SIZE];
    I2CSlaveRequestState request_state;
    ProtocolRequest request;
    ProtocolStatus validation;

    if (I2C_Slave_RequestAvailable() == 0U)
     dea:	0e 94 14 02 	call	0x428	; 0x428 <I2C_Slave_RequestAvailable>
     dee:	88 23       	and	r24, r24
     df0:	11 f1       	breq	.+68     	; 0xe36 <Slave1_ServiceI2C+0x62>
    {
        return;
    }

    request_state = I2C_Slave_GetRequest(frame);
     df2:	ce 01       	movw	r24, r28
     df4:	01 96       	adiw	r24, 0x01	; 1
     df6:	0e 94 29 02 	call	0x452	; 0x452 <I2C_Slave_GetRequest>
     dfa:	18 2f       	mov	r17, r24
    if (request_state == I2C_SLAVE_REQUEST_NONE)
     dfc:	88 23       	and	r24, r24
     dfe:	d9 f0       	breq	.+54     	; 0xe36 <Slave1_ServiceI2C+0x62>
    {
        return;
    }

    // Decodifica y valida la trama congelada fuera de la interrupcion.
    validation = Protocol_DecodeRequest(frame, &request);
     e00:	be 01       	movw	r22, r28
     e02:	67 5f       	subi	r22, 0xF7	; 247
     e04:	7f 4f       	sbci	r23, 0xFF	; 255
     e06:	ce 01       	movw	r24, r28
     e08:	01 96       	adiw	r24, 0x01	; 1
     e0a:	0e 94 ad 08 	call	0x115a	; 0x115a <Protocol_DecodeRequest>

    // Una segunda solicitud conservada recibe BUSY y no reemplaza la primera.
    if (request_state == I2C_SLAVE_REQUEST_REJECTED_BUSY)
     e0e:	12 30       	cpi	r17, 0x02	; 2
     e10:	31 f4       	brne	.+12     	; 0xe1e <Slave1_ServiceI2C+0x4a>
    {
        (void)Slave1_SendStatus(&request, BUSY);
     e12:	62 e0       	ldi	r22, 0x02	; 2
     e14:	ce 01       	movw	r24, r28
     e16:	09 96       	adiw	r24, 0x09	; 9
     e18:	0e 94 b4 05 	call	0xb68	; 0xb68 <Slave1_SendStatus>
        return;
     e1c:	0c c0       	rjmp	.+24     	; 0xe36 <Slave1_ServiceI2C+0x62>
    }

    if (validation != OK)
     e1e:	88 23       	and	r24, r24
     e20:	31 f0       	breq	.+12     	; 0xe2e <Slave1_ServiceI2C+0x5a>
    {
        (void)Slave1_SendStatus(&request, validation);
     e22:	68 2f       	mov	r22, r24
     e24:	ce 01       	movw	r24, r28
     e26:	09 96       	adiw	r24, 0x09	; 9
     e28:	0e 94 b4 05 	call	0xb68	; 0xb68 <Slave1_SendStatus>
        return;
     e2c:	04 c0       	rjmp	.+8      	; 0xe36 <Slave1_ServiceI2C+0x62>
    }

    Slave1_HandleValidatedRequest(&request);
     e2e:	ce 01       	movw	r24, r28
     e30:	09 96       	adiw	r24, 0x09	; 9
     e32:	0e 94 75 06 	call	0xcea	; 0xcea <Slave1_HandleValidatedRequest>
}
     e36:	60 96       	adiw	r28, 0x10	; 16
     e38:	0f b6       	in	r0, 0x3f	; 63
     e3a:	f8 94       	cli
     e3c:	de bf       	out	0x3e, r29	; 62
     e3e:	0f be       	out	0x3f, r0	; 63
     e40:	cd bf       	out	0x3d, r28	; 61
     e42:	df 91       	pop	r29
     e44:	cf 91       	pop	r28
     e46:	1f 91       	pop	r17
     e48:	08 95       	ret

00000e4a <main>:
int main(void)
{
    uint8_t delay_ms;

    // Configura HC-SR04, servo de agua, puente H e I2C Slave.
    (void)HCSR04_Init(&DDRC,
     e4a:	68 94       	set
     e4c:	ee 24       	eor	r14, r14
     e4e:	e1 f8       	bld	r14, 1
     e50:	06 e2       	ldi	r16, 0x26	; 38
     e52:	10 e0       	ldi	r17, 0x00	; 0
     e54:	27 e2       	ldi	r18, 0x27	; 39
     e56:	30 e0       	ldi	r19, 0x00	; 0
     e58:	43 e0       	ldi	r20, 0x03	; 3
     e5a:	68 e2       	ldi	r22, 0x28	; 40
     e5c:	70 e0       	ldi	r23, 0x00	; 0
     e5e:	87 e2       	ldi	r24, 0x27	; 39
     e60:	90 e0       	ldi	r25, 0x00	; 0
     e62:	0e 94 ba 00 	call	0x174	; 0x174 <HCSR04_Init>
                      PC3,
                      &DDRC,
                      &PINC,
                      PC2);

    (void)Servo_Init(&DDRB, &PORTB, PB3);
     e66:	43 e0       	ldi	r20, 0x03	; 3
     e68:	65 e2       	ldi	r22, 0x25	; 37
     e6a:	70 e0       	ldi	r23, 0x00	; 0
     e6c:	84 e2       	ldi	r24, 0x24	; 36
     e6e:	90 e0       	ldi	r25, 0x00	; 0
     e70:	0e 94 e9 08 	call	0x11d2	; 0x11d2 <Servo_Init>

    // L298N: ENA=D9, IN1=D7 e IN2=D8 en la placa Arduino Nano.
    dc_motor_initialized = L298N_Init(&DDRB,
     e74:	81 2c       	mov	r8, r1
     e76:	0f 2e       	mov	r0, r31
     e78:	f5 e2       	ldi	r31, 0x25	; 37
     e7a:	af 2e       	mov	r10, r31
     e7c:	b1 2c       	mov	r11, r1
     e7e:	f0 2d       	mov	r31, r0
     e80:	0f 2e       	mov	r0, r31
     e82:	f4 e2       	ldi	r31, 0x24	; 36
     e84:	cf 2e       	mov	r12, r31
     e86:	d1 2c       	mov	r13, r1
     e88:	f0 2d       	mov	r31, r0
     e8a:	0f 2e       	mov	r0, r31
     e8c:	f7 e0       	ldi	r31, 0x07	; 7
     e8e:	ef 2e       	mov	r14, r31
     e90:	f0 2d       	mov	r31, r0
     e92:	0b e2       	ldi	r16, 0x2B	; 43
     e94:	10 e0       	ldi	r17, 0x00	; 0
     e96:	2a e2       	ldi	r18, 0x2A	; 42
     e98:	30 e0       	ldi	r19, 0x00	; 0
     e9a:	41 e0       	ldi	r20, 0x01	; 1
     e9c:	65 e2       	ldi	r22, 0x25	; 37
     e9e:	70 e0       	ldi	r23, 0x00	; 0
     ea0:	84 e2       	ldi	r24, 0x24	; 36
     ea2:	90 e0       	ldi	r25, 0x00	; 0
     ea4:	0e 94 df 03 	call	0x7be	; 0x7be <L298N_Init>
     ea8:	80 93 48 01 	sts	0x0148, r24	; 0x800148 <dc_motor_initialized>
                                     &PORTD,
                                     SLAVE1_L298N_IN1_PIN,
                                     &DDRB,
                                     &PORTB,
                                     SLAVE1_L298N_IN2_PIN);
    L298N_Stop();
     eac:	0e 94 e4 04 	call	0x9c8	; 0x9c8 <L298N_Stop>

    (void)I2C_Slave_Init(SLAVE1_I2C_ADDRESS);
     eb0:	81 e1       	ldi	r24, 0x11	; 17
     eb2:	0e 94 f2 01 	call	0x3e4	; 0x3e4 <I2C_Slave_Init>
    sei();
     eb6:	78 94       	sei

    // Mide localmente y procesa solicitudes entre cada adquisicion.
    while (1)
    {
        Slave1_ServiceI2C();
     eb8:	0e 94 ea 06 	call	0xdd4	; 0xdd4 <Slave1_ServiceI2C>
        Slave1_UpdateSensor();
     ebc:	0e 94 6f 05 	call	0xade	; 0xade <Slave1_UpdateSensor>
        Slave1_ServiceI2C();
     ec0:	0e 94 ea 06 	call	0xdd4	; 0xdd4 <Slave1_ServiceI2C>

        for (delay_ms = 0U;
     ec4:	c0 e0       	ldi	r28, 0x00	; 0
     ec6:	09 c0       	rjmp	.+18     	; 0xeda <main+0x90>
             delay_ms < SLAVE1_SAMPLE_INTERVAL_MS;
             delay_ms++)
        {
            Slave1_ServiceI2C();
     ec8:	0e 94 ea 06 	call	0xdd4	; 0xdd4 <Slave1_ServiceI2C>
	#else
		//round up by default
		__ticks_dc = (uint32_t)(ceil(fabs(__tmp)));
	#endif

	__builtin_avr_delay_cycles(__ticks_dc);
     ecc:	8f e9       	ldi	r24, 0x9F	; 159
     ece:	9f e0       	ldi	r25, 0x0F	; 15
     ed0:	01 97       	sbiw	r24, 0x01	; 1
     ed2:	f1 f7       	brne	.-4      	; 0xed0 <main+0x86>
     ed4:	00 c0       	rjmp	.+0      	; 0xed6 <main+0x8c>
     ed6:	00 00       	nop
        Slave1_UpdateSensor();
        Slave1_ServiceI2C();

        for (delay_ms = 0U;
             delay_ms < SLAVE1_SAMPLE_INTERVAL_MS;
             delay_ms++)
     ed8:	cf 5f       	subi	r28, 0xFF	; 255
    {
        Slave1_ServiceI2C();
        Slave1_UpdateSensor();
        Slave1_ServiceI2C();

        for (delay_ms = 0U;
     eda:	cc 33       	cpi	r28, 0x3C	; 60
     edc:	a8 f3       	brcs	.-22     	; 0xec8 <main+0x7e>
     ede:	ec cf       	rjmp	.-40     	; 0xeb8 <main+0x6e>

00000ee0 <Protocol_Clear>:

    for (index = 0U; index < PROTOCOL_REQUEST_DATA_SIZE; index++)
    {
        frame[index + 3U] = request->data[index];
    }
}
     ee0:	9c 01       	movw	r18, r24
     ee2:	90 e0       	ldi	r25, 0x00	; 0
     ee4:	05 c0       	rjmp	.+10     	; 0xef0 <Protocol_Clear+0x10>
     ee6:	f9 01       	movw	r30, r18
     ee8:	e9 0f       	add	r30, r25
     eea:	f1 1d       	adc	r31, r1
     eec:	10 82       	st	Z, r1
     eee:	9f 5f       	subi	r25, 0xFF	; 255
     ef0:	96 17       	cp	r25, r22
     ef2:	c8 f3       	brcs	.-14     	; 0xee6 <Protocol_Clear+0x6>
     ef4:	08 95       	ret

00000ef6 <Protocol_Copy>:
     ef6:	cf 93       	push	r28
     ef8:	df 93       	push	r29
     efa:	dc 01       	movw	r26, r24
     efc:	90 e0       	ldi	r25, 0x00	; 0
     efe:	0b c0       	rjmp	.+22     	; 0xf16 <Protocol_Copy+0x20>
     f00:	29 2f       	mov	r18, r25
     f02:	30 e0       	ldi	r19, 0x00	; 0
     f04:	fd 01       	movw	r30, r26
     f06:	e2 0f       	add	r30, r18
     f08:	f3 1f       	adc	r31, r19
     f0a:	eb 01       	movw	r28, r22
     f0c:	c2 0f       	add	r28, r18
     f0e:	d3 1f       	adc	r29, r19
     f10:	28 81       	ld	r18, Y
     f12:	20 83       	st	Z, r18
     f14:	9f 5f       	subi	r25, 0xFF	; 255
     f16:	94 17       	cp	r25, r20
     f18:	98 f3       	brcs	.-26     	; 0xf00 <Protocol_Copy+0xa>
     f1a:	df 91       	pop	r29
     f1c:	cf 91       	pop	r28
     f1e:	08 95       	ret

00000f20 <Protocol_IsKnownCommand>:
     f20:	81 50       	subi	r24, 0x01	; 1
     f22:	86 30       	cpi	r24, 0x06	; 6
     f24:	10 f4       	brcc	.+4      	; 0xf2a <Protocol_IsKnownCommand+0xa>
     f26:	81 e0       	ldi	r24, 0x01	; 1
     f28:	08 95       	ret
     f2a:	80 e0       	ldi	r24, 0x00	; 0
     f2c:	08 95       	ret

00000f2e <Protocol_IsKnownDevice>:
     f2e:	9f ef       	ldi	r25, 0xFF	; 255
     f30:	98 0f       	add	r25, r24
     f32:	96 30       	cpi	r25, 0x06	; 6
     f34:	20 f0       	brcs	.+8      	; 0xf3e <Protocol_IsKnownDevice+0x10>
     f36:	8f 37       	cpi	r24, 0x7F	; 127
     f38:	21 f4       	brne	.+8      	; 0xf42 <Protocol_IsKnownDevice+0x14>
     f3a:	81 e0       	ldi	r24, 0x01	; 1
     f3c:	08 95       	ret
     f3e:	81 e0       	ldi	r24, 0x01	; 1
     f40:	08 95       	ret
     f42:	80 e0       	ldi	r24, 0x00	; 0
     f44:	08 95       	ret

00000f46 <Protocol_IsKnownStatus>:
     f46:	89 30       	cpi	r24, 0x09	; 9
     f48:	10 f4       	brcc	.+4      	; 0xf4e <Protocol_IsKnownStatus+0x8>
     f4a:	81 e0       	ldi	r24, 0x01	; 1
     f4c:	08 95       	ret
     f4e:	80 e0       	ldi	r24, 0x00	; 0
     f50:	08 95       	ret

00000f52 <Protocol_ValidateRequest>:
     f52:	0f 93       	push	r16
     f54:	1f 93       	push	r17
     f56:	cf 93       	push	r28
     f58:	df 93       	push	r29
     f5a:	00 97       	sbiw	r24, 0x00	; 0
     f5c:	09 f4       	brne	.+2      	; 0xf60 <Protocol_ValidateRequest+0xe>
     f5e:	66 c0       	rjmp	.+204    	; 0x102c <Protocol_ValidateRequest+0xda>
     f60:	ec 01       	movw	r28, r24
     f62:	18 81       	ld	r17, Y
     f64:	81 2f       	mov	r24, r17
     f66:	0e 94 90 07 	call	0xf20	; 0xf20 <Protocol_IsKnownCommand>
     f6a:	88 23       	and	r24, r24
     f6c:	09 f4       	brne	.+2      	; 0xf70 <Protocol_ValidateRequest+0x1e>
     f6e:	60 c0       	rjmp	.+192    	; 0x1030 <Protocol_ValidateRequest+0xde>
     f70:	09 81       	ldd	r16, Y+1	; 0x01
     f72:	80 2f       	mov	r24, r16
     f74:	0e 94 97 07 	call	0xf2e	; 0xf2e <Protocol_IsKnownDevice>
     f78:	88 23       	and	r24, r24
     f7a:	09 f4       	brne	.+2      	; 0xf7e <Protocol_ValidateRequest+0x2c>
     f7c:	5b c0       	rjmp	.+182    	; 0x1034 <Protocol_ValidateRequest+0xe2>
     f7e:	2a 81       	ldd	r18, Y+2	; 0x02
     f80:	26 30       	cpi	r18, 0x06	; 6
     f82:	08 f0       	brcs	.+2      	; 0xf86 <Protocol_ValidateRequest+0x34>
     f84:	59 c0       	rjmp	.+178    	; 0x1038 <Protocol_ValidateRequest+0xe6>
     f86:	82 2f       	mov	r24, r18
     f88:	07 c0       	rjmp	.+14     	; 0xf98 <Protocol_ValidateRequest+0x46>
     f8a:	fe 01       	movw	r30, r28
     f8c:	e8 0f       	add	r30, r24
     f8e:	f1 1d       	adc	r31, r1
     f90:	93 81       	ldd	r25, Z+3	; 0x03
     f92:	91 11       	cpse	r25, r1
     f94:	53 c0       	rjmp	.+166    	; 0x103c <Protocol_ValidateRequest+0xea>
     f96:	8f 5f       	subi	r24, 0xFF	; 255
     f98:	85 30       	cpi	r24, 0x05	; 5
     f9a:	b8 f3       	brcs	.-18     	; 0xf8a <Protocol_ValidateRequest+0x38>
     f9c:	13 30       	cpi	r17, 0x03	; 3
     f9e:	c1 f0       	breq	.+48     	; 0xfd0 <Protocol_ValidateRequest+0x7e>
     fa0:	28 f4       	brcc	.+10     	; 0xfac <Protocol_ValidateRequest+0x5a>
     fa2:	11 30       	cpi	r17, 0x01	; 1
     fa4:	49 f0       	breq	.+18     	; 0xfb8 <Protocol_ValidateRequest+0x66>
     fa6:	12 30       	cpi	r17, 0x02	; 2
     fa8:	59 f0       	breq	.+22     	; 0xfc0 <Protocol_ValidateRequest+0x6e>
     faa:	4a c0       	rjmp	.+148    	; 0x1040 <Protocol_ValidateRequest+0xee>
     fac:	15 30       	cpi	r17, 0x05	; 5
     fae:	19 f1       	breq	.+70     	; 0xff6 <Protocol_ValidateRequest+0xa4>
     fb0:	c8 f0       	brcs	.+50     	; 0xfe4 <Protocol_ValidateRequest+0x92>
     fb2:	16 30       	cpi	r17, 0x06	; 6
     fb4:	89 f1       	breq	.+98     	; 0x1018 <Protocol_ValidateRequest+0xc6>
     fb6:	44 c0       	rjmp	.+136    	; 0x1040 <Protocol_ValidateRequest+0xee>
     fb8:	21 11       	cpse	r18, r1
     fba:	44 c0       	rjmp	.+136    	; 0x1044 <Protocol_ValidateRequest+0xf2>
     fbc:	80 e0       	ldi	r24, 0x00	; 0
     fbe:	5f c0       	rjmp	.+190    	; 0x107e <Protocol_ValidateRequest+0x12c>
     fc0:	01 50       	subi	r16, 0x01	; 1
     fc2:	02 30       	cpi	r16, 0x02	; 2
     fc4:	08 f0       	brcs	.+2      	; 0xfc8 <Protocol_ValidateRequest+0x76>
     fc6:	40 c0       	rjmp	.+128    	; 0x1048 <Protocol_ValidateRequest+0xf6>
     fc8:	21 11       	cpse	r18, r1
     fca:	40 c0       	rjmp	.+128    	; 0x104c <Protocol_ValidateRequest+0xfa>
     fcc:	80 e0       	ldi	r24, 0x00	; 0
     fce:	57 c0       	rjmp	.+174    	; 0x107e <Protocol_ValidateRequest+0x12c>
     fd0:	03 50       	subi	r16, 0x03	; 3
     fd2:	02 30       	cpi	r16, 0x02	; 2
     fd4:	e8 f5       	brcc	.+122    	; 0x1050 <Protocol_ValidateRequest+0xfe>
     fd6:	21 30       	cpi	r18, 0x01	; 1
     fd8:	e9 f5       	brne	.+122    	; 0x1054 <Protocol_ValidateRequest+0x102>
     fda:	8b 81       	ldd	r24, Y+3	; 0x03
     fdc:	85 3b       	cpi	r24, 0xB5	; 181
     fde:	e0 f5       	brcc	.+120    	; 0x1058 <Protocol_ValidateRequest+0x106>
     fe0:	80 e0       	ldi	r24, 0x00	; 0
     fe2:	4d c0       	rjmp	.+154    	; 0x107e <Protocol_ValidateRequest+0x12c>
     fe4:	05 30       	cpi	r16, 0x05	; 5
     fe6:	d1 f5       	brne	.+116    	; 0x105c <Protocol_ValidateRequest+0x10a>
     fe8:	22 30       	cpi	r18, 0x02	; 2
     fea:	d1 f5       	brne	.+116    	; 0x1060 <Protocol_ValidateRequest+0x10e>
     fec:	8b 81       	ldd	r24, Y+3	; 0x03
     fee:	82 30       	cpi	r24, 0x02	; 2
     ff0:	c8 f5       	brcc	.+114    	; 0x1064 <Protocol_ValidateRequest+0x112>
     ff2:	80 e0       	ldi	r24, 0x00	; 0
     ff4:	44 c0       	rjmp	.+136    	; 0x107e <Protocol_ValidateRequest+0x12c>
     ff6:	06 30       	cpi	r16, 0x06	; 6
     ff8:	b9 f5       	brne	.+110    	; 0x1068 <Protocol_ValidateRequest+0x116>
     ffa:	25 30       	cpi	r18, 0x05	; 5
     ffc:	b9 f5       	brne	.+110    	; 0x106c <Protocol_ValidateRequest+0x11a>
     ffe:	8b 81       	ldd	r24, Y+3	; 0x03
    1000:	82 30       	cpi	r24, 0x02	; 2
    1002:	b0 f5       	brcc	.+108    	; 0x1070 <Protocol_ValidateRequest+0x11e>
    1004:	8e 81       	ldd	r24, Y+6	; 0x06
    1006:	90 e0       	ldi	r25, 0x00	; 0
    1008:	98 2f       	mov	r25, r24
    100a:	88 27       	eor	r24, r24
    100c:	2f 81       	ldd	r18, Y+7	; 0x07
    100e:	82 2b       	or	r24, r18
    1010:	89 2b       	or	r24, r25
    1012:	81 f1       	breq	.+96     	; 0x1074 <Protocol_ValidateRequest+0x122>
    1014:	80 e0       	ldi	r24, 0x00	; 0
    1016:	33 c0       	rjmp	.+102    	; 0x107e <Protocol_ValidateRequest+0x12c>
    1018:	8b ef       	ldi	r24, 0xFB	; 251
    101a:	80 0f       	add	r24, r16
    101c:	82 30       	cpi	r24, 0x02	; 2
    101e:	10 f0       	brcs	.+4      	; 0x1024 <Protocol_ValidateRequest+0xd2>
    1020:	0f 37       	cpi	r16, 0x7F	; 127
    1022:	51 f5       	brne	.+84     	; 0x1078 <Protocol_ValidateRequest+0x126>
    1024:	21 11       	cpse	r18, r1
    1026:	2a c0       	rjmp	.+84     	; 0x107c <Protocol_ValidateRequest+0x12a>
    1028:	80 e0       	ldi	r24, 0x00	; 0
    102a:	29 c0       	rjmp	.+82     	; 0x107e <Protocol_ValidateRequest+0x12c>
    102c:	86 e0       	ldi	r24, 0x06	; 6
    102e:	27 c0       	rjmp	.+78     	; 0x107e <Protocol_ValidateRequest+0x12c>
    1030:	83 e0       	ldi	r24, 0x03	; 3
    1032:	25 c0       	rjmp	.+74     	; 0x107e <Protocol_ValidateRequest+0x12c>
    1034:	84 e0       	ldi	r24, 0x04	; 4
    1036:	23 c0       	rjmp	.+70     	; 0x107e <Protocol_ValidateRequest+0x12c>
    1038:	85 e0       	ldi	r24, 0x05	; 5
    103a:	21 c0       	rjmp	.+66     	; 0x107e <Protocol_ValidateRequest+0x12c>
    103c:	86 e0       	ldi	r24, 0x06	; 6
    103e:	1f c0       	rjmp	.+62     	; 0x107e <Protocol_ValidateRequest+0x12c>
    1040:	83 e0       	ldi	r24, 0x03	; 3
    1042:	1d c0       	rjmp	.+58     	; 0x107e <Protocol_ValidateRequest+0x12c>
    1044:	85 e0       	ldi	r24, 0x05	; 5
    1046:	1b c0       	rjmp	.+54     	; 0x107e <Protocol_ValidateRequest+0x12c>
    1048:	84 e0       	ldi	r24, 0x04	; 4
    104a:	19 c0       	rjmp	.+50     	; 0x107e <Protocol_ValidateRequest+0x12c>
    104c:	85 e0       	ldi	r24, 0x05	; 5
    104e:	17 c0       	rjmp	.+46     	; 0x107e <Protocol_ValidateRequest+0x12c>
    1050:	84 e0       	ldi	r24, 0x04	; 4
    1052:	15 c0       	rjmp	.+42     	; 0x107e <Protocol_ValidateRequest+0x12c>
    1054:	85 e0       	ldi	r24, 0x05	; 5
    1056:	13 c0       	rjmp	.+38     	; 0x107e <Protocol_ValidateRequest+0x12c>
    1058:	86 e0       	ldi	r24, 0x06	; 6
    105a:	11 c0       	rjmp	.+34     	; 0x107e <Protocol_ValidateRequest+0x12c>
    105c:	84 e0       	ldi	r24, 0x04	; 4
    105e:	0f c0       	rjmp	.+30     	; 0x107e <Protocol_ValidateRequest+0x12c>
    1060:	85 e0       	ldi	r24, 0x05	; 5
    1062:	0d c0       	rjmp	.+26     	; 0x107e <Protocol_ValidateRequest+0x12c>
    1064:	86 e0       	ldi	r24, 0x06	; 6
    1066:	0b c0       	rjmp	.+22     	; 0x107e <Protocol_ValidateRequest+0x12c>
    1068:	84 e0       	ldi	r24, 0x04	; 4
    106a:	09 c0       	rjmp	.+18     	; 0x107e <Protocol_ValidateRequest+0x12c>
    106c:	85 e0       	ldi	r24, 0x05	; 5
    106e:	07 c0       	rjmp	.+14     	; 0x107e <Protocol_ValidateRequest+0x12c>
    1070:	86 e0       	ldi	r24, 0x06	; 6
    1072:	05 c0       	rjmp	.+10     	; 0x107e <Protocol_ValidateRequest+0x12c>
    1074:	86 e0       	ldi	r24, 0x06	; 6
    1076:	03 c0       	rjmp	.+6      	; 0x107e <Protocol_ValidateRequest+0x12c>
    1078:	84 e0       	ldi	r24, 0x04	; 4
    107a:	01 c0       	rjmp	.+2      	; 0x107e <Protocol_ValidateRequest+0x12c>
    107c:	85 e0       	ldi	r24, 0x05	; 5
    107e:	df 91       	pop	r29
    1080:	cf 91       	pop	r28
    1082:	1f 91       	pop	r17
    1084:	0f 91       	pop	r16
    1086:	08 95       	ret

00001088 <Protocol_CreateResponse>:
    1088:	cf 92       	push	r12
    108a:	df 92       	push	r13
    108c:	ef 92       	push	r14
    108e:	ff 92       	push	r15
    1090:	0f 93       	push	r16
    1092:	1f 93       	push	r17
    1094:	cf 93       	push	r28
    1096:	df 93       	push	r29
    1098:	00 97       	sbiw	r24, 0x00	; 0
    109a:	11 f1       	breq	.+68     	; 0x10e0 <Protocol_CreateResponse+0x58>
    109c:	12 2f       	mov	r17, r18
    109e:	d4 2e       	mov	r13, r20
    10a0:	c6 2e       	mov	r12, r22
    10a2:	ec 01       	movw	r28, r24
    10a4:	82 2f       	mov	r24, r18
    10a6:	0e 94 a3 07 	call	0xf46	; 0xf46 <Protocol_IsKnownStatus>
    10aa:	88 23       	and	r24, r24
    10ac:	d9 f0       	breq	.+54     	; 0x10e4 <Protocol_CreateResponse+0x5c>
    10ae:	05 30       	cpi	r16, 0x05	; 5
    10b0:	d8 f4       	brcc	.+54     	; 0x10e8 <Protocol_CreateResponse+0x60>
    10b2:	00 23       	and	r16, r16
    10b4:	19 f0       	breq	.+6      	; 0x10bc <Protocol_CreateResponse+0x34>
    10b6:	e1 14       	cp	r14, r1
    10b8:	f1 04       	cpc	r15, r1
    10ba:	c1 f0       	breq	.+48     	; 0x10ec <Protocol_CreateResponse+0x64>
    10bc:	c8 82       	st	Y, r12
    10be:	d9 82       	std	Y+1, r13	; 0x01
    10c0:	1a 83       	std	Y+2, r17	; 0x02
    10c2:	0b 83       	std	Y+3, r16	; 0x03
    10c4:	24 96       	adiw	r28, 0x04	; 4
    10c6:	64 e0       	ldi	r22, 0x04	; 4
    10c8:	ce 01       	movw	r24, r28
    10ca:	0e 94 70 07 	call	0xee0	; 0xee0 <Protocol_Clear>
    10ce:	00 23       	and	r16, r16
    10d0:	79 f0       	breq	.+30     	; 0x10f0 <Protocol_CreateResponse+0x68>
    10d2:	40 2f       	mov	r20, r16
    10d4:	b7 01       	movw	r22, r14
    10d6:	ce 01       	movw	r24, r28
    10d8:	0e 94 7b 07 	call	0xef6	; 0xef6 <Protocol_Copy>
    10dc:	80 e0       	ldi	r24, 0x00	; 0
    10de:	09 c0       	rjmp	.+18     	; 0x10f2 <Protocol_CreateResponse+0x6a>
    10e0:	86 e0       	ldi	r24, 0x06	; 6
    10e2:	07 c0       	rjmp	.+14     	; 0x10f2 <Protocol_CreateResponse+0x6a>
    10e4:	86 e0       	ldi	r24, 0x06	; 6
    10e6:	05 c0       	rjmp	.+10     	; 0x10f2 <Protocol_CreateResponse+0x6a>
    10e8:	85 e0       	ldi	r24, 0x05	; 5
    10ea:	03 c0       	rjmp	.+6      	; 0x10f2 <Protocol_CreateResponse+0x6a>
    10ec:	86 e0       	ldi	r24, 0x06	; 6
    10ee:	01 c0       	rjmp	.+2      	; 0x10f2 <Protocol_CreateResponse+0x6a>
    10f0:	80 e0       	ldi	r24, 0x00	; 0
    10f2:	df 91       	pop	r29
    10f4:	cf 91       	pop	r28
    10f6:	1f 91       	pop	r17
    10f8:	0f 91       	pop	r16
    10fa:	ff 90       	pop	r15
    10fc:	ef 90       	pop	r14
    10fe:	df 90       	pop	r13
    1100:	cf 90       	pop	r12
    1102:	08 95       	ret

00001104 <Protocol_EncodeResponse>:

// Convierte una respuesta estructurada en ocho bytes para transporte.
void Protocol_EncodeResponse(
    const ProtocolResponse *response,
    uint8_t frame[PROTOCOL_FRAME_SIZE])
{
    1104:	cf 93       	push	r28
    1106:	df 93       	push	r29
    1108:	dc 01       	movw	r26, r24
    110a:	eb 01       	movw	r28, r22
    uint8_t index;

    if ((response == NULL) || (frame == NULL))
    110c:	89 2b       	or	r24, r25
    110e:	11 f1       	breq	.+68     	; 0x1154 <Protocol_EncodeResponse+0x50>
    1110:	20 97       	sbiw	r28, 0x00	; 0
    1112:	01 f1       	breq	.+64     	; 0x1154 <Protocol_EncodeResponse+0x50>
    {
        return;
    }

    frame[0] = response->command;
    1114:	8c 91       	ld	r24, X
    1116:	88 83       	st	Y, r24
    frame[1] = response->device;
    1118:	11 96       	adiw	r26, 0x01	; 1
    111a:	8c 91       	ld	r24, X
    111c:	11 97       	sbiw	r26, 0x01	; 1
    111e:	89 83       	std	Y+1, r24	; 0x01
    frame[2] = response->status;
    1120:	12 96       	adiw	r26, 0x02	; 2
    1122:	8c 91       	ld	r24, X
    1124:	12 97       	sbiw	r26, 0x02	; 2
    1126:	8a 83       	std	Y+2, r24	; 0x02
    frame[3] = response->length;
    1128:	13 96       	adiw	r26, 0x03	; 3
    112a:	8c 91       	ld	r24, X
    112c:	13 97       	sbiw	r26, 0x03	; 3
    112e:	8b 83       	std	Y+3, r24	; 0x03

    for (index = 0U; index < PROTOCOL_RESPONSE_DATA_SIZE; index++)
    1130:	90 e0       	ldi	r25, 0x00	; 0
    1132:	0e c0       	rjmp	.+28     	; 0x1150 <Protocol_EncodeResponse+0x4c>
    {
        frame[index + 4U] = response->data[index];
    1134:	29 2f       	mov	r18, r25
    1136:	30 e0       	ldi	r19, 0x00	; 0
    1138:	f9 01       	movw	r30, r18
    113a:	34 96       	adiw	r30, 0x04	; 4
    113c:	af 01       	movw	r20, r30
    113e:	4c 0f       	add	r20, r28
    1140:	5d 1f       	adc	r21, r29
    1142:	2a 0f       	add	r18, r26
    1144:	3b 1f       	adc	r19, r27
    1146:	f9 01       	movw	r30, r18
    1148:	84 81       	ldd	r24, Z+4	; 0x04
    114a:	fa 01       	movw	r30, r20
    114c:	80 83       	st	Z, r24
    frame[0] = response->command;
    frame[1] = response->device;
    frame[2] = response->status;
    frame[3] = response->length;

    for (index = 0U; index < PROTOCOL_RESPONSE_DATA_SIZE; index++)
    114e:	9f 5f       	subi	r25, 0xFF	; 255
    1150:	94 30       	cpi	r25, 0x04	; 4
    1152:	80 f3       	brcs	.-32     	; 0x1134 <Protocol_EncodeResponse+0x30>
    {
        frame[index + 4U] = response->data[index];
    }
}
    1154:	df 91       	pop	r29
    1156:	cf 91       	pop	r28
    1158:	08 95       	ret

0000115a <Protocol_DecodeRequest>:

// Separa los ocho bytes recibidos y valida la solicitud obtenida.
ProtocolStatus Protocol_DecodeRequest(
    const uint8_t frame[PROTOCOL_FRAME_SIZE],
    ProtocolRequest *request)
{
    115a:	fc 01       	movw	r30, r24
    uint8_t index;

    if ((frame == NULL) || (request == NULL))
    115c:	89 2b       	or	r24, r25
    115e:	11 f1       	breq	.+68     	; 0x11a4 <Protocol_DecodeRequest+0x4a>
    1160:	61 15       	cp	r22, r1
    1162:	71 05       	cpc	r23, r1
    1164:	09 f1       	breq	.+66     	; 0x11a8 <Protocol_DecodeRequest+0x4e>
    {
        return INVALID_VALUE;
    }

    request->command = frame[0];
    1166:	80 81       	ld	r24, Z
    1168:	db 01       	movw	r26, r22
    116a:	8c 93       	st	X, r24
    request->device = frame[1];
    116c:	81 81       	ldd	r24, Z+1	; 0x01
    116e:	11 96       	adiw	r26, 0x01	; 1
    1170:	8c 93       	st	X, r24
    1172:	11 97       	sbiw	r26, 0x01	; 1
    request->length = frame[2];
    1174:	82 81       	ldd	r24, Z+2	; 0x02
    1176:	12 96       	adiw	r26, 0x02	; 2
    1178:	8c 93       	st	X, r24

    for (index = 0U; index < PROTOCOL_REQUEST_DATA_SIZE; index++)
    117a:	90 e0       	ldi	r25, 0x00	; 0
    117c:	0d c0       	rjmp	.+26     	; 0x1198 <Protocol_DecodeRequest+0x3e>
    {
        request->data[index] = frame[index + 3U];
    117e:	29 2f       	mov	r18, r25
    1180:	30 e0       	ldi	r19, 0x00	; 0
    1182:	df 01       	movw	r26, r30
    1184:	a2 0f       	add	r26, r18
    1186:	b3 1f       	adc	r27, r19
    1188:	13 96       	adiw	r26, 0x03	; 3
    118a:	8c 91       	ld	r24, X
    118c:	db 01       	movw	r26, r22
    118e:	a2 0f       	add	r26, r18
    1190:	b3 1f       	adc	r27, r19
    1192:	13 96       	adiw	r26, 0x03	; 3
    1194:	8c 93       	st	X, r24

    request->command = frame[0];
    request->device = frame[1];
    request->length = frame[2];

    for (index = 0U; index < PROTOCOL_REQUEST_DATA_SIZE; index++)
    1196:	9f 5f       	subi	r25, 0xFF	; 255
    1198:	95 30       	cpi	r25, 0x05	; 5
    119a:	88 f3       	brcs	.-30     	; 0x117e <Protocol_DecodeRequest+0x24>
    119c:	cb 01       	movw	r24, r22
    {
        request->data[index] = frame[index + 3U];
    }

    return Protocol_ValidateRequest(request);
    119e:	0e 94 a9 07 	call	0xf52	; 0xf52 <Protocol_ValidateRequest>
    11a2:	08 95       	ret
{
    uint8_t index;

    if ((frame == NULL) || (request == NULL))
    {
        return INVALID_VALUE;
    11a4:	86 e0       	ldi	r24, 0x06	; 6
    11a6:	08 95       	ret
    11a8:	86 e0       	ldi	r24, 0x06	; 6
    {
        request->data[index] = frame[index + 3U];
    }

    return Protocol_ValidateRequest(request);
}
    11aa:	08 95       	ret

000011ac <Servo_AngleToTicks>:
{
    uint32_t pulse_ticks = SERVO_MIN_PULSE_TICKS;

    pulse_ticks +=
        ((uint32_t)(SERVO_MAX_PULSE_TICKS -
                    SERVO_MIN_PULSE_TICKS) * angle) /
    11ac:	28 2f       	mov	r18, r24
    11ae:	30 e0       	ldi	r19, 0x00	; 0
    11b0:	a0 ed       	ldi	r26, 0xD0	; 208
    11b2:	b7 e0       	ldi	r27, 0x07	; 7
    11b4:	0e 94 b8 09 	call	0x1370	; 0x1370 <__umulhisi3>
    11b8:	24 eb       	ldi	r18, 0xB4	; 180
    11ba:	30 e0       	ldi	r19, 0x00	; 0
    11bc:	40 e0       	ldi	r20, 0x00	; 0
    11be:	50 e0       	ldi	r21, 0x00	; 0
    11c0:	0e 94 96 09 	call	0x132c	; 0x132c <__udivmodsi4>
// Convierte un angulo de 0 a 180 grados al ancho de pulso de Timer1.
static uint16_t Servo_AngleToTicks(uint8_t angle)
{
    uint32_t pulse_ticks = SERVO_MIN_PULSE_TICKS;

    pulse_ticks +=
    11c4:	da 01       	movw	r26, r20
    11c6:	c9 01       	movw	r24, r18
    11c8:	80 53       	subi	r24, 0x30	; 48
    11ca:	98 4f       	sbci	r25, 0xF8	; 248
    11cc:	af 4f       	sbci	r26, 0xFF	; 255
    11ce:	bf 4f       	sbci	r27, 0xFF	; 255
        ((uint32_t)(SERVO_MAX_PULSE_TICKS -
                    SERVO_MIN_PULSE_TICKS) * angle) /
        SERVO_MAX_ANGLE;

    return (uint16_t)pulse_ticks;
}
    11d0:	08 95       	ret

000011d2 <Servo_Init>:
// Configura el pin de salida y Timer1 para producir periodos de 20 ms.
uint8_t Servo_Init(volatile uint8_t *ddr,
                   volatile uint8_t *port,
                   uint8_t pin)
{
    if ((ddr == NULL) || (port == NULL) || (pin > 7u))
    11d2:	00 97       	sbiw	r24, 0x00	; 0
    11d4:	09 f4       	brne	.+2      	; 0x11d8 <Servo_Init+0x6>
    11d6:	3f c0       	rjmp	.+126    	; 0x1256 <Servo_Init+0x84>
    11d8:	61 15       	cp	r22, r1
    11da:	71 05       	cpc	r23, r1
    11dc:	f1 f1       	breq	.+124    	; 0x125a <Servo_Init+0x88>
    11de:	48 30       	cpi	r20, 0x08	; 8
    11e0:	f0 f5       	brcc	.+124    	; 0x125e <Servo_Init+0x8c>
    {
        return 0u;
    }

    servo_port = port;
    11e2:	70 93 4d 01 	sts	0x014D, r23	; 0x80014d <servo_port+0x1>
    11e6:	60 93 4c 01 	sts	0x014C, r22	; 0x80014c <servo_port>
    servo_pin_mask = (uint8_t)(1u << pin);
    11ea:	21 e0       	ldi	r18, 0x01	; 1
    11ec:	30 e0       	ldi	r19, 0x00	; 0
    11ee:	02 c0       	rjmp	.+4      	; 0x11f4 <Servo_Init+0x22>
    11f0:	22 0f       	add	r18, r18
    11f2:	33 1f       	adc	r19, r19
    11f4:	4a 95       	dec	r20
    11f6:	e2 f7       	brpl	.-8      	; 0x11f0 <Servo_Init+0x1e>
    11f8:	20 93 4b 01 	sts	0x014B, r18	; 0x80014b <servo_pin_mask>
    *ddr |= servo_pin_mask;
    11fc:	fc 01       	movw	r30, r24
    11fe:	30 81       	ld	r19, Z
    1200:	32 2b       	or	r19, r18
    1202:	30 83       	st	Z, r19
    *servo_port &= (uint8_t)~servo_pin_mask;
    1204:	fb 01       	movw	r30, r22
    1206:	80 81       	ld	r24, Z
    1208:	20 95       	com	r18
    120a:	28 23       	and	r18, r24
    120c:	20 83       	st	Z, r18

    TCCR1A = 0u;
    120e:	a0 e8       	ldi	r26, 0x80	; 128
    1210:	b0 e0       	ldi	r27, 0x00	; 0
    1212:	1c 92       	st	X, r1
    TCCR1B = 0u;
    1214:	e1 e8       	ldi	r30, 0x81	; 129
    1216:	f0 e0       	ldi	r31, 0x00	; 0
    1218:	10 82       	st	Z, r1
    TCNT1 = 0u;
    121a:	10 92 85 00 	sts	0x0085, r1	; 0x800085 <__TEXT_REGION_LENGTH__+0x7f8085>
    121e:	10 92 84 00 	sts	0x0084, r1	; 0x800084 <__TEXT_REGION_LENGTH__+0x7f8084>
    ICR1 = SERVO_TIMER_TOP;
    1222:	8f e3       	ldi	r24, 0x3F	; 63
    1224:	9c e9       	ldi	r25, 0x9C	; 156
    1226:	90 93 87 00 	sts	0x0087, r25	; 0x800087 <__TEXT_REGION_LENGTH__+0x7f8087>
    122a:	80 93 86 00 	sts	0x0086, r24	; 0x800086 <__TEXT_REGION_LENGTH__+0x7f8086>
    OCR1A = SERVO_MIN_PULSE_TICKS;
    122e:	80 ed       	ldi	r24, 0xD0	; 208
    1230:	97 e0       	ldi	r25, 0x07	; 7
    1232:	90 93 89 00 	sts	0x0089, r25	; 0x800089 <__TEXT_REGION_LENGTH__+0x7f8089>
    1236:	80 93 88 00 	sts	0x0088, r24	; 0x800088 <__TEXT_REGION_LENGTH__+0x7f8088>
    TIFR1 = (1u << TOV1) | (1u << OCF1A);
    123a:	83 e0       	ldi	r24, 0x03	; 3
    123c:	86 bb       	out	0x16, r24	; 22

    TCCR1A = (1u << WGM11);
    123e:	92 e0       	ldi	r25, 0x02	; 2
    1240:	9c 93       	st	X, r25
    TCCR1B = (1u << WGM13) | (1u << WGM12) |
    1242:	9a e1       	ldi	r25, 0x1A	; 26
    1244:	90 83       	st	Z, r25
             (1u << CS11);
    TIMSK1 = (1u << TOIE1) | (1u << OCIE1A);
    1246:	80 93 6f 00 	sts	0x006F, r24	; 0x80006f <__TEXT_REGION_LENGTH__+0x7f806f>

    servo_angle = SERVO_MIN_ANGLE;
    124a:	10 92 4a 01 	sts	0x014A, r1	; 0x80014a <servo_angle>
    servo_initialized = 1u;
    124e:	81 e0       	ldi	r24, 0x01	; 1
    1250:	80 93 49 01 	sts	0x0149, r24	; 0x800149 <servo_initialized>
    return 1u;
    1254:	08 95       	ret
                   volatile uint8_t *port,
                   uint8_t pin)
{
    if ((ddr == NULL) || (port == NULL) || (pin > 7u))
    {
        return 0u;
    1256:	80 e0       	ldi	r24, 0x00	; 0
    1258:	08 95       	ret
    125a:	80 e0       	ldi	r24, 0x00	; 0
    125c:	08 95       	ret
    125e:	80 e0       	ldi	r24, 0x00	; 0
    TIMSK1 = (1u << TOIE1) | (1u << OCIE1A);

    servo_angle = SERVO_MIN_ANGLE;
    servo_initialized = 1u;
    return 1u;
}
    1260:	08 95       	ret

00001262 <Servo_SetAngle>:

// Actualiza de forma atomica el angulo y el ancho del siguiente pulso.
uint8_t Servo_SetAngle(uint8_t angle)
{
    1262:	cf 93       	push	r28
    uint16_t ticks;

    if ((servo_initialized == 0u) || (angle > SERVO_MAX_ANGLE))
    1264:	90 91 49 01 	lds	r25, 0x0149	; 0x800149 <servo_initialized>
    1268:	99 23       	and	r25, r25
    126a:	b9 f0       	breq	.+46     	; 0x129a <Servo_SetAngle+0x38>
    126c:	85 3b       	cpi	r24, 0xB5	; 181
    126e:	a0 f4       	brcc	.+40     	; 0x1298 <Servo_SetAngle+0x36>
    1270:	c8 2f       	mov	r28, r24
    {
        return 0u;
    }

    ticks = Servo_AngleToTicks(angle);
    1272:	0e 94 d6 08 	call	0x11ac	; 0x11ac <Servo_AngleToTicks>
    1276:	9c 01       	movw	r18, r24

    ATOMIC_BLOCK(ATOMIC_RESTORESTATE)
    1278:	8f b7       	in	r24, 0x3f	; 63
    return 1;
}

static __inline__ uint8_t __iCliRetVal(void)
{
    cli();
    127a:	f8 94       	cli
    127c:	91 e0       	ldi	r25, 0x01	; 1
    127e:	07 c0       	rjmp	.+14     	; 0x128e <Servo_SetAngle+0x2c>
    {
        OCR1A = ticks;
    1280:	30 93 89 00 	sts	0x0089, r19	; 0x800089 <__TEXT_REGION_LENGTH__+0x7f8089>
    1284:	20 93 88 00 	sts	0x0088, r18	; 0x800088 <__TEXT_REGION_LENGTH__+0x7f8088>
        servo_angle = angle;
    1288:	c0 93 4a 01 	sts	0x014A, r28	; 0x80014a <servo_angle>
        return 0u;
    }

    ticks = Servo_AngleToTicks(angle);

    ATOMIC_BLOCK(ATOMIC_RESTORESTATE)
    128c:	90 e0       	ldi	r25, 0x00	; 0
    128e:	91 11       	cpse	r25, r1
    1290:	f7 cf       	rjmp	.-18     	; 0x1280 <Servo_SetAngle+0x1e>
    (void)__s;
}

static __inline__ void __iRestore(const  uint8_t *__s)
{
    SREG = *__s;
    1292:	8f bf       	out	0x3f, r24	; 63
    {
        OCR1A = ticks;
        servo_angle = angle;
    }

    return 1u;
    1294:	91 e0       	ldi	r25, 0x01	; 1
    1296:	01 c0       	rjmp	.+2      	; 0x129a <Servo_SetAngle+0x38>
{
    uint16_t ticks;

    if ((servo_initialized == 0u) || (angle > SERVO_MAX_ANGLE))
    {
        return 0u;
    1298:	90 e0       	ldi	r25, 0x00	; 0
        OCR1A = ticks;
        servo_angle = angle;
    }

    return 1u;
}
    129a:	89 2f       	mov	r24, r25
    129c:	cf 91       	pop	r28
    129e:	08 95       	ret

000012a0 <Servo_GetAngle>:
// Devuelve de forma atomica el ultimo angulo solicitado.
uint8_t Servo_GetAngle(void)
{
    uint8_t angle;

    ATOMIC_BLOCK(ATOMIC_RESTORESTATE)
    12a0:	2f b7       	in	r18, 0x3f	; 63
    return 1;
}

static __inline__ uint8_t __iCliRetVal(void)
{
    cli();
    12a2:	f8 94       	cli
    12a4:	91 e0       	ldi	r25, 0x01	; 1
    12a6:	03 c0       	rjmp	.+6      	; 0x12ae <Servo_GetAngle+0xe>
    {
        angle = servo_angle;
    12a8:	80 91 4a 01 	lds	r24, 0x014A	; 0x80014a <servo_angle>
// Devuelve de forma atomica el ultimo angulo solicitado.
uint8_t Servo_GetAngle(void)
{
    uint8_t angle;

    ATOMIC_BLOCK(ATOMIC_RESTORESTATE)
    12ac:	90 e0       	ldi	r25, 0x00	; 0
    12ae:	91 11       	cpse	r25, r1
    12b0:	fb cf       	rjmp	.-10     	; 0x12a8 <Servo_GetAngle+0x8>
    (void)__s;
}

static __inline__ void __iRestore(const  uint8_t *__s)
{
    SREG = *__s;
    12b2:	2f bf       	out	0x3f, r18	; 63
    {
        angle = servo_angle;
    }

    return angle;
}
    12b4:	08 95       	ret

000012b6 <__vector_13>:
/****************************************/
// Interrupt routines

// Coloca el pin en alto al iniciar cada periodo de 20 ms.
ISR(TIMER1_OVF_vect)
{
    12b6:	1f 92       	push	r1
    12b8:	0f 92       	push	r0
    12ba:	0f b6       	in	r0, 0x3f	; 63
    12bc:	0f 92       	push	r0
    12be:	11 24       	eor	r1, r1
    12c0:	8f 93       	push	r24
    12c2:	9f 93       	push	r25
    12c4:	ef 93       	push	r30
    12c6:	ff 93       	push	r31
    if (servo_port != NULL)
    12c8:	e0 91 4c 01 	lds	r30, 0x014C	; 0x80014c <servo_port>
    12cc:	f0 91 4d 01 	lds	r31, 0x014D	; 0x80014d <servo_port+0x1>
    12d0:	30 97       	sbiw	r30, 0x00	; 0
    12d2:	29 f0       	breq	.+10     	; 0x12de <__vector_13+0x28>
    {
        *servo_port |= servo_pin_mask;
    12d4:	90 81       	ld	r25, Z
    12d6:	80 91 4b 01 	lds	r24, 0x014B	; 0x80014b <servo_pin_mask>
    12da:	89 2b       	or	r24, r25
    12dc:	80 83       	st	Z, r24
    }
}
    12de:	ff 91       	pop	r31
    12e0:	ef 91       	pop	r30
    12e2:	9f 91       	pop	r25
    12e4:	8f 91       	pop	r24
    12e6:	0f 90       	pop	r0
    12e8:	0f be       	out	0x3f, r0	; 63
    12ea:	0f 90       	pop	r0
    12ec:	1f 90       	pop	r1
    12ee:	18 95       	reti

000012f0 <__vector_11>:

// Coloca el pin en bajo al completar el ancho de pulso programado.
ISR(TIMER1_COMPA_vect)
{
    12f0:	1f 92       	push	r1
    12f2:	0f 92       	push	r0
    12f4:	0f b6       	in	r0, 0x3f	; 63
    12f6:	0f 92       	push	r0
    12f8:	11 24       	eor	r1, r1
    12fa:	8f 93       	push	r24
    12fc:	9f 93       	push	r25
    12fe:	ef 93       	push	r30
    1300:	ff 93       	push	r31
    if (servo_port != NULL)
    1302:	e0 91 4c 01 	lds	r30, 0x014C	; 0x80014c <servo_port>
    1306:	f0 91 4d 01 	lds	r31, 0x014D	; 0x80014d <servo_port+0x1>
    130a:	30 97       	sbiw	r30, 0x00	; 0
    130c:	31 f0       	breq	.+12     	; 0x131a <__vector_11+0x2a>
    {
        *servo_port &= (uint8_t)~servo_pin_mask;
    130e:	90 81       	ld	r25, Z
    1310:	80 91 4b 01 	lds	r24, 0x014B	; 0x80014b <servo_pin_mask>
    1314:	80 95       	com	r24
    1316:	89 23       	and	r24, r25
    1318:	80 83       	st	Z, r24
    }
}
    131a:	ff 91       	pop	r31
    131c:	ef 91       	pop	r30
    131e:	9f 91       	pop	r25
    1320:	8f 91       	pop	r24
    1322:	0f 90       	pop	r0
    1324:	0f be       	out	0x3f, r0	; 63
    1326:	0f 90       	pop	r0
    1328:	1f 90       	pop	r1
    132a:	18 95       	reti

0000132c <__udivmodsi4>:
    132c:	a1 e2       	ldi	r26, 0x21	; 33
    132e:	1a 2e       	mov	r1, r26
    1330:	aa 1b       	sub	r26, r26
    1332:	bb 1b       	sub	r27, r27
    1334:	fd 01       	movw	r30, r26
    1336:	0d c0       	rjmp	.+26     	; 0x1352 <__udivmodsi4_ep>

00001338 <__udivmodsi4_loop>:
    1338:	aa 1f       	adc	r26, r26
    133a:	bb 1f       	adc	r27, r27
    133c:	ee 1f       	adc	r30, r30
    133e:	ff 1f       	adc	r31, r31
    1340:	a2 17       	cp	r26, r18
    1342:	b3 07       	cpc	r27, r19
    1344:	e4 07       	cpc	r30, r20
    1346:	f5 07       	cpc	r31, r21
    1348:	20 f0       	brcs	.+8      	; 0x1352 <__udivmodsi4_ep>
    134a:	a2 1b       	sub	r26, r18
    134c:	b3 0b       	sbc	r27, r19
    134e:	e4 0b       	sbc	r30, r20
    1350:	f5 0b       	sbc	r31, r21

00001352 <__udivmodsi4_ep>:
    1352:	66 1f       	adc	r22, r22
    1354:	77 1f       	adc	r23, r23
    1356:	88 1f       	adc	r24, r24
    1358:	99 1f       	adc	r25, r25
    135a:	1a 94       	dec	r1
    135c:	69 f7       	brne	.-38     	; 0x1338 <__udivmodsi4_loop>
    135e:	60 95       	com	r22
    1360:	70 95       	com	r23
    1362:	80 95       	com	r24
    1364:	90 95       	com	r25
    1366:	9b 01       	movw	r18, r22
    1368:	ac 01       	movw	r20, r24
    136a:	bd 01       	movw	r22, r26
    136c:	cf 01       	movw	r24, r30
    136e:	08 95       	ret

00001370 <__umulhisi3>:
    1370:	a2 9f       	mul	r26, r18
    1372:	b0 01       	movw	r22, r0
    1374:	b3 9f       	mul	r27, r19
    1376:	c0 01       	movw	r24, r0
    1378:	a3 9f       	mul	r26, r19
    137a:	70 0d       	add	r23, r0
    137c:	81 1d       	adc	r24, r1
    137e:	11 24       	eor	r1, r1
    1380:	91 1d       	adc	r25, r1
    1382:	b2 9f       	mul	r27, r18
    1384:	70 0d       	add	r23, r0
    1386:	81 1d       	adc	r24, r1
    1388:	11 24       	eor	r1, r1
    138a:	91 1d       	adc	r25, r1
    138c:	08 95       	ret

0000138e <_exit>:
    138e:	f8 94       	cli

00001390 <__stop_program>:
    1390:	ff cf       	rjmp	.-2      	; 0x1390 <__stop_program>
