
MASTER12C.elf:     file format elf32-avr

Sections:
Idx Name          Size      VMA       LMA       File off  Algn
  0 .data         00000008  00800100  000041c0  00004254  2**0
                  CONTENTS, ALLOC, LOAD, DATA
  1 .text         000041c0  00000000  00000000  00000094  2**1
                  CONTENTS, ALLOC, LOAD, READONLY, CODE
  2 .bss          00000155  00800108  00800108  0000425c  2**0
                  ALLOC
  3 .comment      00000030  00000000  00000000  0000425c  2**0
                  CONTENTS, READONLY
  4 .note.gnu.avr.deviceinfo 00000040  00000000  00000000  0000428c  2**2
                  CONTENTS, READONLY
  5 .debug_aranges 000004c0  00000000  00000000  000042cc  2**0
                  CONTENTS, READONLY, DEBUGGING
  6 .debug_info   000075c5  00000000  00000000  0000478c  2**0
                  CONTENTS, READONLY, DEBUGGING
  7 .debug_abbrev 00001217  00000000  00000000  0000bd51  2**0
                  CONTENTS, READONLY, DEBUGGING
  8 .debug_line   00003b62  00000000  00000000  0000cf68  2**0
                  CONTENTS, READONLY, DEBUGGING
  9 .debug_frame  00001154  00000000  00000000  00010acc  2**2
                  CONTENTS, READONLY, DEBUGGING
 10 .debug_str    00001a87  00000000  00000000  00011c20  2**0
                  CONTENTS, READONLY, DEBUGGING
 11 .debug_loc    00005e4d  00000000  00000000  000136a7  2**0
                  CONTENTS, READONLY, DEBUGGING
 12 .debug_ranges 00000478  00000000  00000000  000194f4  2**0
                  CONTENTS, READONLY, DEBUGGING

Disassembly of section .text:

00000000 <__vectors>:
       0:	0c 94 e4 04 	jmp	0x9c8	; 0x9c8 <__ctors_end>
       4:	0c 94 01 05 	jmp	0xa02	; 0xa02 <__bad_interrupt>
       8:	0c 94 01 05 	jmp	0xa02	; 0xa02 <__bad_interrupt>
       c:	0c 94 01 05 	jmp	0xa02	; 0xa02 <__bad_interrupt>
      10:	0c 94 01 05 	jmp	0xa02	; 0xa02 <__bad_interrupt>
      14:	0c 94 01 05 	jmp	0xa02	; 0xa02 <__bad_interrupt>
      18:	0c 94 01 05 	jmp	0xa02	; 0xa02 <__bad_interrupt>
      1c:	0c 94 01 05 	jmp	0xa02	; 0xa02 <__bad_interrupt>
      20:	0c 94 01 05 	jmp	0xa02	; 0xa02 <__bad_interrupt>
      24:	0c 94 01 05 	jmp	0xa02	; 0xa02 <__bad_interrupt>
      28:	0c 94 01 05 	jmp	0xa02	; 0xa02 <__bad_interrupt>
      2c:	0c 94 01 05 	jmp	0xa02	; 0xa02 <__bad_interrupt>
      30:	0c 94 01 05 	jmp	0xa02	; 0xa02 <__bad_interrupt>
      34:	0c 94 01 05 	jmp	0xa02	; 0xa02 <__bad_interrupt>
      38:	0c 94 1a 18 	jmp	0x3034	; 0x3034 <__vector_14>
      3c:	0c 94 01 05 	jmp	0xa02	; 0xa02 <__bad_interrupt>
      40:	0c 94 01 05 	jmp	0xa02	; 0xa02 <__bad_interrupt>
      44:	0c 94 01 05 	jmp	0xa02	; 0xa02 <__bad_interrupt>
      48:	0c 94 01 05 	jmp	0xa02	; 0xa02 <__bad_interrupt>
      4c:	0c 94 54 15 	jmp	0x2aa8	; 0x2aa8 <__vector_19>
      50:	0c 94 01 05 	jmp	0xa02	; 0xa02 <__bad_interrupt>
      54:	0c 94 01 05 	jmp	0xa02	; 0xa02 <__bad_interrupt>
      58:	0c 94 01 05 	jmp	0xa02	; 0xa02 <__bad_interrupt>
      5c:	0c 94 01 05 	jmp	0xa02	; 0xa02 <__bad_interrupt>
      60:	0c 94 01 05 	jmp	0xa02	; 0xa02 <__bad_interrupt>
      64:	0c 94 01 05 	jmp	0xa02	; 0xa02 <__bad_interrupt>
      68:	f6 08       	sbc	r15, r6
      6a:	fb 08       	sbc	r15, r11
      6c:	00 09       	sbc	r16, r0
      6e:	05 09       	sbc	r16, r5
      70:	0a 09       	sbc	r16, r10
      72:	0f 09       	sbc	r16, r15
      74:	14 09       	sbc	r17, r4
      76:	19 09       	sbc	r17, r9
      78:	1e 09       	sbc	r17, r14
      7a:	23 09       	sbc	r18, r3
      7c:	28 09       	sbc	r18, r8
      7e:	2d 09       	sbc	r18, r13
      80:	32 09       	sbc	r19, r2
      82:	9f 14       	cp	r9, r15
      84:	a4 14       	cp	r10, r4
      86:	a9 14       	cp	r10, r9
      88:	bb 14       	cp	r11, r11
      8a:	c0 14       	cp	r12, r0
      8c:	c0 14       	cp	r12, r0
      8e:	bb 14       	cp	r11, r11
      90:	c5 14       	cp	r12, r5
      92:	bb 14       	cp	r11, r11
      94:	ca 14       	cp	r12, r10
      96:	f4 14       	cp	r15, r4
      98:	f9 14       	cp	r15, r9
      9a:	fe 14       	cp	r15, r14

0000009c <__trampolines_end>:
      9c:	45 73       	andi	r20, 0x35	; 53
      9e:	63 61       	ori	r22, 0x13	; 19
      a0:	6e 65       	ori	r22, 0x5E	; 94
      a2:	6f 20       	and	r6, r15
      a4:	74 65       	ori	r23, 0x54	; 84
      a6:	72 6d       	ori	r23, 0xD2	; 210
      a8:	69 6e       	ori	r22, 0xE9	; 233
      aa:	61 64       	ori	r22, 0x41	; 65
      ac:	6f 2e       	mov	r6, r31
      ae:	0d 0a       	sbc	r0, r29
	...

000000b1 <__c.2437>:
      b1:	20 20 30 78 32 39 20 65 73 74 61 20 61 70 61 67       0x29 esta apag
      c1:	61 64 6f 20 70 6f 72 20 58 53 48 55 54 2e 0d 0a     ado por XSHUT...
	...

000000d2 <__c.2435>:
      d2:	20 20 6e 69 6e 67 75 6e 61 20 64 69 72 65 63 63       ninguna direcc
      e2:	69 6f 6e 20 72 65 73 70 6f 6e 64 69 6f 0d 0a 00     ion respondio...

000000f2 <__c.2433>:
      f2:	0d 0a 00                                            ...

000000f5 <__c.2431>:
      f5:	20 20 65 6e 63 6f 6e 74 72 61 64 6f 20 00             encontrado .

00000103 <__c.2419>:
     103:	0d 0a 00                                            ...

00000106 <__c.2417>:
     106:	2c 20 72 65 6d 20 00                                , rem .

0000010d <__c.2415>:
     10d:	2c 20 64 69 72 20 00                                , dir .

00000114 <__c.2413>:
     114:	72 75 6e 20 00                                      run .

00000119 <__c.2411>:
     119:	0d 0a 00                                            ...

0000011c <__c.2409>:
     11c:	2c 20 45 4e 41 20 00                                , ENA .

00000123 <__c.2407>:
     123:	2c 20 70 77 6d 20 00                                , pwm .

0000012a <__c.2405>:
     12a:	64 69 72 20 00                                      dir .

0000012f <__c.2403>:
     12f:	20 64 65 67 0d 0a 00                                 deg...

00000136 <__c.2401>:
     136:	6e 6f 20 64 69 73 70 6f 6e 69 62 6c 65 0d 0a 00     no disponible...

00000146 <__c.2399>:
     146:	20 20 53 74 65 70 70 65 72 3a 20 00                   Stepper: .

00000152 <__c.2397>:
     152:	20 20 44 43 2f 4c 32 39 38 4e 3a 20 00                DC/L298N: .

0000015f <__c.2395>:
     15f:	20 20 50 75 65 72 74 61 3a 20 00                      Puerta: .

0000016a <__c.2393>:
     16a:	20 20 41 67 75 61 3a 20 00                            Agua: .

00000173 <__c.2426>:
     173:	45 73 63 61 6e 65 6f 20 49 32 43 20 30 78 30 38     Escaneo I2C 0x08
     183:	2d 30 78 37 37 20 69 6e 69 63 69 61 64 6f 2e 0d     -0x77 iniciado..
     193:	0a 00                                               ..

00000195 <__c.2424>:
     195:	45 73 63 61 6e 65 6f 20 49 32 43 20 79 61 20 61     Escaneo I2C ya a
     1a5:	63 74 69 76 6f 2e 0d 0a 00                          ctivo....

000001ae <__c.2347>:
     1ae:	44 65 73 63 6f 6e 6f 63 69 64 6f 00                 Desconocido.

000001ba <__c.2344>:
     1ba:	45 72 72 6f 72 3a 20 65 73 70 65 72 61 6e 64 6f     Error: esperando
     1ca:	20 49 52 20 6c 69 62 72 65 00                        IR libre.

000001d4 <__c.2341>:
     1d4:	45 72 72 6f 72 3a 20 72 65 63 75 70 65 72 61 6e     Error: recuperan
     1e4:	64 6f 20 65 6e 6c 61 63 65 73 00                    do enlaces.

000001ef <__c.2338>:
     1ef:	45 73 70 65 72 61 6e 64 6f 20 72 65 74 69 72 6f     Esperando retiro
	...

00000200 <__c.2335>:
     200:	52 65 74 6f 72 6e 6f 20 66 69 6e 61 6c 00           Retorno final.

0000020e <__c.2332>:
     20e:	42 75 73 63 61 6e 64 6f 20 73 61 6c 69 64 61 00     Buscando salida.

0000021e <__c.2329>:
     21e:	4c 61 76 61 64 6f 00                                Lavado.

00000225 <__c.2326>:
     225:	42 75 73 63 61 6e 64 6f 20 6c 61 76 61 64 6f 00     Buscando lavado.

00000235 <__c.2323>:
     235:	45 6e 6a 61 62 6f 6e 61 64 6f 00                    Enjabonado.

00000240 <__c.2320>:
     240:	52 65 66 65 72 65 6e 63 69 61 20 48 43 2d 53 52     Referencia HC-SR
     250:	30 34 00                                            04.

00000253 <__c.2317>:
     253:	42 75 73 63 61 6e 64 6f 20 65 6e 6a 61 62 6f 6e     Buscando enjabon
     263:	61 64 6f 00                                         ado.

00000267 <__c.2314>:
     267:	45 6e 74 72 61 64 61 00                             Entrada.

0000026f <__c.2311>:
     26f:	52 65 70 6f 73 6f 00                                Reposo.

00000276 <__c.2307>:
     276:	52 65 76 69 73 69 6f 6e 20 49 32 43 00              Revision I2C.

00000283 <__c.2384>:
     283:	0d 0a 41 63 74 75 61 64 6f 72 65 73 3a 0d 0a 00     ..Actuadores:...

00000293 <__c.2382>:
     293:	73 69 6e 20 6d 75 65 73 74 72 61 00                 sin muestra.

0000029f <__c.2380>:
     29f:	20 6d 6d 00                                          mm.

000002a3 <__c.2378>:
     2a3:	2c 20 75 6c 74 69 6d 61 20 76 61 6c 69 64 61 20     , ultima valida 
	...

000002b4 <__c.2376>:
     2b4:	58 53 48 55 54 20 4c 4f 57 00                       XSHUT LOW.

000002be <__c.2374>:
     2be:	4f 4e 00                                            ON.

000002c1 <__c.2372>:
     2c1:	0d 0a 56 4c 35 33 3a 20 00                          ..VL53: .

000002ca <__c.2370>:
     2ca:	20 6d 6d 2c 20 23 00                                 mm, #.

000002d1 <__c.2368>:
     2d1:	20 75 73 2c 20 00                                    us, .

000002d7 <__c.2366>:
     2d7:	73 69 6e 20 6d 75 65 73 74 72 61 00                 sin muestra.

000002e3 <__c.2364>:
     2e3:	0d 0a 48 43 20 75 6c 74 69 6d 61 20 76 61 6c 69     ..HC ultima vali
     2f3:	64 61 3a 20 00                                      da: .

000002f8 <__c.2362>:
     2f8:	2c 20 23 00                                         , #.

000002fc <__c.2360>:
     2fc:	6c 69 62 72 65 00                                   libre.

00000302 <__c.2358>:
     302:	64 65 74 65 63 74 61 64 6f 00                       detectado.

0000030c <__c.2356>:
     30c:	73 69 6e 20 6d 75 65 73 74 72 61 00                 sin muestra.

00000318 <__c.2354>:
     318:	0d 0a 49 52 20 75 6c 74 69 6d 61 20 76 61 6c 69     ..IR ultima vali
     328:	64 61 3a 20 00                                      da: .

0000032d <__c.2352>:
     32d:	0d 0a 45 73 74 61 64 6f 3a 20 00                    ..Estado: .

00000338 <__c.2676>:
     338:	4d 6f 64 6f 20 61 75 74 6f 6d 61 74 69 63 6f 3a     Modo automatico:
     348:	20 75 73 65 20 70 3d 65 73 74 61 64 6f 20 6f 20      use p=estado o 
     358:	73 3d 65 73 63 61 6e 65 6f 2e 0d 0a 00              s=escaneo....

00000365 <__c.2482>:
     365:	45 72 72 6f 72 20 49 32 43 00                       Error I2C.

0000036f <__c.2484>:
     36f:	45 73 70 65 72 61 6e 64 6f 2e 2e 2e 00              Esperando....

0000037c <__c.2480>:
     37c:	0d 0a 00                                            ...

0000037f <__c.2478>:
     37f:	45 52 52 4f 52 3a 20 00                             ERROR: .

00000387 <__c.2646>:
     387:	65 6e 6c 61 63 65 20 70 65 72 64 69 64 6f 20 64     enlace perdido d
     397:	75 72 61 6e 74 65 20 72 65 63 75 70 65 72 61 63     urante recuperac
     3a7:	69 6f 6e 00                                         ion.

000003ab <__c.2639>:
     3ab:	45 6e 6c 61 63 65 73 20 72 65 63 75 70 65 72 61     Enlaces recupera
     3bb:	64 6f 73 3b 20 65 73 70 65 72 61 6e 64 6f 20 49     dos; esperando I
     3cb:	52 20 6c 69 62 72 65 2e 0d 0a 00                    R libre....

000003d6 <__c.2637>:
     3d6:	56 4c 35 33 4c 30 58 20 61 75 6e 20 6e 6f 20 64     VL53L0X aun no d
     3e6:	69 73 70 6f 6e 69 62 6c 65 2e 0d 0a 00              isponible....

000003f3 <__c.2630>:
     3f3:	73 65 20 70 65 72 64 69 6f 20 49 52 20 61 6c 20     se perdio IR al 
     403:	66 69 6e 61 6c 69 7a 61 72 00                       finalizar.

0000040d <__c.2446>:
     40d:	0d 0a 00                                            ...

00000410 <__c.2444>:
     410:	43 61 72 57 61 73 68 20 2d 3e 20 00                 CarWash -> .

0000041c <__c.2565>:
     41c:	56 4c 35 33 20 6e 6f 20 69 6e 69 63 69 6f 20 74     VL53 no inicio t
     42c:	72 61 73 20 6c 61 76 61 64 6f 00                    ras lavado.

00000437 <__c.2563>:
     437:	73 74 65 70 70 65 72 20 6e 6f 20 72 65 69 6e 69     stepper no reini
     447:	63 69 6f 00                                         cio.

0000044b <__c.2561>:
     44b:	56 4c 35 33 20 6e 6f 20 72 65 69 6e 69 63 69 6f     VL53 no reinicio
     45b:	20 74 72 61 73 20 6c 61 76 61 64 6f 00               tras lavado.

00000468 <__c.2559>:
     468:	6d 6f 74 6f 72 20 44 43 20 6e 6f 20 73 65 20 64     motor DC no se d
     478:	65 74 75 76 6f 00                                   etuvo.

0000047e <__c.2539>:
     47e:	42 75 73 63 61 6e 64 6f 20 6c 61 76 61 64 6f 00     Buscando lavado.

0000048e <__c.2537>:
     48e:	73 74 65 70 70 65 72 20 6e 6f 20 72 65 69 6e 69     stepper no reini
     49e:	63 69 6f 00                                         cio.

000004a2 <__c.2535>:
     4a2:	61 67 75 61 20 6e 6f 20 63 65 72 72 6f 00           agua no cerro.

000004b0 <__c.2606>:
     4b0:	61 67 75 61 20 6e 6f 20 61 62 72 69 6f 00           agua no abrio.

000004be <__c.2604>:
     4be:	61 67 75 61 20 6e 6f 20 63 65 72 72 6f 20 74 72     agua no cerro tr
     4ce:	61 73 20 4e 4f 5f 53 41 4d 50 4c 45 00              as NO_SAMPLE.

000004db <__c.2602>:
     4db:	72 65 73 70 75 65 73 74 61 20 48 43 2d 53 52 30     respuesta HC-SR0
     4eb:	34 20 69 6e 76 61 6c 69 64 61 00                    4 invalida.

000004f6 <__c.2578>:
     4f6:	52 65 74 6f 72 6e 6f 20 66 69 6e 61 6c 20 35 20     Retorno final 5 
     506:	73 00                                               s.

00000508 <__c.2574>:
     508:	47 72 61 63 69 61 73 20 70 6f 72 00                 Gracias por.

00000514 <__c.2576>:
     514:	65 6c 65 67 69 72 6e 6f 73 00                       elegirnos.

0000051e <__c.2572>:
     51e:	73 74 65 70 70 65 72 20 6e 6f 20 61 63 65 70 74     stepper no acept
     52e:	6f 20 72 65 74 6f 72 6e 6f 00                       o retorno.

00000538 <__c.2570>:
     538:	66 61 6c 6c 6f 20 65 6e 20 70 61 72 61 64 61 20     fallo en parada 
     548:	66 69 6e 61 6c 00                                   final.

0000054e <__c.2552>:
     54e:	4c 61 76 61 64 6f 00                                Lavado.

00000555 <__c.2548>:
     555:	4c 61 76 61 6e 64 6f 00                             Lavando.

0000055d <__c.2550>:
     55d:	74 75 20 61 75 74 6f 00                             tu auto.

00000565 <__c.2546>:
     565:	6d 6f 74 6f 72 20 44 43 20 6e 6f 20 61 63 65 70     motor DC no acep
     575:	74 6f 20 6f 72 64 65 6e 00                          to orden.

0000057e <__c.2544>:
     57e:	73 74 65 70 70 65 72 20 6e 6f 20 73 65 20 64 65     stepper no se de
     58e:	74 75 76 6f 00                                      tuvo.

00000593 <__c.2530>:
     593:	45 6e 6a 61 62 6f 6e 61 64 6f 00                    Enjabonado.

0000059e <__c.2526>:
     59e:	45 6e 6a 61 62 6f 6e 61 6e 64 6f 00                 Enjabonando.

000005aa <__c.2528>:
     5aa:	74 75 20 61 75 74 6f 00                             tu auto.

000005b2 <__c.2524>:
     5b2:	66 61 6c 6c 6f 20 61 6c 20 70 72 65 70 61 72 61     fallo al prepara
     5c2:	72 20 65 6e 6a 61 62 6f 6e 61 64 6f 00              r enjabonado.

000005cf <__c.2619>:
     5cf:	46 49 4e 0d 0a 00                                   FIN...

000005d5 <__c.2617>:
     5d5:	20 6d 6d 0d 0a 00                                    mm...

000005db <__c.2615>:
     5db:	56 4c 35 33 4c 30 58 3a 20 00                       VL53L0X: .

000005e5 <__c.2613>:
     5e5:	65 72 72 6f 72 20 49 32 43 20 64 65 6c 20 56 4c     error I2C del VL
     5f5:	35 33 4c 30 58 00                                   53L0X.

000005fb <__c.2516>:
     5fb:	42 75 73 63 61 6e 64 6f 20 65 6e 6a 61 62 6f 6e     Buscando enjabon
     60b:	61 64 6f 00                                         ado.

0000060f <__c.2514>:
     60f:	73 74 65 70 70 65 72 20 6e 6f 20 61 63 65 70 74     stepper no acept
     61f:	6f 20 61 76 61 6e 63 65 00                          o avance.

00000628 <__c.2512>:
     628:	66 61 6c 6c 6f 20 61 6c 20 69 6e 69 63 69 61 6c     fallo al inicial
     638:	69 7a 61 72 20 56 4c 35 33 4c 30 58 00              izar VL53L0X.

00000645 <__c.2506>:
     645:	45 6e 74 72 61 64 61 00                             Entrada.

0000064d <__c.2502>:
     64d:	49 6e 67 72 65 73 61 6e 64 6f 00                    Ingresando.

00000658 <__c.2504>:
     658:	74 75 20 61 75 74 6f 00                             tu auto.

00000660 <__c.2500>:
     660:	70 75 65 72 74 61 20 6e 6f 20 61 63 65 70 74 6f     puerta no acepto
     670:	20 35 30 20 67 72 61 64 6f 73 00                     50 grados.

0000067b <__c.2593>:
     67b:	6c 65 63 74 75 72 61 20 49 52 20 69 6e 76 61 6c     lectura IR inval
     68b:	69 64 61 00                                         ida.

0000068f <__c.2495>:
     68f:	52 65 70 6f 73 6f 00                                Reposo.

00000696 <__c.2491>:
     696:	42 69 65 6e 76 65 6e 69 64 6f 20 61 6c 00           Bienvenido al.

000006a4 <__c.2493>:
     6a4:	43 61 72 57 61 73 68 00                             CarWash.

000006ac <__c.2489>:
     6ac:	6e 6f 20 73 65 20 70 75 64 6f 20 61 73 65 67 75     no se pudo asegu
     6bc:	72 61 72 20 65 6c 20 72 65 70 6f 73 6f 00           rar el reposo.

000006ca <__c.2110>:
     6ca:	29 00                                               ).

000006cc <__c.2108>:
     6cc:	2c 20 54 57 49 20 00                                , TWI .

000006d3 <__c.2106>:
     6d3:	45 52 52 4f 52 20 28 49 32 43 20 00                 ERROR (I2C .

000006df <__c.2185>:
     6df:	0d 0a 00                                            ...

000006e2 <__c.2183>:
     6e2:	29 0d 0a 00                                         )...

000006e6 <__c.2181>:
     6e6:	2c 20 54 57 49 20 00                                , TWI .

000006ed <__c.2179>:
     6ed:	45 52 52 4f 52 20 28 50 72 6f 74 6f 63 6f 6c 20     ERROR (Protocol 
     6fd:	65 73 74 61 64 6f 20 00                             estado .

00000705 <__c.2177>:
     705:	4f 4b 0d 0a 00                                      OK...

0000070a <__c.2175>:
     70a:	3a 20 00                                            : .

0000070d <__c.2173>:
     70d:	20 00                                                .

0000070f <__c.2171>:
     70f:	20 20 00                                              .

00000712 <__c.2295>:
     712:	0d 0a 00                                            ...

00000715 <__c.2293>:
     715:	20 20 20 20 53 65 72 76 6f 20 70 75 65 72 74 61         Servo puerta
     725:	3a 20 00                                            : .

00000728 <__c.2291>:
     728:	0d 0a 00                                            ...

0000072b <__c.2289>:
     72b:	20 20 20 20 53 65 72 76 6f 20 61 67 75 61 3a 20         Servo agua: 
	...

0000073c <__c.2287>:
     73c:	0d 0a 00                                            ...

0000073f <__c.2285>:
     73f:	20 20 20 20 53 6c 61 76 65 32 20 53 54 4f 50 3a         Slave2 STOP:
     74f:	20 00                                                .

00000751 <__c.2283>:
     751:	0d 0a 00                                            ...

00000754 <__c.2281>:
     754:	20 20 20 20 53 6c 61 76 65 31 20 53 54 4f 50 3a         Slave1 STOP:
     764:	20 00                                                .

00000766 <__c.2279>:
     766:	45 52 52 4f 52 0d 0a 00                             ERROR...

0000076e <__c.2277>:
     76e:	4f 4b 0d 0a 00                                      OK...

00000773 <__c.2275>:
     773:	20 20 53 54 4f 50 20 73 65 67 75 72 6f 3a 20 00       STOP seguro: .

00000783 <__c.2273>:
     783:	29 0d 0a 00                                         )...

00000787 <__c.2271>:
     787:	2c 20 54 57 49 20 00                                , TWI .

0000078e <__c.2269>:
     78e:	2c 20 49 32 43 20 00                                , I2C .

00000795 <__c.2267>:
     795:	45 52 52 4f 52 20 28 56 4c 20 00                    ERROR (VL .

000007a0 <__c.2265>:
     7a0:	4f 4b 0d 0a 00                                      OK...

000007a5 <__c.2263>:
     7a5:	3a 20 00                                            : .

000007a8 <__c.2261>:
     7a8:	20 20 56 4c 35 33 4c 30 58 20 00                      VL53L0X .

000007b3 <__c.2259>:
     7b3:	53 6c 61 76 65 32 00                                Slave2.

000007ba <__c.2257>:
     7ba:	53 6c 61 76 65 31 00                                Slave1.

000007c1 <__c.2255>:
     7c1:	52 65 76 69 73 69 6f 6e 20 49 32 43 20 69 6e 69     Revision I2C ini
     7d1:	63 69 61 6c 3a 0d 0a 00                             cial:...

000007d9 <__c.2472>:
     7d9:	52 65 69 6e 74 65 6e 74 61 6e 64 6f 20 65 6e 20     Reintentando en 
     7e9:	31 30 30 30 20 6d 73 2e 2e 2e 0d 0a 00              1000 ms......

000007f6 <__c.2470>:
     7f6:	43 6f 6e 65 78 69 6f 6e 20 49 32 43 3a 20 45 52     Conexion I2C: ER
     806:	52 4f 52 0d 0a 00                                   ROR...

0000080c <__c.2466>:
     80c:	45 72 72 6f 72 20 49 32 43 00                       Error I2C.

00000816 <__c.2468>:
     816:	52 65 69 6e 74 65 6e 74 61 6e 64 6f 00              Reintentando.

00000823 <__c.2464>:
     823:	43 61 72 57 61 73 68 20 61 75 74 6f 6d 61 74 69     CarWash automati
     833:	63 6f 20 68 61 62 69 6c 69 74 61 64 6f 2e 0d 0a     co habilitado...
	...

00000844 <__c.2462>:
     844:	43 6f 6e 65 78 69 6f 6e 20 49 32 43 3a 20 45 58     Conexion I2C: EX
     854:	49 54 4f 53 41 0d 0a 00                             ITOSA...

0000085c <__c.2458>:
     85c:	52 65 76 69 73 61 6e 64 6f 20 49 32 43 00           Revisando I2C.

0000086a <__c.2460>:
     86a:	45 73 70 65 72 65 2e 2e 2e 00                       Espere....

00000874 <__c.2585>:
     874:	73 65 20 70 65 72 64 69 6f 20 75 6e 20 53 6c 61     se perdio un Sla
     884:	76 65 00                                            ve.

00000887 <__c.2670>:
     887:	65 73 74 61 64 6f 20 69 6e 74 65 72 6e 6f 20 64     estado interno d
     897:	65 73 63 6f 6e 6f 63 69 64 6f 00                    esconocido.

000008a2 <__c.2664>:
     8a2:	45 73 70 65 72 61 6e 64 6f 20 72 65 74 69 72 6f     Esperando retiro
	...

000008b3 <__c.2662>:
     8b3:	73 74 65 70 70 65 72 20 6e 6f 20 64 65 74 75 76     stepper no detuv
     8c3:	6f 20 72 65 74 6f 72 6e 6f 00                       o retorno.

000008cd <__c.2451>:
     8cd:	52 65 76 69 73 61 6e 64 6f 20 49 32 43 00           Revisando I2C.

000008db <__c.2453>:
     8db:	45 73 70 65 72 65 2e 2e 2e 00                       Espere....

000008e5 <__c.2100>:
     8e5:	30 78 00                                            0x.

000008e8 <__c.2691>:
     8e8:	70 3a 20 65 73 74 61 64 6f 20 20 73 3a 20 65 73     p: estado  s: es
     8f8:	63 61 6e 65 6f 20 49 32 43 0d 0a 00                 caneo I2C...

00000904 <__c.2689>:
     904:	0d 0a 00                                            ...

00000907 <__c.2687>:
     907:	52 65 73 65 74 20 4d 43 55 53 52 3a 20 00           Reset MCUSR: .

00000915 <__c.2685>:
     915:	4d 41 53 54 45 52 31 32 43 20 6c 69 73 74 6f 2e     MASTER12C listo.
     925:	0d 0a 00                                            ...

00000928 <VL53_tuning>:
     928:	ff 01 00 00 ff 00 09 00 10 00 11 00 24 01 25 ff     ............$.%.
     938:	75 00 ff 01 4e 2c 48 00 30 20 ff 00 30 09 54 00     u...N,H.0 ..0.T.
     948:	31 04 32 03 40 83 46 25 60 00 27 00 50 06 51 00     1.2.@.F%`.'.P.Q.
     958:	52 96 56 08 57 30 61 00 62 00 64 00 65 00 66 a0     R.V.W0a.b.d.e.f.
     968:	ff 01 22 32 47 14 49 ff 4a 00 ff 00 7a 0a 7b 00     .."2G.I.J...z.{.
     978:	78 21 ff 01 23 34 42 00 44 ff 45 26 46 05 40 40     x!..#4B.D.E&F.@@
     988:	0e 06 20 1a 43 40 ff 00 34 03 35 44 ff 01 31 04     .. .C@..4.5D..1.
     998:	4b 09 4c 05 4d 04 ff 00 44 00 45 20 47 08 48 28     K.L.M...D.E G.H(
     9a8:	67 00 70 04 71 01 72 fe 76 00 77 00 ff 01 0d 01     g.p.q.r.v.w.....
     9b8:	ff 00 80 01 01 f8 ff 01 8e 01 00 01 ff 00 80 00     ................

000009c8 <__ctors_end>:
     9c8:	11 24       	eor	r1, r1
     9ca:	1f be       	out	0x3f, r1	; 63
     9cc:	cf ef       	ldi	r28, 0xFF	; 255
     9ce:	d8 e0       	ldi	r29, 0x08	; 8
     9d0:	de bf       	out	0x3e, r29	; 62
     9d2:	cd bf       	out	0x3d, r28	; 61

000009d4 <__do_copy_data>:
     9d4:	11 e0       	ldi	r17, 0x01	; 1
     9d6:	a0 e0       	ldi	r26, 0x00	; 0
     9d8:	b1 e0       	ldi	r27, 0x01	; 1
     9da:	e0 ec       	ldi	r30, 0xC0	; 192
     9dc:	f1 e4       	ldi	r31, 0x41	; 65
     9de:	02 c0       	rjmp	.+4      	; 0x9e4 <__do_copy_data+0x10>
     9e0:	05 90       	lpm	r0, Z+
     9e2:	0d 92       	st	X+, r0
     9e4:	a8 30       	cpi	r26, 0x08	; 8
     9e6:	b1 07       	cpc	r27, r17
     9e8:	d9 f7       	brne	.-10     	; 0x9e0 <__do_copy_data+0xc>

000009ea <__do_clear_bss>:
     9ea:	22 e0       	ldi	r18, 0x02	; 2
     9ec:	a8 e0       	ldi	r26, 0x08	; 8
     9ee:	b1 e0       	ldi	r27, 0x01	; 1
     9f0:	01 c0       	rjmp	.+2      	; 0x9f4 <.do_clear_bss_start>

000009f2 <.do_clear_bss_loop>:
     9f2:	1d 92       	st	X+, r1

000009f4 <.do_clear_bss_start>:
     9f4:	ad 35       	cpi	r26, 0x5D	; 93
     9f6:	b2 07       	cpc	r27, r18
     9f8:	e1 f7       	brne	.-8      	; 0x9f2 <.do_clear_bss_loop>
     9fa:	0e 94 7f 15 	call	0x2afe	; 0x2afe <main>
     9fe:	0c 94 de 20 	jmp	0x41bc	; 0x41bc <_exit>

00000a02 <__bad_interrupt>:
     a02:	0c 94 00 00 	jmp	0	; 0x0 <__vectors>

00000a06 <I2C_WaitForTWINT>:
static I2CError i2c_last_error = I2C_ERROR_NONE;

// Espera que TWI termine una operacion o registra timeout tras unos 5 ms.
static uint8_t I2C_WaitForTWINT(void)
{
    uint16_t remaining = I2C_WAIT_TIMEOUT_US;
     a06:	88 e8       	ldi	r24, 0x88	; 136
     a08:	93 e1       	ldi	r25, 0x13	; 19

    while ((TWCR & (1U << TWINT)) == 0U)
     a0a:	14 c0       	rjmp	.+40     	; 0xa34 <I2C_WaitForTWINT+0x2e>
    {
        if (remaining == 0U)
     a0c:	00 97       	sbiw	r24, 0x00	; 0
     a0e:	69 f4       	brne	.+26     	; 0xa2a <I2C_WaitForTWINT+0x24>
        {
            i2c_last_status = (uint8_t)(TWSR & 0xF8U);
     a10:	80 91 b9 00 	lds	r24, 0x00B9	; 0x8000b9 <__TEXT_REGION_LENGTH__+0x7f80b9>
     a14:	88 7f       	andi	r24, 0xF8	; 248
     a16:	80 93 00 01 	sts	0x0100, r24	; 0x800100 <__DATA_REGION_ORIGIN__>
            i2c_last_error = I2C_ERROR_TIMEOUT;
     a1a:	86 e0       	ldi	r24, 0x06	; 6
     a1c:	80 93 08 01 	sts	0x0108, r24	; 0x800108 <__data_end>
            TWCR = (1U << TWEN);
     a20:	84 e0       	ldi	r24, 0x04	; 4
     a22:	80 93 bc 00 	sts	0x00BC, r24	; 0x8000bc <__TEXT_REGION_LENGTH__+0x7f80bc>
            return 0U;
     a26:	80 e0       	ldi	r24, 0x00	; 0
     a28:	08 95       	ret
        }

        remaining--;
     a2a:	01 97       	sbiw	r24, 0x01	; 1
	#else
		//round up by default
		__ticks_dc = (uint32_t)(ceil(fabs(__tmp)));
	#endif

	__builtin_avr_delay_cycles(__ticks_dc);
     a2c:	25 e0       	ldi	r18, 0x05	; 5
     a2e:	2a 95       	dec	r18
     a30:	f1 f7       	brne	.-4      	; 0xa2e <I2C_WaitForTWINT+0x28>
     a32:	00 00       	nop
// Espera que TWI termine una operacion o registra timeout tras unos 5 ms.
static uint8_t I2C_WaitForTWINT(void)
{
    uint16_t remaining = I2C_WAIT_TIMEOUT_US;

    while ((TWCR & (1U << TWINT)) == 0U)
     a34:	20 91 bc 00 	lds	r18, 0x00BC	; 0x8000bc <__TEXT_REGION_LENGTH__+0x7f80bc>
     a38:	22 23       	and	r18, r18
     a3a:	44 f7       	brge	.-48     	; 0xa0c <I2C_WaitForTWINT+0x6>

        remaining--;
        _delay_us(1);
    }

    return 1U;
     a3c:	81 e0       	ldi	r24, 0x01	; 1
}
     a3e:	08 95       	ret

00000a40 <I2C_Master_Init>:
/****************************************/
// NON-Interrupt subroutines

// Configura la frecuencia SCL, el prescaler y habilita el modulo TWI.
void I2C_Master_Init(uint32_t scl_clock, uint8_t prescaler)
{
     a40:	0f 93       	push	r16
     a42:	1f 93       	push	r17
     a44:	cf 93       	push	r28
     a46:	8b 01       	movw	r16, r22
     a48:	9c 01       	movw	r18, r24
     a4a:	c4 2f       	mov	r28, r20
    DDRC &= (uint8_t)~((1U << DDC4) | (1U << DDC5));
     a4c:	87 b1       	in	r24, 0x07	; 7
     a4e:	8f 7c       	andi	r24, 0xCF	; 207
     a50:	87 b9       	out	0x07, r24	; 7

    switch (prescaler)
     a52:	44 30       	cpi	r20, 0x04	; 4
     a54:	79 f0       	breq	.+30     	; 0xa74 <I2C_Master_Init+0x34>
     a56:	18 f4       	brcc	.+6      	; 0xa5e <I2C_Master_Init+0x1e>
     a58:	41 30       	cpi	r20, 0x01	; 1
     a5a:	31 f0       	breq	.+12     	; 0xa68 <I2C_Master_Init+0x28>
     a5c:	23 c0       	rjmp	.+70     	; 0xaa4 <I2C_Master_Init+0x64>
     a5e:	40 31       	cpi	r20, 0x10	; 16
     a60:	91 f0       	breq	.+36     	; 0xa86 <I2C_Master_Init+0x46>
     a62:	40 34       	cpi	r20, 0x40	; 64
     a64:	c9 f0       	breq	.+50     	; 0xa98 <I2C_Master_Init+0x58>
     a66:	1e c0       	rjmp	.+60     	; 0xaa4 <I2C_Master_Init+0x64>
    {
        case 1U:
            TWSR &= (uint8_t)~((1U << TWPS1) | (1U << TWPS0));
     a68:	e9 eb       	ldi	r30, 0xB9	; 185
     a6a:	f0 e0       	ldi	r31, 0x00	; 0
     a6c:	80 81       	ld	r24, Z
     a6e:	8c 7f       	andi	r24, 0xFC	; 252
     a70:	80 83       	st	Z, r24
            break;
     a72:	1e c0       	rjmp	.+60     	; 0xab0 <I2C_Master_Init+0x70>

        case 4U:
            TWSR &= (uint8_t)~(1U << TWPS1);
     a74:	e9 eb       	ldi	r30, 0xB9	; 185
     a76:	f0 e0       	ldi	r31, 0x00	; 0
     a78:	80 81       	ld	r24, Z
     a7a:	8d 7f       	andi	r24, 0xFD	; 253
     a7c:	80 83       	st	Z, r24
            TWSR |= (1U << TWPS0);
     a7e:	80 81       	ld	r24, Z
     a80:	81 60       	ori	r24, 0x01	; 1
     a82:	80 83       	st	Z, r24
            break;
     a84:	15 c0       	rjmp	.+42     	; 0xab0 <I2C_Master_Init+0x70>

        case 16U:
            TWSR &= (uint8_t)~(1U << TWPS0);
     a86:	e9 eb       	ldi	r30, 0xB9	; 185
     a88:	f0 e0       	ldi	r31, 0x00	; 0
     a8a:	80 81       	ld	r24, Z
     a8c:	8e 7f       	andi	r24, 0xFE	; 254
     a8e:	80 83       	st	Z, r24
            TWSR |= (1U << TWPS1);
     a90:	80 81       	ld	r24, Z
     a92:	82 60       	ori	r24, 0x02	; 2
     a94:	80 83       	st	Z, r24
            break;
     a96:	0c c0       	rjmp	.+24     	; 0xab0 <I2C_Master_Init+0x70>

        case 64U:
            TWSR |= (1U << TWPS1) | (1U << TWPS0);
     a98:	e9 eb       	ldi	r30, 0xB9	; 185
     a9a:	f0 e0       	ldi	r31, 0x00	; 0
     a9c:	80 81       	ld	r24, Z
     a9e:	83 60       	ori	r24, 0x03	; 3
     aa0:	80 83       	st	Z, r24
            break;
     aa2:	06 c0       	rjmp	.+12     	; 0xab0 <I2C_Master_Init+0x70>

        default:
            TWSR &= (uint8_t)~((1U << TWPS1) | (1U << TWPS0));
     aa4:	e9 eb       	ldi	r30, 0xB9	; 185
     aa6:	f0 e0       	ldi	r31, 0x00	; 0
     aa8:	80 81       	ld	r24, Z
     aaa:	8c 7f       	andi	r24, 0xFC	; 252
     aac:	80 83       	st	Z, r24
            prescaler = 1U;
     aae:	c1 e0       	ldi	r28, 0x01	; 1
            break;
    }

    if (scl_clock == 0UL)
     ab0:	01 15       	cp	r16, r1
     ab2:	11 05       	cpc	r17, r1
     ab4:	21 05       	cpc	r18, r1
     ab6:	31 05       	cpc	r19, r1
     ab8:	21 f4       	brne	.+8      	; 0xac2 <I2C_Master_Init+0x82>
    {
        scl_clock = 100000UL;
     aba:	00 ea       	ldi	r16, 0xA0	; 160
     abc:	16 e8       	ldi	r17, 0x86	; 134
     abe:	21 e0       	ldi	r18, 0x01	; 1
     ac0:	30 e0       	ldi	r19, 0x00	; 0
    }

    TWBR = (uint8_t)(((F_CPU / scl_clock) - 16UL) /
     ac2:	60 e0       	ldi	r22, 0x00	; 0
     ac4:	74 e2       	ldi	r23, 0x24	; 36
     ac6:	84 ef       	ldi	r24, 0xF4	; 244
     ac8:	90 e0       	ldi	r25, 0x00	; 0
     aca:	a9 01       	movw	r20, r18
     acc:	98 01       	movw	r18, r16
     ace:	0e 94 9c 20 	call	0x4138	; 0x4138 <__udivmodsi4>
     ad2:	ca 01       	movw	r24, r20
     ad4:	b9 01       	movw	r22, r18
     ad6:	60 51       	subi	r22, 0x10	; 16
     ad8:	71 09       	sbc	r23, r1
     ada:	81 09       	sbc	r24, r1
     adc:	91 09       	sbc	r25, r1
                     (2UL * (uint32_t)prescaler));
     ade:	0c 2f       	mov	r16, r28
     ae0:	10 e0       	ldi	r17, 0x00	; 0
     ae2:	20 e0       	ldi	r18, 0x00	; 0
     ae4:	30 e0       	ldi	r19, 0x00	; 0
     ae6:	a9 01       	movw	r20, r18
     ae8:	98 01       	movw	r18, r16
     aea:	22 0f       	add	r18, r18
     aec:	33 1f       	adc	r19, r19
     aee:	44 1f       	adc	r20, r20
     af0:	55 1f       	adc	r21, r21
    if (scl_clock == 0UL)
    {
        scl_clock = 100000UL;
    }

    TWBR = (uint8_t)(((F_CPU / scl_clock) - 16UL) /
     af2:	0e 94 9c 20 	call	0x4138	; 0x4138 <__udivmodsi4>
     af6:	20 93 b8 00 	sts	0x00B8, r18	; 0x8000b8 <__TEXT_REGION_LENGTH__+0x7f80b8>
                     (2UL * (uint32_t)prescaler));
    TWCR = (1U << TWEN);
     afa:	84 e0       	ldi	r24, 0x04	; 4
     afc:	80 93 bc 00 	sts	0x00BC, r24	; 0x8000bc <__TEXT_REGION_LENGTH__+0x7f80bc>
    i2c_last_status = (uint8_t)(TWSR & 0xF8U);
     b00:	80 91 b9 00 	lds	r24, 0x00B9	; 0x8000b9 <__TEXT_REGION_LENGTH__+0x7f80b9>
     b04:	88 7f       	andi	r24, 0xF8	; 248
     b06:	80 93 00 01 	sts	0x0100, r24	; 0x800100 <__DATA_REGION_ORIGIN__>
    i2c_last_error = I2C_ERROR_NONE;
     b0a:	10 92 08 01 	sts	0x0108, r1	; 0x800108 <__data_end>
}
     b0e:	cf 91       	pop	r28
     b10:	1f 91       	pop	r17
     b12:	0f 91       	pop	r16
     b14:	08 95       	ret

00000b16 <I2C_Master_Start>:

// Genera START y verifica el estado devuelto por TWI.
uint8_t I2C_Master_Start(void)
{
    i2c_last_error = I2C_ERROR_NONE;
     b16:	10 92 08 01 	sts	0x0108, r1	; 0x800108 <__data_end>
    TWCR = (1U << TWINT) | (1U << TWSTA) | (1U << TWEN);
     b1a:	84 ea       	ldi	r24, 0xA4	; 164
     b1c:	80 93 bc 00 	sts	0x00BC, r24	; 0x8000bc <__TEXT_REGION_LENGTH__+0x7f80bc>

    if (I2C_WaitForTWINT() == 0U)
     b20:	0e 94 03 05 	call	0xa06	; 0xa06 <I2C_WaitForTWINT>
     b24:	88 23       	and	r24, r24
     b26:	69 f0       	breq	.+26     	; 0xb42 <I2C_Master_Start+0x2c>
    {
        return 0U;
    }

    i2c_last_status = (uint8_t)(TWSR & 0xF8U);
     b28:	80 91 b9 00 	lds	r24, 0x00B9	; 0x8000b9 <__TEXT_REGION_LENGTH__+0x7f80b9>
     b2c:	88 7f       	andi	r24, 0xF8	; 248
     b2e:	80 93 00 01 	sts	0x0100, r24	; 0x800100 <__DATA_REGION_ORIGIN__>
    if (i2c_last_status != 0x08U)
     b32:	88 30       	cpi	r24, 0x08	; 8
     b34:	29 f0       	breq	.+10     	; 0xb40 <I2C_Master_Start+0x2a>
    {
        i2c_last_error = I2C_ERROR_START;
     b36:	82 e0       	ldi	r24, 0x02	; 2
     b38:	80 93 08 01 	sts	0x0108, r24	; 0x800108 <__data_end>
        return 0U;
     b3c:	80 e0       	ldi	r24, 0x00	; 0
     b3e:	08 95       	ret
    }

    return 1U;
     b40:	81 e0       	ldi	r24, 0x01	; 1
}
     b42:	08 95       	ret

00000b44 <I2C_Master_RepeatedStart>:

// Genera repeated START sin liberar previamente el bus.
uint8_t I2C_Master_RepeatedStart(void)
{
    TWCR = (1U << TWINT) | (1U << TWSTA) | (1U << TWEN);
     b44:	84 ea       	ldi	r24, 0xA4	; 164
     b46:	80 93 bc 00 	sts	0x00BC, r24	; 0x8000bc <__TEXT_REGION_LENGTH__+0x7f80bc>

    if (I2C_WaitForTWINT() == 0U)
     b4a:	0e 94 03 05 	call	0xa06	; 0xa06 <I2C_WaitForTWINT>
     b4e:	88 23       	and	r24, r24
     b50:	69 f0       	breq	.+26     	; 0xb6c <I2C_Master_RepeatedStart+0x28>
    {
        return 0U;
    }

    i2c_last_status = (uint8_t)(TWSR & 0xF8U);
     b52:	80 91 b9 00 	lds	r24, 0x00B9	; 0x8000b9 <__TEXT_REGION_LENGTH__+0x7f80b9>
     b56:	88 7f       	andi	r24, 0xF8	; 248
     b58:	80 93 00 01 	sts	0x0100, r24	; 0x800100 <__DATA_REGION_ORIGIN__>
    if (i2c_last_status != 0x10U)
     b5c:	80 31       	cpi	r24, 0x10	; 16
     b5e:	29 f0       	breq	.+10     	; 0xb6a <I2C_Master_RepeatedStart+0x26>
    {
        i2c_last_error = I2C_ERROR_START;
     b60:	82 e0       	ldi	r24, 0x02	; 2
     b62:	80 93 08 01 	sts	0x0108, r24	; 0x800108 <__data_end>
        return 0U;
     b66:	80 e0       	ldi	r24, 0x00	; 0
     b68:	08 95       	ret
    }

    return 1U;
     b6a:	81 e0       	ldi	r24, 0x01	; 1
}
     b6c:	08 95       	ret

00000b6e <I2C_Master_Stop>:
// Genera STOP y espera que el hardware libere el bus.
void I2C_Master_Stop(void)
{
    uint16_t remaining = I2C_WAIT_TIMEOUT_US;

    TWCR = (1U << TWEN) | (1U << TWINT) | (1U << TWSTO);
     b6e:	84 e9       	ldi	r24, 0x94	; 148
     b70:	80 93 bc 00 	sts	0x00BC, r24	; 0x8000bc <__TEXT_REGION_LENGTH__+0x7f80bc>
}

// Genera STOP y espera que el hardware libere el bus.
void I2C_Master_Stop(void)
{
    uint16_t remaining = I2C_WAIT_TIMEOUT_US;
     b74:	88 e8       	ldi	r24, 0x88	; 136
     b76:	93 e1       	ldi	r25, 0x13	; 19

    TWCR = (1U << TWEN) | (1U << TWINT) | (1U << TWSTO);

    while ((TWCR & (1U << TWSTO)) != 0U)
     b78:	15 c0       	rjmp	.+42     	; 0xba4 <I2C_Master_Stop+0x36>
    {
        if (remaining == 0U)
     b7a:	00 97       	sbiw	r24, 0x00	; 0
     b7c:	71 f4       	brne	.+28     	; 0xb9a <I2C_Master_Stop+0x2c>
        {
            i2c_last_status = (uint8_t)(TWSR & 0xF8U);
     b7e:	80 91 b9 00 	lds	r24, 0x00B9	; 0x8000b9 <__TEXT_REGION_LENGTH__+0x7f80b9>
     b82:	88 7f       	andi	r24, 0xF8	; 248
     b84:	80 93 00 01 	sts	0x0100, r24	; 0x800100 <__DATA_REGION_ORIGIN__>
            i2c_last_error = I2C_ERROR_STOP_TIMEOUT;
     b88:	87 e0       	ldi	r24, 0x07	; 7
     b8a:	80 93 08 01 	sts	0x0108, r24	; 0x800108 <__data_end>
            TWCR = 0U;
     b8e:	ec eb       	ldi	r30, 0xBC	; 188
     b90:	f0 e0       	ldi	r31, 0x00	; 0
     b92:	10 82       	st	Z, r1
            TWCR = (1U << TWEN);
     b94:	84 e0       	ldi	r24, 0x04	; 4
     b96:	80 83       	st	Z, r24
            return;
     b98:	08 95       	ret
        }

        remaining--;
     b9a:	01 97       	sbiw	r24, 0x01	; 1
     b9c:	25 e0       	ldi	r18, 0x05	; 5
     b9e:	2a 95       	dec	r18
     ba0:	f1 f7       	brne	.-4      	; 0xb9e <I2C_Master_Stop+0x30>
     ba2:	00 00       	nop
{
    uint16_t remaining = I2C_WAIT_TIMEOUT_US;

    TWCR = (1U << TWEN) | (1U << TWINT) | (1U << TWSTO);

    while ((TWCR & (1U << TWSTO)) != 0U)
     ba4:	20 91 bc 00 	lds	r18, 0x00BC	; 0x8000bc <__TEXT_REGION_LENGTH__+0x7f80bc>
     ba8:	24 fd       	sbrc	r18, 4
     baa:	e7 cf       	rjmp	.-50     	; 0xb7a <I2C_Master_Stop+0xc>
     bac:	08 95       	ret

00000bae <I2C_Master_Write>:
// Transmite un byte y valida el ACK recibido.
uint8_t I2C_Master_Write(uint8_t data)
{
    uint8_t status;

    TWDR = data;
     bae:	80 93 bb 00 	sts	0x00BB, r24	; 0x8000bb <__TEXT_REGION_LENGTH__+0x7f80bb>
    TWCR = (1U << TWEN) | (1U << TWINT);
     bb2:	84 e8       	ldi	r24, 0x84	; 132
     bb4:	80 93 bc 00 	sts	0x00BC, r24	; 0x8000bc <__TEXT_REGION_LENGTH__+0x7f80bc>

    if (I2C_WaitForTWINT() == 0U)
     bb8:	0e 94 03 05 	call	0xa06	; 0xa06 <I2C_WaitForTWINT>
     bbc:	88 23       	and	r24, r24
     bbe:	a9 f0       	breq	.+42     	; 0xbea <I2C_Master_Write+0x3c>
    {
        return 0U;
    }

    status = (uint8_t)(TWSR & 0xF8U);
     bc0:	80 91 b9 00 	lds	r24, 0x00B9	; 0x8000b9 <__TEXT_REGION_LENGTH__+0x7f80b9>
     bc4:	88 7f       	andi	r24, 0xF8	; 248
    i2c_last_status = status;
     bc6:	80 93 00 01 	sts	0x0100, r24	; 0x800100 <__DATA_REGION_ORIGIN__>

    if ((status == 0x18U) || (status == 0x28U) || (status == 0x40U))
     bca:	88 31       	cpi	r24, 0x18	; 24
     bcc:	49 f0       	breq	.+18     	; 0xbe0 <I2C_Master_Write+0x32>
     bce:	88 32       	cpi	r24, 0x28	; 40
     bd0:	49 f0       	breq	.+18     	; 0xbe4 <I2C_Master_Write+0x36>
     bd2:	80 34       	cpi	r24, 0x40	; 64
     bd4:	49 f0       	breq	.+18     	; 0xbe8 <I2C_Master_Write+0x3a>
    {
        return 1U;
    }

    i2c_last_error = I2C_ERROR_DATA_NACK;
     bd6:	84 e0       	ldi	r24, 0x04	; 4
     bd8:	80 93 08 01 	sts	0x0108, r24	; 0x800108 <__data_end>
    return 0U;
     bdc:	80 e0       	ldi	r24, 0x00	; 0
     bde:	08 95       	ret
    status = (uint8_t)(TWSR & 0xF8U);
    i2c_last_status = status;

    if ((status == 0x18U) || (status == 0x28U) || (status == 0x40U))
    {
        return 1U;
     be0:	81 e0       	ldi	r24, 0x01	; 1
     be2:	08 95       	ret
     be4:	81 e0       	ldi	r24, 0x01	; 1
     be6:	08 95       	ret
     be8:	81 e0       	ldi	r24, 0x01	; 1
    }

    i2c_last_error = I2C_ERROR_DATA_NACK;
    return 0U;
}
     bea:	08 95       	ret

00000bec <I2C_SendAddress>:
}

// Envia direccion de siete bits junto con el bit de lectura o escritura.
static uint8_t I2C_SendAddress(uint8_t address, uint8_t read)
{
    uint8_t address_byte = (uint8_t)(address << 1U);
     bec:	88 0f       	add	r24, r24

    if (read != 0U)
     bee:	61 11       	cpse	r22, r1
    {
        address_byte |= 1U;
     bf0:	81 60       	ori	r24, 0x01	; 1
    }

    if (I2C_Master_Write(address_byte) == 0U)
     bf2:	0e 94 d7 05 	call	0xbae	; 0xbae <I2C_Master_Write>
     bf6:	81 11       	cpse	r24, r1
     bf8:	04 c0       	rjmp	.+8      	; 0xc02 <I2C_SendAddress+0x16>
    {
        i2c_last_error = I2C_ERROR_ADDRESS_NACK;
     bfa:	93 e0       	ldi	r25, 0x03	; 3
     bfc:	90 93 08 01 	sts	0x0108, r25	; 0x800108 <__data_end>
        return 0U;
     c00:	08 95       	ret
    }

    return 1U;
     c02:	81 e0       	ldi	r24, 0x01	; 1
}
     c04:	08 95       	ret

00000c06 <I2C_WriteFrame>:

// Escribe los ocho bytes completos de una solicitud y garantiza STOP.
static uint8_t I2C_WriteFrame(uint8_t address,
                              const uint8_t frame[I2C_FRAME_SIZE])
{
     c06:	0f 93       	push	r16
     c08:	1f 93       	push	r17
     c0a:	cf 93       	push	r28
     c0c:	c8 2f       	mov	r28, r24
     c0e:	8b 01       	movw	r16, r22
    uint8_t index;

    if (I2C_Master_Start() == 0U)
     c10:	0e 94 8b 05 	call	0xb16	; 0xb16 <I2C_Master_Start>
     c14:	88 23       	and	r24, r24
     c16:	c1 f0       	breq	.+48     	; 0xc48 <I2C_WriteFrame+0x42>
    {
        return 0U;
    }

    if (I2C_SendAddress(address, 0U) == 0U)
     c18:	60 e0       	ldi	r22, 0x00	; 0
     c1a:	8c 2f       	mov	r24, r28
     c1c:	0e 94 f6 05 	call	0xbec	; 0xbec <I2C_SendAddress>
     c20:	88 23       	and	r24, r24
     c22:	91 f0       	breq	.+36     	; 0xc48 <I2C_WriteFrame+0x42>
     c24:	c0 e0       	ldi	r28, 0x00	; 0
     c26:	0d c0       	rjmp	.+26     	; 0xc42 <I2C_WriteFrame+0x3c>
        return 0U;
    }

    for (index = 0U; index < I2C_FRAME_SIZE; index++)
    {
        if (I2C_Master_Write(frame[index]) == 0U)
     c28:	f8 01       	movw	r30, r16
     c2a:	ec 0f       	add	r30, r28
     c2c:	f1 1d       	adc	r31, r1
     c2e:	80 81       	ld	r24, Z
     c30:	0e 94 d7 05 	call	0xbae	; 0xbae <I2C_Master_Write>
     c34:	81 11       	cpse	r24, r1
     c36:	04 c0       	rjmp	.+8      	; 0xc40 <I2C_WriteFrame+0x3a>
        {
            i2c_last_error = I2C_ERROR_DATA_NACK;
     c38:	94 e0       	ldi	r25, 0x04	; 4
     c3a:	90 93 08 01 	sts	0x0108, r25	; 0x800108 <__data_end>
            return 0U;
     c3e:	04 c0       	rjmp	.+8      	; 0xc48 <I2C_WriteFrame+0x42>
    if (I2C_SendAddress(address, 0U) == 0U)
    {
        return 0U;
    }

    for (index = 0U; index < I2C_FRAME_SIZE; index++)
     c40:	cf 5f       	subi	r28, 0xFF	; 255
     c42:	c8 30       	cpi	r28, 0x08	; 8
     c44:	88 f3       	brcs	.-30     	; 0xc28 <I2C_WriteFrame+0x22>
            i2c_last_error = I2C_ERROR_DATA_NACK;
            return 0U;
        }
    }

    return 1U;
     c46:	81 e0       	ldi	r24, 0x01	; 1
}
     c48:	cf 91       	pop	r28
     c4a:	1f 91       	pop	r17
     c4c:	0f 91       	pop	r16
     c4e:	08 95       	ret

00000c50 <I2C_Master_Read>:
    return 0U;
}

// Lee un byte y decide si responder con ACK o NACK.
uint8_t I2C_Master_Read(uint8_t *data, uint8_t ack)
{
     c50:	0f 93       	push	r16
     c52:	1f 93       	push	r17
     c54:	cf 93       	push	r28
    uint8_t status;

    if (data == 0)
     c56:	00 97       	sbiw	r24, 0x00	; 0
     c58:	29 f4       	brne	.+10     	; 0xc64 <I2C_Master_Read+0x14>
    {
        i2c_last_error = I2C_ERROR_NULL_POINTER;
     c5a:	81 e0       	ldi	r24, 0x01	; 1
     c5c:	80 93 08 01 	sts	0x0108, r24	; 0x800108 <__data_end>
        return 0U;
     c60:	80 e0       	ldi	r24, 0x00	; 0
     c62:	26 c0       	rjmp	.+76     	; 0xcb0 <I2C_Master_Read+0x60>
    }

    if (ack != 0U)
     c64:	66 23       	and	r22, r22
     c66:	21 f0       	breq	.+8      	; 0xc70 <I2C_Master_Read+0x20>
    {
        TWCR = (1U << TWINT) | (1U << TWEN) | (1U << TWEA);
     c68:	24 ec       	ldi	r18, 0xC4	; 196
     c6a:	20 93 bc 00 	sts	0x00BC, r18	; 0x8000bc <__TEXT_REGION_LENGTH__+0x7f80bc>
     c6e:	03 c0       	rjmp	.+6      	; 0xc76 <I2C_Master_Read+0x26>
    }
    else
    {
        TWCR = (1U << TWINT) | (1U << TWEN);
     c70:	24 e8       	ldi	r18, 0x84	; 132
     c72:	20 93 bc 00 	sts	0x00BC, r18	; 0x8000bc <__TEXT_REGION_LENGTH__+0x7f80bc>
     c76:	c6 2f       	mov	r28, r22
     c78:	8c 01       	movw	r16, r24
    }

    if (I2C_WaitForTWINT() == 0U)
     c7a:	0e 94 03 05 	call	0xa06	; 0xa06 <I2C_WaitForTWINT>
     c7e:	88 23       	and	r24, r24
     c80:	b9 f0       	breq	.+46     	; 0xcb0 <I2C_Master_Read+0x60>
    {
        return 0U;
    }

    status = (uint8_t)(TWSR & 0xF8U);
     c82:	80 91 b9 00 	lds	r24, 0x00B9	; 0x8000b9 <__TEXT_REGION_LENGTH__+0x7f80b9>
     c86:	88 7f       	andi	r24, 0xF8	; 248
    i2c_last_status = status;
     c88:	80 93 00 01 	sts	0x0100, r24	; 0x800100 <__DATA_REGION_ORIGIN__>

    if (((ack != 0U) && (status != 0x50U)) ||
     c8c:	cc 23       	and	r28, r28
     c8e:	11 f0       	breq	.+4      	; 0xc94 <I2C_Master_Read+0x44>
     c90:	80 35       	cpi	r24, 0x50	; 80
     c92:	21 f4       	brne	.+8      	; 0xc9c <I2C_Master_Read+0x4c>
     c94:	c1 11       	cpse	r28, r1
     c96:	07 c0       	rjmp	.+14     	; 0xca6 <I2C_Master_Read+0x56>
        ((ack == 0U) && (status != 0x58U)))
     c98:	88 35       	cpi	r24, 0x58	; 88
     c9a:	29 f0       	breq	.+10     	; 0xca6 <I2C_Master_Read+0x56>
    {
        i2c_last_error = I2C_ERROR_READ;
     c9c:	85 e0       	ldi	r24, 0x05	; 5
     c9e:	80 93 08 01 	sts	0x0108, r24	; 0x800108 <__data_end>
        return 0U;
     ca2:	80 e0       	ldi	r24, 0x00	; 0
     ca4:	05 c0       	rjmp	.+10     	; 0xcb0 <I2C_Master_Read+0x60>
    }

    *data = TWDR;
     ca6:	80 91 bb 00 	lds	r24, 0x00BB	; 0x8000bb <__TEXT_REGION_LENGTH__+0x7f80bb>
     caa:	f8 01       	movw	r30, r16
     cac:	80 83       	st	Z, r24
    return 1U;
     cae:	81 e0       	ldi	r24, 0x01	; 1
}
     cb0:	cf 91       	pop	r28
     cb2:	1f 91       	pop	r17
     cb4:	0f 91       	pop	r16
     cb6:	08 95       	ret

00000cb8 <I2C_ReadFrame>:

// Lee ocho bytes usando ACK excepto en el ultimo byte, que usa NACK.
static uint8_t I2C_ReadFrame(uint8_t address,
                             uint8_t frame[I2C_FRAME_SIZE],
                             uint8_t repeated_start)
{
     cb8:	0f 93       	push	r16
     cba:	1f 93       	push	r17
     cbc:	cf 93       	push	r28
     cbe:	c8 2f       	mov	r28, r24
     cc0:	8b 01       	movw	r16, r22
    uint8_t index;

    if (repeated_start != 0U)
     cc2:	44 23       	and	r20, r20
     cc4:	29 f0       	breq	.+10     	; 0xcd0 <I2C_ReadFrame+0x18>
    {
        if (I2C_Master_RepeatedStart() == 0U)
     cc6:	0e 94 a2 05 	call	0xb44	; 0xb44 <I2C_Master_RepeatedStart>
     cca:	81 11       	cpse	r24, r1
     ccc:	05 c0       	rjmp	.+10     	; 0xcd8 <I2C_ReadFrame+0x20>
     cce:	1f c0       	rjmp	.+62     	; 0xd0e <I2C_ReadFrame+0x56>
        {
            return 0U;
        }
    }
    else if (I2C_Master_Start() == 0U)
     cd0:	0e 94 8b 05 	call	0xb16	; 0xb16 <I2C_Master_Start>
     cd4:	88 23       	and	r24, r24
     cd6:	d9 f0       	breq	.+54     	; 0xd0e <I2C_ReadFrame+0x56>
    {
        return 0U;
    }

    if (I2C_SendAddress(address, 1U) == 0U)
     cd8:	61 e0       	ldi	r22, 0x01	; 1
     cda:	8c 2f       	mov	r24, r28
     cdc:	0e 94 f6 05 	call	0xbec	; 0xbec <I2C_SendAddress>
     ce0:	88 23       	and	r24, r24
     ce2:	a9 f0       	breq	.+42     	; 0xd0e <I2C_ReadFrame+0x56>
     ce4:	c0 e0       	ldi	r28, 0x00	; 0
     ce6:	10 c0       	rjmp	.+32     	; 0xd08 <I2C_ReadFrame+0x50>
        return 0U;
    }

    for (index = 0U; index < I2C_FRAME_SIZE; index++)
    {
        uint8_t send_ack = (uint8_t)(index < (I2C_FRAME_SIZE - 1U));
     ce8:	61 e0       	ldi	r22, 0x01	; 1
     cea:	c7 30       	cpi	r28, 0x07	; 7
     cec:	08 f0       	brcs	.+2      	; 0xcf0 <I2C_ReadFrame+0x38>
     cee:	60 e0       	ldi	r22, 0x00	; 0

        if (I2C_Master_Read(&frame[index], send_ack) == 0U)
     cf0:	c8 01       	movw	r24, r16
     cf2:	8c 0f       	add	r24, r28
     cf4:	91 1d       	adc	r25, r1
     cf6:	0e 94 28 06 	call	0xc50	; 0xc50 <I2C_Master_Read>
     cfa:	81 11       	cpse	r24, r1
     cfc:	04 c0       	rjmp	.+8      	; 0xd06 <I2C_ReadFrame+0x4e>
        {
            i2c_last_error = I2C_ERROR_READ;
     cfe:	95 e0       	ldi	r25, 0x05	; 5
     d00:	90 93 08 01 	sts	0x0108, r25	; 0x800108 <__data_end>
            return 0U;
     d04:	04 c0       	rjmp	.+8      	; 0xd0e <I2C_ReadFrame+0x56>
    if (I2C_SendAddress(address, 1U) == 0U)
    {
        return 0U;
    }

    for (index = 0U; index < I2C_FRAME_SIZE; index++)
     d06:	cf 5f       	subi	r28, 0xFF	; 255
     d08:	c8 30       	cpi	r28, 0x08	; 8
     d0a:	70 f3       	brcs	.-36     	; 0xce8 <I2C_ReadFrame+0x30>
            i2c_last_error = I2C_ERROR_READ;
            return 0U;
        }
    }

    return 1U;
     d0c:	81 e0       	ldi	r24, 0x01	; 1
}
     d0e:	cf 91       	pop	r28
     d10:	1f 91       	pop	r17
     d12:	0f 91       	pop	r16
     d14:	08 95       	ret

00000d16 <I2C_Master_ProbeAddress>:
    return 1U;
}

// Comprueba solamente si una direccion responde con ACK.
uint8_t I2C_Master_ProbeAddress(uint8_t address)
{
     d16:	cf 93       	push	r28
     d18:	df 93       	push	r29
     d1a:	d8 2f       	mov	r29, r24
    uint8_t success;

    i2c_last_error = I2C_ERROR_NONE;
     d1c:	10 92 08 01 	sts	0x0108, r1	; 0x800108 <__data_end>
    success = I2C_Master_Start();
     d20:	0e 94 8b 05 	call	0xb16	; 0xb16 <I2C_Master_Start>
     d24:	c8 2f       	mov	r28, r24
    if (success != 0U)
     d26:	88 23       	and	r24, r24
     d28:	29 f0       	breq	.+10     	; 0xd34 <I2C_Master_ProbeAddress+0x1e>
    {
        success = I2C_SendAddress(address, 0U);
     d2a:	60 e0       	ldi	r22, 0x00	; 0
     d2c:	8d 2f       	mov	r24, r29
     d2e:	0e 94 f6 05 	call	0xbec	; 0xbec <I2C_SendAddress>
     d32:	c8 2f       	mov	r28, r24
    }

    I2C_Master_Stop();
     d34:	0e 94 b7 05 	call	0xb6e	; 0xb6e <I2C_Master_Stop>
    if (i2c_last_error == I2C_ERROR_STOP_TIMEOUT)
     d38:	80 91 08 01 	lds	r24, 0x0108	; 0x800108 <__data_end>
     d3c:	87 30       	cpi	r24, 0x07	; 7
     d3e:	11 f4       	brne	.+4      	; 0xd44 <I2C_Master_ProbeAddress+0x2e>
    {
        return 0U;
     d40:	80 e0       	ldi	r24, 0x00	; 0
     d42:	01 c0       	rjmp	.+2      	; 0xd46 <I2C_Master_ProbeAddress+0x30>
    }

    return success;
     d44:	8c 2f       	mov	r24, r28
}
     d46:	df 91       	pop	r29
     d48:	cf 91       	pop	r28
     d4a:	08 95       	ret

00000d4c <I2C_Master_Exchange>:
// Escribe una solicitud y obtiene la respuesta inmediata o diferida.
uint8_t I2C_Master_Exchange(uint8_t address,
                            const uint8_t request[I2C_FRAME_SIZE],
                            uint8_t response[I2C_FRAME_SIZE],
                            I2CExchangeMode mode)
{
     d4c:	cf 92       	push	r12
     d4e:	df 92       	push	r13
     d50:	ef 92       	push	r14
     d52:	ff 92       	push	r15
     d54:	0f 93       	push	r16
     d56:	1f 93       	push	r17
     d58:	cf 93       	push	r28
     d5a:	df 93       	push	r29
    uint8_t attempt;

    if ((request == 0) || (response == 0))
     d5c:	61 15       	cp	r22, r1
     d5e:	71 05       	cpc	r23, r1
     d60:	19 f0       	breq	.+6      	; 0xd68 <I2C_Master_Exchange+0x1c>
     d62:	41 15       	cp	r20, r1
     d64:	51 05       	cpc	r21, r1
     d66:	29 f4       	brne	.+10     	; 0xd72 <I2C_Master_Exchange+0x26>
    {
        i2c_last_error = I2C_ERROR_NULL_POINTER;
     d68:	81 e0       	ldi	r24, 0x01	; 1
     d6a:	80 93 08 01 	sts	0x0108, r24	; 0x800108 <__data_end>
        return 0U;
     d6e:	c0 e0       	ldi	r28, 0x00	; 0
     d70:	77 c0       	rjmp	.+238    	; 0xe60 <I2C_Master_Exchange+0x114>
     d72:	f2 2e       	mov	r15, r18
     d74:	8a 01       	movw	r16, r20
     d76:	6b 01       	movw	r12, r22
     d78:	e8 2e       	mov	r14, r24
    }

    i2c_last_error = I2C_ERROR_NONE;
     d7a:	10 92 08 01 	sts	0x0108, r1	; 0x800108 <__data_end>
    if (I2C_WriteFrame(address, request) == 0U)
     d7e:	0e 94 03 06 	call	0xc06	; 0xc06 <I2C_WriteFrame>
     d82:	c8 2f       	mov	r28, r24
     d84:	81 11       	cpse	r24, r1
     d86:	03 c0       	rjmp	.+6      	; 0xd8e <I2C_Master_Exchange+0x42>
    {
        I2C_Master_Stop();
     d88:	0e 94 b7 05 	call	0xb6e	; 0xb6e <I2C_Master_Stop>
        return 0U;
     d8c:	69 c0       	rjmp	.+210    	; 0xe60 <I2C_Master_Exchange+0x114>
    }

    if (mode == I2C_EXCHANGE_IMMEDIATE)
     d8e:	f1 10       	cpse	r15, r1
     d90:	27 c0       	rjmp	.+78     	; 0xde0 <I2C_Master_Exchange+0x94>
    {
        if (I2C_ReadFrame(address, response, 1U) == 0U)
     d92:	41 e0       	ldi	r20, 0x01	; 1
     d94:	b8 01       	movw	r22, r16
     d96:	8e 2d       	mov	r24, r14
     d98:	0e 94 5c 06 	call	0xcb8	; 0xcb8 <I2C_ReadFrame>
     d9c:	c8 2f       	mov	r28, r24
     d9e:	81 11       	cpse	r24, r1
     da0:	03 c0       	rjmp	.+6      	; 0xda8 <I2C_Master_Exchange+0x5c>
        {
            I2C_Master_Stop();
     da2:	0e 94 b7 05 	call	0xb6e	; 0xb6e <I2C_Master_Stop>
            return 0U;
     da6:	5c c0       	rjmp	.+184    	; 0xe60 <I2C_Master_Exchange+0x114>
        }

        I2C_Master_Stop();
     da8:	0e 94 b7 05 	call	0xb6e	; 0xb6e <I2C_Master_Stop>
        if (i2c_last_error == I2C_ERROR_STOP_TIMEOUT)
     dac:	80 91 08 01 	lds	r24, 0x0108	; 0x800108 <__data_end>
     db0:	87 30       	cpi	r24, 0x07	; 7
     db2:	09 f4       	brne	.+2      	; 0xdb6 <I2C_Master_Exchange+0x6a>
     db4:	50 c0       	rjmp	.+160    	; 0xe56 <I2C_Master_Exchange+0x10a>
        {
            return 0U;
        }

        if ((response[0] != request[0]) || (response[1] != request[1]))
     db6:	f8 01       	movw	r30, r16
     db8:	90 81       	ld	r25, Z
     dba:	f6 01       	movw	r30, r12
     dbc:	80 81       	ld	r24, Z
     dbe:	98 13       	cpse	r25, r24
     dc0:	06 c0       	rjmp	.+12     	; 0xdce <I2C_Master_Exchange+0x82>
     dc2:	f8 01       	movw	r30, r16
     dc4:	91 81       	ldd	r25, Z+1	; 0x01
     dc6:	f6 01       	movw	r30, r12
     dc8:	81 81       	ldd	r24, Z+1	; 0x01
     dca:	98 17       	cp	r25, r24
     dcc:	29 f0       	breq	.+10     	; 0xdd8 <I2C_Master_Exchange+0x8c>
        {
            i2c_last_error = I2C_ERROR_RESPONSE_TIMEOUT;
     dce:	88 e0       	ldi	r24, 0x08	; 8
     dd0:	80 93 08 01 	sts	0x0108, r24	; 0x800108 <__data_end>
            return 0U;
     dd4:	c0 e0       	ldi	r28, 0x00	; 0
     dd6:	44 c0       	rjmp	.+136    	; 0xe60 <I2C_Master_Exchange+0x114>
        }

        i2c_last_error = I2C_ERROR_NONE;
     dd8:	10 92 08 01 	sts	0x0108, r1	; 0x800108 <__data_end>
        return 1U;
     ddc:	c1 e0       	ldi	r28, 0x01	; 1
     dde:	40 c0       	rjmp	.+128    	; 0xe60 <I2C_Master_Exchange+0x114>
    }

    I2C_Master_Stop();
     de0:	0e 94 b7 05 	call	0xb6e	; 0xb6e <I2C_Master_Stop>
    if (i2c_last_error == I2C_ERROR_STOP_TIMEOUT)
     de4:	80 91 08 01 	lds	r24, 0x0108	; 0x800108 <__data_end>
     de8:	87 30       	cpi	r24, 0x07	; 7
     dea:	b9 f1       	breq	.+110    	; 0xe5a <I2C_Master_Exchange+0x10e>
     dec:	d0 e0       	ldi	r29, 0x00	; 0
     dee:	2c c0       	rjmp	.+88     	; 0xe48 <I2C_Master_Exchange+0xfc>
	#else
		//round up by default
		__ticks_dc = (uint32_t)(ceil(fabs(__tmp)));
	#endif

	__builtin_avr_delay_cycles(__ticks_dc);
     df0:	8f e9       	ldi	r24, 0x9F	; 159
     df2:	9f e0       	ldi	r25, 0x0F	; 15
     df4:	01 97       	sbiw	r24, 0x01	; 1
     df6:	f1 f7       	brne	.-4      	; 0xdf4 <I2C_Master_Exchange+0xa8>
     df8:	00 c0       	rjmp	.+0      	; 0xdfa <I2C_Master_Exchange+0xae>
     dfa:	00 00       	nop

    for (attempt = 0U; attempt < I2C_DEFERRED_ATTEMPTS; attempt++)
    {
        _delay_ms(1);

        if (I2C_ReadFrame(address, response, 0U) == 0U)
     dfc:	40 e0       	ldi	r20, 0x00	; 0
     dfe:	b8 01       	movw	r22, r16
     e00:	8e 2d       	mov	r24, r14
     e02:	0e 94 5c 06 	call	0xcb8	; 0xcb8 <I2C_ReadFrame>
     e06:	c8 2f       	mov	r28, r24
     e08:	81 11       	cpse	r24, r1
     e0a:	07 c0       	rjmp	.+14     	; 0xe1a <I2C_Master_Exchange+0xce>
        {
            I2C_Master_Stop();
     e0c:	0e 94 b7 05 	call	0xb6e	; 0xb6e <I2C_Master_Stop>
            if (i2c_last_error == I2C_ERROR_STOP_TIMEOUT)
     e10:	80 91 08 01 	lds	r24, 0x0108	; 0x800108 <__data_end>
     e14:	87 30       	cpi	r24, 0x07	; 7
     e16:	b9 f4       	brne	.+46     	; 0xe46 <I2C_Master_Exchange+0xfa>
     e18:	23 c0       	rjmp	.+70     	; 0xe60 <I2C_Master_Exchange+0x114>
                return 0U;
            }
            continue;
        }

        I2C_Master_Stop();
     e1a:	0e 94 b7 05 	call	0xb6e	; 0xb6e <I2C_Master_Stop>
        if (i2c_last_error == I2C_ERROR_STOP_TIMEOUT)
     e1e:	80 91 08 01 	lds	r24, 0x0108	; 0x800108 <__data_end>
     e22:	87 30       	cpi	r24, 0x07	; 7
     e24:	e1 f0       	breq	.+56     	; 0xe5e <I2C_Master_Exchange+0x112>
        {
            return 0U;
        }

        if ((response[0] == request[0]) && (response[1] == request[1]))
     e26:	f8 01       	movw	r30, r16
     e28:	90 81       	ld	r25, Z
     e2a:	f6 01       	movw	r30, r12
     e2c:	80 81       	ld	r24, Z
     e2e:	98 13       	cpse	r25, r24
     e30:	0a c0       	rjmp	.+20     	; 0xe46 <I2C_Master_Exchange+0xfa>
     e32:	f8 01       	movw	r30, r16
     e34:	91 81       	ldd	r25, Z+1	; 0x01
     e36:	f6 01       	movw	r30, r12
     e38:	81 81       	ldd	r24, Z+1	; 0x01
     e3a:	98 13       	cpse	r25, r24
     e3c:	04 c0       	rjmp	.+8      	; 0xe46 <I2C_Master_Exchange+0xfa>
        {
            i2c_last_error = I2C_ERROR_NONE;
     e3e:	10 92 08 01 	sts	0x0108, r1	; 0x800108 <__data_end>
            return 1U;
     e42:	c1 e0       	ldi	r28, 0x01	; 1
     e44:	0d c0       	rjmp	.+26     	; 0xe60 <I2C_Master_Exchange+0x114>
    if (i2c_last_error == I2C_ERROR_STOP_TIMEOUT)
    {
        return 0U;
    }

    for (attempt = 0U; attempt < I2C_DEFERRED_ATTEMPTS; attempt++)
     e46:	df 5f       	subi	r29, 0xFF	; 255
     e48:	d8 32       	cpi	r29, 0x28	; 40
     e4a:	90 f2       	brcs	.-92     	; 0xdf0 <I2C_Master_Exchange+0xa4>
            i2c_last_error = I2C_ERROR_NONE;
            return 1U;
        }
    }

    i2c_last_error = I2C_ERROR_RESPONSE_TIMEOUT;
     e4c:	88 e0       	ldi	r24, 0x08	; 8
     e4e:	80 93 08 01 	sts	0x0108, r24	; 0x800108 <__data_end>
    return 0U;
     e52:	c0 e0       	ldi	r28, 0x00	; 0
     e54:	05 c0       	rjmp	.+10     	; 0xe60 <I2C_Master_Exchange+0x114>
        }

        I2C_Master_Stop();
        if (i2c_last_error == I2C_ERROR_STOP_TIMEOUT)
        {
            return 0U;
     e56:	c0 e0       	ldi	r28, 0x00	; 0
     e58:	03 c0       	rjmp	.+6      	; 0xe60 <I2C_Master_Exchange+0x114>
    }

    I2C_Master_Stop();
    if (i2c_last_error == I2C_ERROR_STOP_TIMEOUT)
    {
        return 0U;
     e5a:	c0 e0       	ldi	r28, 0x00	; 0
     e5c:	01 c0       	rjmp	.+2      	; 0xe60 <I2C_Master_Exchange+0x114>
        }

        I2C_Master_Stop();
        if (i2c_last_error == I2C_ERROR_STOP_TIMEOUT)
        {
            return 0U;
     e5e:	c0 e0       	ldi	r28, 0x00	; 0
        }
    }

    i2c_last_error = I2C_ERROR_RESPONSE_TIMEOUT;
    return 0U;
}
     e60:	8c 2f       	mov	r24, r28
     e62:	df 91       	pop	r29
     e64:	cf 91       	pop	r28
     e66:	1f 91       	pop	r17
     e68:	0f 91       	pop	r16
     e6a:	ff 90       	pop	r15
     e6c:	ef 90       	pop	r14
     e6e:	df 90       	pop	r13
     e70:	cf 90       	pop	r12
     e72:	08 95       	ret

00000e74 <I2C_Master_Ping>:
// Intercambia una trama PING completa con espera diferida.
uint8_t I2C_Master_Ping(uint8_t address,
                        const uint8_t request[I2C_FRAME_SIZE],
                        uint8_t response[I2C_FRAME_SIZE])
{
    return I2C_Master_Exchange(address, request, response,
     e74:	21 e0       	ldi	r18, 0x01	; 1
     e76:	0e 94 a6 06 	call	0xd4c	; 0xd4c <I2C_Master_Exchange>
                               I2C_EXCHANGE_DEFERRED);
}
     e7a:	08 95       	ret

00000e7c <I2C_Master_GetLastStatus>:

// Devuelve el ultimo codigo TWSR sin bits de prescaler.
uint8_t I2C_Master_GetLastStatus(void)
{
    return i2c_last_status;
}
     e7c:	80 91 00 01 	lds	r24, 0x0100	; 0x800100 <__DATA_REGION_ORIGIN__>
     e80:	08 95       	ret

00000e82 <I2C_Master_GetLastError>:

// Devuelve la ultima categoria de error del transporte.
I2CError I2C_Master_GetLastError(void)
{
    return i2c_last_error;
}
     e82:	80 91 08 01 	lds	r24, 0x0108	; 0x800108 <__data_end>
     e86:	08 95       	ret

00000e88 <LCD_EnablePulse>:
    while (*text)
    {
        LCD_Write_Char(*text);
        text++;
    }
}
     e88:	88 b1       	in	r24, 0x08	; 8
     e8a:	81 60       	ori	r24, 0x01	; 1
     e8c:	88 b9       	out	0x08, r24	; 8
     e8e:	85 e0       	ldi	r24, 0x05	; 5
     e90:	8a 95       	dec	r24
     e92:	f1 f7       	brne	.-4      	; 0xe90 <LCD_EnablePulse+0x8>
     e94:	00 00       	nop
     e96:	88 b1       	in	r24, 0x08	; 8
     e98:	8e 7f       	andi	r24, 0xFE	; 254
     e9a:	88 b9       	out	0x08, r24	; 8
     e9c:	8f e8       	ldi	r24, 0x8F	; 143
     e9e:	91 e0       	ldi	r25, 0x01	; 1
     ea0:	01 97       	sbiw	r24, 0x01	; 1
     ea2:	f1 f7       	brne	.-4      	; 0xea0 <LCD_EnablePulse+0x18>
     ea4:	00 c0       	rjmp	.+0      	; 0xea6 <LCD_EnablePulse+0x1e>
     ea6:	00 00       	nop
     ea8:	08 95       	ret

00000eaa <LCD_Port>:
     eaa:	9b b1       	in	r25, 0x0b	; 11
     eac:	93 70       	andi	r25, 0x03	; 3
     eae:	9b b9       	out	0x0b, r25	; 11
     eb0:	95 b1       	in	r25, 0x05	; 5
     eb2:	9c 7f       	andi	r25, 0xFC	; 252
     eb4:	95 b9       	out	0x05, r25	; 5
     eb6:	80 ff       	sbrs	r24, 0
     eb8:	03 c0       	rjmp	.+6      	; 0xec0 <LCD_Port+0x16>
     eba:	9b b1       	in	r25, 0x0b	; 11
     ebc:	94 60       	ori	r25, 0x04	; 4
     ebe:	9b b9       	out	0x0b, r25	; 11
     ec0:	81 ff       	sbrs	r24, 1
     ec2:	03 c0       	rjmp	.+6      	; 0xeca <LCD_Port+0x20>
     ec4:	9b b1       	in	r25, 0x0b	; 11
     ec6:	98 60       	ori	r25, 0x08	; 8
     ec8:	9b b9       	out	0x0b, r25	; 11
     eca:	82 ff       	sbrs	r24, 2
     ecc:	03 c0       	rjmp	.+6      	; 0xed4 <LCD_Port+0x2a>
     ece:	9b b1       	in	r25, 0x0b	; 11
     ed0:	90 61       	ori	r25, 0x10	; 16
     ed2:	9b b9       	out	0x0b, r25	; 11
     ed4:	83 ff       	sbrs	r24, 3
     ed6:	03 c0       	rjmp	.+6      	; 0xede <LCD_Port+0x34>
     ed8:	9b b1       	in	r25, 0x0b	; 11
     eda:	90 62       	ori	r25, 0x20	; 32
     edc:	9b b9       	out	0x0b, r25	; 11
     ede:	84 ff       	sbrs	r24, 4
     ee0:	03 c0       	rjmp	.+6      	; 0xee8 <LCD_Port+0x3e>
     ee2:	9b b1       	in	r25, 0x0b	; 11
     ee4:	90 64       	ori	r25, 0x40	; 64
     ee6:	9b b9       	out	0x0b, r25	; 11
     ee8:	85 ff       	sbrs	r24, 5
     eea:	03 c0       	rjmp	.+6      	; 0xef2 <LCD_Port+0x48>
     eec:	9b b1       	in	r25, 0x0b	; 11
     eee:	90 68       	ori	r25, 0x80	; 128
     ef0:	9b b9       	out	0x0b, r25	; 11
     ef2:	86 ff       	sbrs	r24, 6
     ef4:	03 c0       	rjmp	.+6      	; 0xefc <LCD_Port+0x52>
     ef6:	95 b1       	in	r25, 0x05	; 5
     ef8:	91 60       	ori	r25, 0x01	; 1
     efa:	95 b9       	out	0x05, r25	; 5
     efc:	88 23       	and	r24, r24
     efe:	1c f4       	brge	.+6      	; 0xf06 <LCD_Port+0x5c>
     f00:	85 b1       	in	r24, 0x05	; 5
     f02:	82 60       	ori	r24, 0x02	; 2
     f04:	85 b9       	out	0x05, r24	; 5
     f06:	08 95       	ret

00000f08 <LCD_CMD>:
     f08:	98 b1       	in	r25, 0x08	; 8
     f0a:	9d 7f       	andi	r25, 0xFD	; 253
     f0c:	98 b9       	out	0x08, r25	; 8
     f0e:	0e 94 55 07 	call	0xeaa	; 0xeaa <LCD_Port>
     f12:	0e 94 44 07 	call	0xe88	; 0xe88 <LCD_EnablePulse>
     f16:	8f e3       	ldi	r24, 0x3F	; 63
     f18:	9f e1       	ldi	r25, 0x1F	; 31
     f1a:	01 97       	sbiw	r24, 0x01	; 1
     f1c:	f1 f7       	brne	.-4      	; 0xf1a <LCD_CMD+0x12>
     f1e:	00 c0       	rjmp	.+0      	; 0xf20 <LCD_CMD+0x18>
     f20:	00 00       	nop
     f22:	08 95       	ret

00000f24 <LCD_Write_Char>:
     f24:	98 b1       	in	r25, 0x08	; 8
     f26:	92 60       	ori	r25, 0x02	; 2
     f28:	98 b9       	out	0x08, r25	; 8
     f2a:	0e 94 55 07 	call	0xeaa	; 0xeaa <LCD_Port>
     f2e:	0e 94 44 07 	call	0xe88	; 0xe88 <LCD_EnablePulse>
     f32:	8f e8       	ldi	r24, 0x8F	; 143
     f34:	91 e0       	ldi	r25, 0x01	; 1
     f36:	01 97       	sbiw	r24, 0x01	; 1
     f38:	f1 f7       	brne	.-4      	; 0xf36 <LCD_Write_Char+0x12>
     f3a:	00 c0       	rjmp	.+0      	; 0xf3c <LCD_Write_Char+0x18>
     f3c:	00 00       	nop
     f3e:	08 95       	ret

00000f40 <LCD_Set_Cursor>:

// Calcula la direccion DDRAM y posiciona el cursor.
void LCD_Set_Cursor(uint8_t column, uint8_t row)
{
    if (row == 1)
     f40:	61 30       	cpi	r22, 0x01	; 1
     f42:	21 f4       	brne	.+8      	; 0xf4c <LCD_Set_Cursor+0xc>
    {
        LCD_CMD(0x80 + column - 1);
     f44:	81 58       	subi	r24, 0x81	; 129
     f46:	0e 94 84 07 	call	0xf08	; 0xf08 <LCD_CMD>
     f4a:	08 95       	ret
    }
    else
    {
        LCD_CMD(0xC0 + column - 1);
     f4c:	81 54       	subi	r24, 0x41	; 65
     f4e:	0e 94 84 07 	call	0xf08	; 0xf08 <LCD_CMD>
     f52:	08 95       	ret

00000f54 <LCD_Clear>:
}

// Borra la pantalla y regresa el cursor al inicio.
void LCD_Clear(void)
{
    LCD_CMD(0x01);
     f54:	81 e0       	ldi	r24, 0x01	; 1
     f56:	0e 94 84 07 	call	0xf08	; 0xf08 <LCD_CMD>
     f5a:	8f e3       	ldi	r24, 0x3F	; 63
     f5c:	9f e1       	ldi	r25, 0x1F	; 31
     f5e:	01 97       	sbiw	r24, 0x01	; 1
     f60:	f1 f7       	brne	.-4      	; 0xf5e <LCD_Clear+0xa>
     f62:	00 c0       	rjmp	.+0      	; 0xf64 <LCD_Clear+0x10>
     f64:	00 00       	nop
     f66:	08 95       	ret

00000f68 <initLCD8bits>:
// NON-Interrupt subroutines

// Configura D2-D9 como bus de datos y A0/A1 como control de la LCD.
void initLCD8bits(void)
{
    DDRD |= (1 << DDD2) | (1 << DDD3) | (1 << DDD4) | (1 << DDD5) | (1 << DDD6) | (1 << DDD7);
     f68:	8a b1       	in	r24, 0x0a	; 10
     f6a:	8c 6f       	ori	r24, 0xFC	; 252
     f6c:	8a b9       	out	0x0a, r24	; 10
    DDRB |= (1 << DDB0) | (1 << DDB1);
     f6e:	84 b1       	in	r24, 0x04	; 4
     f70:	83 60       	ori	r24, 0x03	; 3
     f72:	84 b9       	out	0x04, r24	; 4
    LCD_RS_DDR |= (1 << LCD_RS_PIN);
     f74:	87 b1       	in	r24, 0x07	; 7
     f76:	82 60       	ori	r24, 0x02	; 2
     f78:	87 b9       	out	0x07, r24	; 7
    LCD_E_DDR |= (1 << LCD_E_PIN);
     f7a:	87 b1       	in	r24, 0x07	; 7
     f7c:	81 60       	ori	r24, 0x01	; 1
     f7e:	87 b9       	out	0x07, r24	; 7

    LCD_RS_PORT &= ~(1 << LCD_RS_PIN);
     f80:	88 b1       	in	r24, 0x08	; 8
     f82:	8d 7f       	andi	r24, 0xFD	; 253
     f84:	88 b9       	out	0x08, r24	; 8
    LCD_E_PORT &= ~(1 << LCD_E_PIN);
     f86:	88 b1       	in	r24, 0x08	; 8
     f88:	8e 7f       	andi	r24, 0xFE	; 254
     f8a:	88 b9       	out	0x08, r24	; 8
    PORTD &= ~((1 << PORTD2) | (1 << PORTD3) | (1 << PORTD4) | (1 << PORTD5) | (1 << PORTD6) | (1 << PORTD7));
     f8c:	8b b1       	in	r24, 0x0b	; 11
     f8e:	83 70       	andi	r24, 0x03	; 3
     f90:	8b b9       	out	0x0b, r24	; 11
    PORTB &= ~((1 << PORTB0) | (1 << PORTB1));
     f92:	85 b1       	in	r24, 0x05	; 5
     f94:	8c 7f       	andi	r24, 0xFC	; 252
     f96:	85 b9       	out	0x05, r24	; 5
     f98:	2f ef       	ldi	r18, 0xFF	; 255
     f9a:	89 ef       	ldi	r24, 0xF9	; 249
     f9c:	90 e0       	ldi	r25, 0x00	; 0
     f9e:	21 50       	subi	r18, 0x01	; 1
     fa0:	80 40       	sbci	r24, 0x00	; 0
     fa2:	90 40       	sbci	r25, 0x00	; 0
     fa4:	e1 f7       	brne	.-8      	; 0xf9e <initLCD8bits+0x36>
     fa6:	00 c0       	rjmp	.+0      	; 0xfa8 <initLCD8bits+0x40>
     fa8:	00 00       	nop

    _delay_ms(20);
    LCD_CMD(0x38);
     faa:	88 e3       	ldi	r24, 0x38	; 56
     fac:	0e 94 84 07 	call	0xf08	; 0xf08 <LCD_CMD>
    LCD_CMD(0x0C);
     fb0:	8c e0       	ldi	r24, 0x0C	; 12
     fb2:	0e 94 84 07 	call	0xf08	; 0xf08 <LCD_CMD>
    LCD_CMD(0x06);
     fb6:	86 e0       	ldi	r24, 0x06	; 6
     fb8:	0e 94 84 07 	call	0xf08	; 0xf08 <LCD_CMD>
    LCD_Clear();
     fbc:	0e 94 aa 07 	call	0xf54	; 0xf54 <LCD_Clear>
     fc0:	08 95       	ret

00000fc2 <UART_Init>:
// NON-Interrupt subroutines

// Inicializa la comunicacion UART.
static void UART_Init(void)
{
    UBRR0H = (uint8_t)(UART_UBRR >> 8U);
     fc2:	10 92 c5 00 	sts	0x00C5, r1	; 0x8000c5 <__TEXT_REGION_LENGTH__+0x7f80c5>
    UBRR0L = (uint8_t)UART_UBRR;
     fc6:	87 e6       	ldi	r24, 0x67	; 103
     fc8:	80 93 c4 00 	sts	0x00C4, r24	; 0x8000c4 <__TEXT_REGION_LENGTH__+0x7f80c4>
    UCSR0B = (1U << RXEN0) | (1U << TXEN0);
     fcc:	88 e1       	ldi	r24, 0x18	; 24
     fce:	80 93 c1 00 	sts	0x00C1, r24	; 0x8000c1 <__TEXT_REGION_LENGTH__+0x7f80c1>
    UCSR0C = (1U << UCSZ01) | (1U << UCSZ00);
     fd2:	86 e0       	ldi	r24, 0x06	; 6
     fd4:	80 93 c2 00 	sts	0x00C2, r24	; 0x8000c2 <__TEXT_REGION_LENGTH__+0x7f80c2>
     fd8:	08 95       	ret

00000fda <UART_WriteChar>:
{
    uint8_t next_head;

    do
    {
        next_head = (uint8_t)(uart_tx_head + 1U);
     fda:	90 91 58 01 	lds	r25, 0x0158	; 0x800158 <uart_tx_head>
     fde:	9f 5f       	subi	r25, 0xFF	; 255
    }
    while (next_head == uart_tx_tail);
     fe0:	20 91 57 01 	lds	r18, 0x0157	; 0x800157 <uart_tx_tail>
     fe4:	92 17       	cp	r25, r18
     fe6:	c9 f3       	breq	.-14     	; 0xfda <UART_WriteChar>

    uart_tx_buffer[uart_tx_head] = (uint8_t)data;
     fe8:	e0 91 58 01 	lds	r30, 0x0158	; 0x800158 <uart_tx_head>
     fec:	f0 e0       	ldi	r31, 0x00	; 0
     fee:	e7 5a       	subi	r30, 0xA7	; 167
     ff0:	fe 4f       	sbci	r31, 0xFE	; 254
     ff2:	80 83       	st	Z, r24
    uart_tx_head = next_head;
     ff4:	90 93 58 01 	sts	0x0158, r25	; 0x800158 <uart_tx_head>
    UCSR0B |= (1U << UDRIE0);
     ff8:	e1 ec       	ldi	r30, 0xC1	; 193
     ffa:	f0 e0       	ldi	r31, 0x00	; 0
     ffc:	80 81       	ld	r24, Z
     ffe:	80 62       	ori	r24, 0x20	; 32
    1000:	80 83       	st	Z, r24
    1002:	08 95       	ret

00001004 <UART_WriteFlashString>:
/****************************************/
// NON-Interrupt subroutines

// Envia por UART un texto almacenado en Flash.
static void UART_WriteFlashString(PGM_P text)
{
    1004:	cf 93       	push	r28
    1006:	df 93       	push	r29
    1008:	ec 01       	movw	r28, r24
    char character = (char)pgm_read_byte(text);
    100a:	fc 01       	movw	r30, r24
    100c:	84 91       	lpm	r24, Z

    while (character != '\0')
    100e:	05 c0       	rjmp	.+10     	; 0x101a <UART_WriteFlashString+0x16>
    {
        UART_WriteChar(character);
    1010:	0e 94 ed 07 	call	0xfda	; 0xfda <UART_WriteChar>
        text++;
    1014:	21 96       	adiw	r28, 0x01	; 1
        character = (char)pgm_read_byte(text);
    1016:	fe 01       	movw	r30, r28
    1018:	84 91       	lpm	r24, Z
// Envia por UART un texto almacenado en Flash.
static void UART_WriteFlashString(PGM_P text)
{
    char character = (char)pgm_read_byte(text);

    while (character != '\0')
    101a:	81 11       	cpse	r24, r1
    101c:	f9 cf       	rjmp	.-14     	; 0x1010 <UART_WriteFlashString+0xc>
    {
        UART_WriteChar(character);
        text++;
        character = (char)pgm_read_byte(text);
    }
}
    101e:	df 91       	pop	r29
    1020:	cf 91       	pop	r28
    1022:	08 95       	ret

00001024 <UART_Available>:
#define UART_WriteString(text) UART_WriteFlashString(PSTR(text))

// Indica si existe un byte recibido por UART.
static uint8_t UART_Available(void)
{
    return (uint8_t)((UCSR0A & (1U << RXC0)) != 0U);
    1024:	80 91 c0 00 	lds	r24, 0x00C0	; 0x8000c0 <__TEXT_REGION_LENGTH__+0x7f80c0>
}
    1028:	88 1f       	adc	r24, r24
    102a:	88 27       	eor	r24, r24
    102c:	88 1f       	adc	r24, r24
    102e:	08 95       	ret

00001030 <UART_ReadChar>:

// Lee un caracter recibido por UART.
static char UART_ReadChar(void)
{
    return (char)UDR0;
    1030:	80 91 c6 00 	lds	r24, 0x00C6	; 0x8000c6 <__TEXT_REGION_LENGTH__+0x7f80c6>
}
    1034:	08 95       	ret

00001036 <UART_WriteUInt16>:

// Imprime un entero de 16 bits por UART.
static void UART_WriteUInt16(uint16_t value)
{
    1036:	1f 93       	push	r17
    1038:	cf 93       	push	r28
    103a:	df 93       	push	r29
    103c:	00 d0       	rcall	.+0      	; 0x103e <UART_WriteUInt16+0x8>
    103e:	00 d0       	rcall	.+0      	; 0x1040 <UART_WriteUInt16+0xa>
    1040:	1f 92       	push	r1
    1042:	cd b7       	in	r28, 0x3d	; 61
    1044:	de b7       	in	r29, 0x3e	; 62
    1046:	ac 01       	movw	r20, r24
    char buffer[5];
    uint8_t index = 0U;

    if (value == 0U)
    1048:	89 2b       	or	r24, r25
    104a:	91 f5       	brne	.+100    	; 0x10b0 <UART_WriteUInt16+0x7a>
    {
        UART_WriteChar('0');
    104c:	80 e3       	ldi	r24, 0x30	; 48
    104e:	0e 94 ed 07 	call	0xfda	; 0xfda <UART_WriteChar>
    1052:	3f c0       	rjmp	.+126    	; 0x10d2 <UART_WriteUInt16+0x9c>
        return;
    }

    while (value > 0U)
    {
        buffer[index] = (char)('0' + (value % 10U));
    1054:	9a 01       	movw	r18, r20
    1056:	ad ec       	ldi	r26, 0xCD	; 205
    1058:	bc ec       	ldi	r27, 0xCC	; 204
    105a:	0e 94 c4 20 	call	0x4188	; 0x4188 <__umulhisi3>
    105e:	96 95       	lsr	r25
    1060:	87 95       	ror	r24
    1062:	96 95       	lsr	r25
    1064:	87 95       	ror	r24
    1066:	96 95       	lsr	r25
    1068:	87 95       	ror	r24
    106a:	9c 01       	movw	r18, r24
    106c:	22 0f       	add	r18, r18
    106e:	33 1f       	adc	r19, r19
    1070:	88 0f       	add	r24, r24
    1072:	99 1f       	adc	r25, r25
    1074:	88 0f       	add	r24, r24
    1076:	99 1f       	adc	r25, r25
    1078:	88 0f       	add	r24, r24
    107a:	99 1f       	adc	r25, r25
    107c:	82 0f       	add	r24, r18
    107e:	93 1f       	adc	r25, r19
    1080:	9a 01       	movw	r18, r20
    1082:	28 1b       	sub	r18, r24
    1084:	39 0b       	sbc	r19, r25
    1086:	c9 01       	movw	r24, r18
    1088:	80 5d       	subi	r24, 0xD0	; 208
    108a:	e1 e0       	ldi	r30, 0x01	; 1
    108c:	f0 e0       	ldi	r31, 0x00	; 0
    108e:	ec 0f       	add	r30, r28
    1090:	fd 1f       	adc	r31, r29
    1092:	e1 0f       	add	r30, r17
    1094:	f1 1d       	adc	r31, r1
    1096:	80 83       	st	Z, r24
        value /= 10U;
    1098:	9a 01       	movw	r18, r20
    109a:	0e 94 c4 20 	call	0x4188	; 0x4188 <__umulhisi3>
    109e:	ac 01       	movw	r20, r24
    10a0:	56 95       	lsr	r21
    10a2:	47 95       	ror	r20
    10a4:	56 95       	lsr	r21
    10a6:	47 95       	ror	r20
    10a8:	56 95       	lsr	r21
    10aa:	47 95       	ror	r20
        index++;
    10ac:	1f 5f       	subi	r17, 0xFF	; 255
    10ae:	01 c0       	rjmp	.+2      	; 0x10b2 <UART_WriteUInt16+0x7c>
    10b0:	10 e0       	ldi	r17, 0x00	; 0
    {
        UART_WriteChar('0');
        return;
    }

    while (value > 0U)
    10b2:	41 15       	cp	r20, r1
    10b4:	51 05       	cpc	r21, r1
    10b6:	71 f6       	brne	.-100    	; 0x1054 <UART_WriteUInt16+0x1e>
    10b8:	0a c0       	rjmp	.+20     	; 0x10ce <UART_WriteUInt16+0x98>
        index++;
    }

    while (index > 0U)
    {
        index--;
    10ba:	11 50       	subi	r17, 0x01	; 1
        UART_WriteChar(buffer[index]);
    10bc:	e1 e0       	ldi	r30, 0x01	; 1
    10be:	f0 e0       	ldi	r31, 0x00	; 0
    10c0:	ec 0f       	add	r30, r28
    10c2:	fd 1f       	adc	r31, r29
    10c4:	e1 0f       	add	r30, r17
    10c6:	f1 1d       	adc	r31, r1
    10c8:	80 81       	ld	r24, Z
    10ca:	0e 94 ed 07 	call	0xfda	; 0xfda <UART_WriteChar>
        buffer[index] = (char)('0' + (value % 10U));
        value /= 10U;
        index++;
    }

    while (index > 0U)
    10ce:	11 11       	cpse	r17, r1
    10d0:	f4 cf       	rjmp	.-24     	; 0x10ba <UART_WriteUInt16+0x84>
    {
        index--;
        UART_WriteChar(buffer[index]);
    }
}
    10d2:	0f 90       	pop	r0
    10d4:	0f 90       	pop	r0
    10d6:	0f 90       	pop	r0
    10d8:	0f 90       	pop	r0
    10da:	0f 90       	pop	r0
    10dc:	df 91       	pop	r29
    10de:	cf 91       	pop	r28
    10e0:	1f 91       	pop	r17
    10e2:	08 95       	ret

000010e4 <UART_WriteHexNibble>:

// Imprime un nibble en hexadecimal.
static void UART_WriteHexNibble(uint8_t value)
{
    value &= 0x0FU;
    10e4:	8f 70       	andi	r24, 0x0F	; 15
    UART_WriteChar((value < 10U) ?
    10e6:	8a 30       	cpi	r24, 0x0A	; 10
    10e8:	10 f4       	brcc	.+4      	; 0x10ee <UART_WriteHexNibble+0xa>
    10ea:	80 5d       	subi	r24, 0xD0	; 208
    10ec:	01 c0       	rjmp	.+2      	; 0x10f0 <UART_WriteHexNibble+0xc>
    10ee:	89 5c       	subi	r24, 0xC9	; 201
    10f0:	0e 94 ed 07 	call	0xfda	; 0xfda <UART_WriteChar>
    10f4:	08 95       	ret

000010f6 <UART_WriteHexByte>:
                   (char)('A' + value - 10U));
}

// Imprime un byte en hexadecimal.
static void UART_WriteHexByte(uint8_t value)
{
    10f6:	cf 93       	push	r28
    10f8:	c8 2f       	mov	r28, r24
    UART_WriteString("0x");
    10fa:	85 ee       	ldi	r24, 0xE5	; 229
    10fc:	98 e0       	ldi	r25, 0x08	; 8
    10fe:	0e 94 02 08 	call	0x1004	; 0x1004 <UART_WriteFlashString>
    UART_WriteHexNibble((uint8_t)(value >> 4U));
    1102:	8c 2f       	mov	r24, r28
    1104:	82 95       	swap	r24
    1106:	8f 70       	andi	r24, 0x0F	; 15
    1108:	0e 94 72 08 	call	0x10e4	; 0x10e4 <UART_WriteHexNibble>
    UART_WriteHexNibble(value);
    110c:	8c 2f       	mov	r24, r28
    110e:	0e 94 72 08 	call	0x10e4	; 0x10e4 <UART_WriteHexNibble>
}
    1112:	cf 91       	pop	r28
    1114:	08 95       	ret

00001116 <Master_PrintI2CErrorValues>:

// Muestra los codigos de error del bus I2C.
static void Master_PrintI2CErrorValues(uint8_t error, uint8_t twi_status)
{
    1116:	cf 93       	push	r28
    1118:	df 93       	push	r29
    111a:	d8 2f       	mov	r29, r24
    111c:	c6 2f       	mov	r28, r22
    UART_WriteString("ERROR (I2C ");
    111e:	83 ed       	ldi	r24, 0xD3	; 211
    1120:	96 e0       	ldi	r25, 0x06	; 6
    1122:	0e 94 02 08 	call	0x1004	; 0x1004 <UART_WriteFlashString>
    UART_WriteUInt16(error);
    1126:	8d 2f       	mov	r24, r29
    1128:	90 e0       	ldi	r25, 0x00	; 0
    112a:	0e 94 1b 08 	call	0x1036	; 0x1036 <UART_WriteUInt16>
    UART_WriteString(", TWI ");
    112e:	8c ec       	ldi	r24, 0xCC	; 204
    1130:	96 e0       	ldi	r25, 0x06	; 6
    1132:	0e 94 02 08 	call	0x1004	; 0x1004 <UART_WriteFlashString>
    UART_WriteHexByte(twi_status);
    1136:	8c 2f       	mov	r24, r28
    1138:	0e 94 7b 08 	call	0x10f6	; 0x10f6 <UART_WriteHexByte>
    UART_WriteString(")");
    113c:	8a ec       	ldi	r24, 0xCA	; 202
    113e:	96 e0       	ldi	r25, 0x06	; 6
    1140:	0e 94 02 08 	call	0x1004	; 0x1004 <UART_WriteFlashString>
}
    1144:	df 91       	pop	r29
    1146:	cf 91       	pop	r28
    1148:	08 95       	ret

0000114a <Master_TimeReached>:
}

// Comprueba si se alcanzo un tiempo programado.
static uint8_t Master_TimeReached(uint32_t now, uint32_t deadline)
{
    return (uint8_t)((int32_t)(now - deadline) >= 0L);
    114a:	dc 01       	movw	r26, r24
    114c:	cb 01       	movw	r24, r22
    114e:	82 1b       	sub	r24, r18
    1150:	93 0b       	sbc	r25, r19
    1152:	a4 0b       	sbc	r26, r20
    1154:	b5 0b       	sbc	r27, r21
    1156:	80 95       	com	r24
    1158:	90 95       	com	r25
    115a:	a0 95       	com	r26
    115c:	b0 95       	com	r27
    115e:	88 27       	eor	r24, r24
    1160:	b7 fd       	sbrc	r27, 7
    1162:	83 95       	inc	r24
    1164:	99 27       	eor	r25, r25
    1166:	aa 27       	eor	r26, r26
    1168:	bb 27       	eor	r27, r27
}
    116a:	08 95       	ret

0000116c <Master_IsNewCounter>:
// Valida si una muestra posee un contador nuevo.
static uint8_t Master_IsNewCounter(uint8_t counter,
                                   uint8_t *known,
                                   uint8_t *previous)
{
    if ((*known == 0U) || (counter != *previous))
    116c:	fb 01       	movw	r30, r22
    116e:	90 81       	ld	r25, Z
    1170:	99 23       	and	r25, r25
    1172:	21 f0       	breq	.+8      	; 0x117c <Master_IsNewCounter+0x10>
    1174:	fa 01       	movw	r30, r20
    1176:	90 81       	ld	r25, Z
    1178:	98 17       	cp	r25, r24
    117a:	39 f0       	breq	.+14     	; 0x118a <Master_IsNewCounter+0x1e>
    {
        *known = 1U;
    117c:	91 e0       	ldi	r25, 0x01	; 1
    117e:	fb 01       	movw	r30, r22
    1180:	90 83       	st	Z, r25
        *previous = counter;
    1182:	fa 01       	movw	r30, r20
    1184:	80 83       	st	Z, r24
        return 1U;
    1186:	81 e0       	ldi	r24, 0x01	; 1
    1188:	08 95       	ret
    }

    return 0U;
    118a:	80 e0       	ldi	r24, 0x00	; 0
}
    118c:	08 95       	ret

0000118e <Master_HCSR04EchoToMillimeters>:

// Convierte el tiempo de eco a milimetros.
static uint16_t Master_HCSR04EchoToMillimeters(uint16_t echo_us)
{
    return (uint16_t)(((uint32_t)echo_us * 10UL + 29UL) / 58UL);
    118e:	a0 e0       	ldi	r26, 0x00	; 0
    1190:	b0 e0       	ldi	r27, 0x00	; 0
    1192:	88 0f       	add	r24, r24
    1194:	99 1f       	adc	r25, r25
    1196:	aa 1f       	adc	r26, r26
    1198:	bb 1f       	adc	r27, r27
    119a:	ac 01       	movw	r20, r24
    119c:	bd 01       	movw	r22, r26
    119e:	44 0f       	add	r20, r20
    11a0:	55 1f       	adc	r21, r21
    11a2:	66 1f       	adc	r22, r22
    11a4:	77 1f       	adc	r23, r23
    11a6:	44 0f       	add	r20, r20
    11a8:	55 1f       	adc	r21, r21
    11aa:	66 1f       	adc	r22, r22
    11ac:	77 1f       	adc	r23, r23
    11ae:	84 0f       	add	r24, r20
    11b0:	95 1f       	adc	r25, r21
    11b2:	a6 1f       	adc	r26, r22
    11b4:	b7 1f       	adc	r27, r23
    11b6:	bc 01       	movw	r22, r24
    11b8:	cd 01       	movw	r24, r26
    11ba:	63 5e       	subi	r22, 0xE3	; 227
    11bc:	7f 4f       	sbci	r23, 0xFF	; 255
    11be:	8f 4f       	sbci	r24, 0xFF	; 255
    11c0:	9f 4f       	sbci	r25, 0xFF	; 255
    11c2:	2a e3       	ldi	r18, 0x3A	; 58
    11c4:	30 e0       	ldi	r19, 0x00	; 0
    11c6:	40 e0       	ldi	r20, 0x00	; 0
    11c8:	50 e0       	ldi	r21, 0x00	; 0
    11ca:	0e 94 9c 20 	call	0x4138	; 0x4138 <__udivmodsi4>
}
    11ce:	c9 01       	movw	r24, r18
    11d0:	08 95       	ret

000011d2 <CarWash_PrintStateName>:
}

// Imprime el estado actual del CarWash.
static void CarWash_PrintStateName(void)
{
    switch (carwash.state)
    11d2:	e0 91 0a 01 	lds	r30, 0x010A	; 0x80010a <carwash>
    11d6:	8e 2f       	mov	r24, r30
    11d8:	90 e0       	ldi	r25, 0x00	; 0
    11da:	8d 30       	cpi	r24, 0x0D	; 13
    11dc:	91 05       	cpc	r25, r1
    11de:	08 f0       	brcs	.+2      	; 0x11e2 <CarWash_PrintStateName+0x10>
    11e0:	46 c0       	rjmp	.+140    	; 0x126e <CarWash_PrintStateName+0x9c>
    11e2:	fc 01       	movw	r30, r24
    11e4:	ec 5c       	subi	r30, 0xCC	; 204
    11e6:	ff 4f       	sbci	r31, 0xFF	; 255
    11e8:	0c 94 be 20 	jmp	0x417c	; 0x417c <__tablejump2__>
    {
        case CARWASH_STARTUP_CHECK:
            UART_WriteString("Revision I2C");
    11ec:	86 e7       	ldi	r24, 0x76	; 118
    11ee:	92 e0       	ldi	r25, 0x02	; 2
    11f0:	0e 94 02 08 	call	0x1004	; 0x1004 <UART_WriteFlashString>
            break;
    11f4:	08 95       	ret
        case CARWASH_IDLE:
            UART_WriteString("Reposo");
    11f6:	8f e6       	ldi	r24, 0x6F	; 111
    11f8:	92 e0       	ldi	r25, 0x02	; 2
    11fa:	0e 94 02 08 	call	0x1004	; 0x1004 <UART_WriteFlashString>
            break;
    11fe:	08 95       	ret
        case CARWASH_ENTRY_WAIT:
            UART_WriteString("Entrada");
    1200:	87 e6       	ldi	r24, 0x67	; 103
    1202:	92 e0       	ldi	r25, 0x02	; 2
    1204:	0e 94 02 08 	call	0x1004	; 0x1004 <UART_WriteFlashString>
            break;
    1208:	08 95       	ret
        case CARWASH_SEEK_SOAP:
            UART_WriteString("Buscando enjabonado");
    120a:	83 e5       	ldi	r24, 0x53	; 83
    120c:	92 e0       	ldi	r25, 0x02	; 2
    120e:	0e 94 02 08 	call	0x1004	; 0x1004 <UART_WriteFlashString>
            break;
    1212:	08 95       	ret
        case CARWASH_SOAP_REFERENCE:
            UART_WriteString("Referencia HC-SR04");
    1214:	80 e4       	ldi	r24, 0x40	; 64
    1216:	92 e0       	ldi	r25, 0x02	; 2
    1218:	0e 94 02 08 	call	0x1004	; 0x1004 <UART_WriteFlashString>
            break;
    121c:	08 95       	ret
        case CARWASH_SOAP_WATER:
            UART_WriteString("Enjabonado");
    121e:	85 e3       	ldi	r24, 0x35	; 53
    1220:	92 e0       	ldi	r25, 0x02	; 2
    1222:	0e 94 02 08 	call	0x1004	; 0x1004 <UART_WriteFlashString>
            break;
    1226:	08 95       	ret
        case CARWASH_SEEK_WASH:
            UART_WriteString("Buscando lavado");
    1228:	85 e2       	ldi	r24, 0x25	; 37
    122a:	92 e0       	ldi	r25, 0x02	; 2
    122c:	0e 94 02 08 	call	0x1004	; 0x1004 <UART_WriteFlashString>
            break;
    1230:	08 95       	ret
        case CARWASH_WASH:
            UART_WriteString("Lavado");
    1232:	8e e1       	ldi	r24, 0x1E	; 30
    1234:	92 e0       	ldi	r25, 0x02	; 2
    1236:	0e 94 02 08 	call	0x1004	; 0x1004 <UART_WriteFlashString>
            break;
    123a:	08 95       	ret
        case CARWASH_SEEK_FINISH:
            UART_WriteString("Buscando salida");
    123c:	8e e0       	ldi	r24, 0x0E	; 14
    123e:	92 e0       	ldi	r25, 0x02	; 2
    1240:	0e 94 02 08 	call	0x1004	; 0x1004 <UART_WriteFlashString>
            break;
    1244:	08 95       	ret
        case CARWASH_FINISH_REVERSE:
            UART_WriteString("Retorno final");
    1246:	80 e0       	ldi	r24, 0x00	; 0
    1248:	92 e0       	ldi	r25, 0x02	; 2
    124a:	0e 94 02 08 	call	0x1004	; 0x1004 <UART_WriteFlashString>
            break;
    124e:	08 95       	ret
        case CARWASH_FINISH_WAIT_CLEAR:
            UART_WriteString("Esperando retiro");
    1250:	8f ee       	ldi	r24, 0xEF	; 239
    1252:	91 e0       	ldi	r25, 0x01	; 1
    1254:	0e 94 02 08 	call	0x1004	; 0x1004 <UART_WriteFlashString>
            break;
    1258:	08 95       	ret
        case CARWASH_ERROR_LINKS:
            UART_WriteString("Error: recuperando enlaces");
    125a:	84 ed       	ldi	r24, 0xD4	; 212
    125c:	91 e0       	ldi	r25, 0x01	; 1
    125e:	0e 94 02 08 	call	0x1004	; 0x1004 <UART_WriteFlashString>
            break;
    1262:	08 95       	ret
        case CARWASH_ERROR_WAIT_CLEAR:
            UART_WriteString("Error: esperando IR libre");
    1264:	8a eb       	ldi	r24, 0xBA	; 186
    1266:	91 e0       	ldi	r25, 0x01	; 1
    1268:	0e 94 02 08 	call	0x1004	; 0x1004 <UART_WriteFlashString>
            break;
    126c:	08 95       	ret
        default:
            UART_WriteString("Desconocido");
    126e:	8e ea       	ldi	r24, 0xAE	; 174
    1270:	91 e0       	ldi	r25, 0x01	; 1
    1272:	0e 94 02 08 	call	0x1004	; 0x1004 <UART_WriteFlashString>
    1276:	08 95       	ret

00001278 <Master_PrintCachedStatus>:
    }
}

// Muestra las ultimas lecturas almacenadas.
static void Master_PrintCachedStatus(void)
{
    1278:	cf 93       	push	r28
    127a:	df 93       	push	r29
    UART_WriteString("\r\nEstado: ");
    127c:	8d e2       	ldi	r24, 0x2D	; 45
    127e:	93 e0       	ldi	r25, 0x03	; 3
    1280:	0e 94 02 08 	call	0x1004	; 0x1004 <UART_WriteFlashString>
    CarWash_PrintStateName();
    1284:	0e 94 e9 08 	call	0x11d2	; 0x11d2 <CarWash_PrintStateName>
    UART_WriteString("\r\nIR ultima valida: ");
    1288:	88 e1       	ldi	r24, 0x18	; 24
    128a:	93 e0       	ldi	r25, 0x03	; 3
    128c:	0e 94 02 08 	call	0x1004	; 0x1004 <UART_WriteFlashString>
    if (last_infrared_sample.available == 0U)
    1290:	80 91 04 01 	lds	r24, 0x0104	; 0x800104 <last_infrared_sample>
    1294:	81 11       	cpse	r24, r1
    1296:	05 c0       	rjmp	.+10     	; 0x12a2 <Master_PrintCachedStatus+0x2a>
    {
        UART_WriteString("sin muestra");
    1298:	8c e0       	ldi	r24, 0x0C	; 12
    129a:	93 e0       	ldi	r25, 0x03	; 3
    129c:	0e 94 02 08 	call	0x1004	; 0x1004 <UART_WriteFlashString>
    12a0:	16 c0       	rjmp	.+44     	; 0x12ce <Master_PrintCachedStatus+0x56>
    }
    else
    {
        if (last_infrared_sample.raw_level == 0U)
    12a2:	80 91 05 01 	lds	r24, 0x0105	; 0x800105 <last_infrared_sample+0x1>
    12a6:	81 11       	cpse	r24, r1
    12a8:	05 c0       	rjmp	.+10     	; 0x12b4 <Master_PrintCachedStatus+0x3c>
        {
            UART_WriteString("detectado");
    12aa:	82 e0       	ldi	r24, 0x02	; 2
    12ac:	93 e0       	ldi	r25, 0x03	; 3
    12ae:	0e 94 02 08 	call	0x1004	; 0x1004 <UART_WriteFlashString>
    12b2:	04 c0       	rjmp	.+8      	; 0x12bc <Master_PrintCachedStatus+0x44>
        }
        else
        {
            UART_WriteString("libre");
    12b4:	8c ef       	ldi	r24, 0xFC	; 252
    12b6:	92 e0       	ldi	r25, 0x02	; 2
    12b8:	0e 94 02 08 	call	0x1004	; 0x1004 <UART_WriteFlashString>
        }
        UART_WriteString(", #");
    12bc:	88 ef       	ldi	r24, 0xF8	; 248
    12be:	92 e0       	ldi	r25, 0x02	; 2
    12c0:	0e 94 02 08 	call	0x1004	; 0x1004 <UART_WriteFlashString>
        UART_WriteUInt16(last_infrared_sample.counter);
    12c4:	80 91 06 01 	lds	r24, 0x0106	; 0x800106 <last_infrared_sample+0x2>
    12c8:	90 e0       	ldi	r25, 0x00	; 0
    12ca:	0e 94 1b 08 	call	0x1036	; 0x1036 <UART_WriteUInt16>
    }

    UART_WriteString("\r\nHC ultima valida: ");
    12ce:	83 ee       	ldi	r24, 0xE3	; 227
    12d0:	92 e0       	ldi	r25, 0x02	; 2
    12d2:	0e 94 02 08 	call	0x1004	; 0x1004 <UART_WriteFlashString>
    if (last_hcsr04_sample.available == 0U)
    12d6:	80 91 3e 01 	lds	r24, 0x013E	; 0x80013e <last_hcsr04_sample>
    12da:	81 11       	cpse	r24, r1
    12dc:	05 c0       	rjmp	.+10     	; 0x12e8 <Master_PrintCachedStatus+0x70>
    {
        UART_WriteString("sin muestra");
    12de:	87 ed       	ldi	r24, 0xD7	; 215
    12e0:	92 e0       	ldi	r25, 0x02	; 2
    12e2:	0e 94 02 08 	call	0x1004	; 0x1004 <UART_WriteFlashString>
    12e6:	18 c0       	rjmp	.+48     	; 0x1318 <Master_PrintCachedStatus+0xa0>
    }
    else
    {
        UART_WriteUInt16(last_hcsr04_sample.echo_us);
    12e8:	ce e3       	ldi	r28, 0x3E	; 62
    12ea:	d1 e0       	ldi	r29, 0x01	; 1
    12ec:	89 81       	ldd	r24, Y+1	; 0x01
    12ee:	9a 81       	ldd	r25, Y+2	; 0x02
    12f0:	0e 94 1b 08 	call	0x1036	; 0x1036 <UART_WriteUInt16>
        UART_WriteString(" us, ");
    12f4:	81 ed       	ldi	r24, 0xD1	; 209
    12f6:	92 e0       	ldi	r25, 0x02	; 2
    12f8:	0e 94 02 08 	call	0x1004	; 0x1004 <UART_WriteFlashString>
        UART_WriteUInt16(Master_HCSR04EchoToMillimeters(
    12fc:	89 81       	ldd	r24, Y+1	; 0x01
    12fe:	9a 81       	ldd	r25, Y+2	; 0x02
    1300:	0e 94 c7 08 	call	0x118e	; 0x118e <Master_HCSR04EchoToMillimeters>
    1304:	0e 94 1b 08 	call	0x1036	; 0x1036 <UART_WriteUInt16>
                         last_hcsr04_sample.echo_us));
        UART_WriteString(" mm, #");
    1308:	8a ec       	ldi	r24, 0xCA	; 202
    130a:	92 e0       	ldi	r25, 0x02	; 2
    130c:	0e 94 02 08 	call	0x1004	; 0x1004 <UART_WriteFlashString>
        UART_WriteUInt16(last_hcsr04_sample.counter);
    1310:	8b 81       	ldd	r24, Y+3	; 0x03
    1312:	90 e0       	ldi	r25, 0x00	; 0
    1314:	0e 94 1b 08 	call	0x1036	; 0x1036 <UART_WriteUInt16>
    }

    UART_WriteString("\r\nVL53: ");
    1318:	81 ec       	ldi	r24, 0xC1	; 193
    131a:	92 e0       	ldi	r25, 0x02	; 2
    131c:	0e 94 02 08 	call	0x1004	; 0x1004 <UART_WriteFlashString>
    if (carwash.vl_powered != 0U)
    1320:	80 91 3c 01 	lds	r24, 0x013C	; 0x80013c <carwash+0x32>
    1324:	88 23       	and	r24, r24
    1326:	29 f0       	breq	.+10     	; 0x1332 <Master_PrintCachedStatus+0xba>
    {
        UART_WriteString("ON");
    1328:	8e eb       	ldi	r24, 0xBE	; 190
    132a:	92 e0       	ldi	r25, 0x02	; 2
    132c:	0e 94 02 08 	call	0x1004	; 0x1004 <UART_WriteFlashString>
    1330:	04 c0       	rjmp	.+8      	; 0x133a <Master_PrintCachedStatus+0xc2>
    }
    else
    {
        UART_WriteString("XSHUT LOW");
    1332:	84 eb       	ldi	r24, 0xB4	; 180
    1334:	92 e0       	ldi	r25, 0x02	; 2
    1336:	0e 94 02 08 	call	0x1004	; 0x1004 <UART_WriteFlashString>
    }
    UART_WriteString(", ultima valida ");
    133a:	83 ea       	ldi	r24, 0xA3	; 163
    133c:	92 e0       	ldi	r25, 0x02	; 2
    133e:	0e 94 02 08 	call	0x1004	; 0x1004 <UART_WriteFlashString>
    if (carwash.last_vl_available != 0U)
    1342:	80 91 33 01 	lds	r24, 0x0133	; 0x800133 <carwash+0x29>
    1346:	88 23       	and	r24, r24
    1348:	59 f0       	breq	.+22     	; 0x1360 <Master_PrintCachedStatus+0xe8>
    {
        UART_WriteUInt16(carwash.last_vl_mm);
    134a:	80 91 31 01 	lds	r24, 0x0131	; 0x800131 <carwash+0x27>
    134e:	90 91 32 01 	lds	r25, 0x0132	; 0x800132 <carwash+0x28>
    1352:	0e 94 1b 08 	call	0x1036	; 0x1036 <UART_WriteUInt16>
        UART_WriteString(" mm");
    1356:	8f e9       	ldi	r24, 0x9F	; 159
    1358:	92 e0       	ldi	r25, 0x02	; 2
    135a:	0e 94 02 08 	call	0x1004	; 0x1004 <UART_WriteFlashString>
    135e:	04 c0       	rjmp	.+8      	; 0x1368 <Master_PrintCachedStatus+0xf0>
    }
    else
    {
        UART_WriteString("sin muestra");
    1360:	83 e9       	ldi	r24, 0x93	; 147
    1362:	92 e0       	ldi	r25, 0x02	; 2
    1364:	0e 94 02 08 	call	0x1004	; 0x1004 <UART_WriteFlashString>
    }
    UART_WriteString("\r\nActuadores:\r\n");
    1368:	83 e8       	ldi	r24, 0x83	; 131
    136a:	92 e0       	ldi	r25, 0x02	; 2
    136c:	0e 94 02 08 	call	0x1004	; 0x1004 <UART_WriteFlashString>
}
    1370:	df 91       	pop	r29
    1372:	cf 91       	pop	r28
    1374:	08 95       	ret

00001376 <Master_StartI2CScan>:
}

// Inicia un escaneo manual del bus I2C.
static void Master_StartI2CScan(void)
{
    if (i2c_scan.active != 0U)
    1376:	80 91 01 01 	lds	r24, 0x0101	; 0x800101 <i2c_scan>
    137a:	88 23       	and	r24, r24
    137c:	29 f0       	breq	.+10     	; 0x1388 <Master_StartI2CScan+0x12>
    {
        UART_WriteString("Escaneo I2C ya activo.\r\n");
    137e:	85 e9       	ldi	r24, 0x95	; 149
    1380:	91 e0       	ldi	r25, 0x01	; 1
    1382:	0e 94 02 08 	call	0x1004	; 0x1004 <UART_WriteFlashString>
        return;
    1386:	08 95       	ret
    }

    i2c_scan.active = 1U;
    1388:	e1 e0       	ldi	r30, 0x01	; 1
    138a:	f1 e0       	ldi	r31, 0x01	; 1
    138c:	81 e0       	ldi	r24, 0x01	; 1
    138e:	80 83       	st	Z, r24
    i2c_scan.address = 0x08U;
    1390:	88 e0       	ldi	r24, 0x08	; 8
    1392:	81 83       	std	Z+1, r24	; 0x01
    i2c_scan.found = 0U;
    1394:	12 82       	std	Z+2, r1	; 0x02
    UART_WriteString("Escaneo I2C 0x08-0x77 iniciado.\r\n");
    1396:	83 e7       	ldi	r24, 0x73	; 115
    1398:	91 e0       	ldi	r25, 0x01	; 1
    139a:	0e 94 02 08 	call	0x1004	; 0x1004 <UART_WriteFlashString>
    139e:	08 95       	ret

000013a0 <CarWash_LogTransition>:
    }
}

// Registra una transicion de estado por UART.
static void CarWash_LogTransition(PGM_P state_name)
{
    13a0:	cf 93       	push	r28
    13a2:	df 93       	push	r29
    13a4:	ec 01       	movw	r28, r24
    UART_WriteString("CarWash -> ");
    13a6:	80 e1       	ldi	r24, 0x10	; 16
    13a8:	94 e0       	ldi	r25, 0x04	; 4
    13aa:	0e 94 02 08 	call	0x1004	; 0x1004 <UART_WriteFlashString>
    UART_WriteFlashString(state_name);
    13ae:	ce 01       	movw	r24, r28
    13b0:	0e 94 02 08 	call	0x1004	; 0x1004 <UART_WriteFlashString>
    UART_WriteString("\r\n");
    13b4:	8d e0       	ldi	r24, 0x0D	; 13
    13b6:	94 e0       	ldi	r25, 0x04	; 4
    13b8:	0e 94 02 08 	call	0x1004	; 0x1004 <UART_WriteFlashString>
}
    13bc:	df 91       	pop	r29
    13be:	cf 91       	pop	r28
    13c0:	08 95       	ret

000013c2 <Master_ServiceUART>:
// Atiende los comandos de diagnostico UART.
static void Master_ServiceUART(void)
{
    char command;

    if (UART_Available() == 0U)
    13c2:	0e 94 12 08 	call	0x1024	; 0x1024 <UART_Available>
    13c6:	88 23       	and	r24, r24
    13c8:	d9 f0       	breq	.+54     	; 0x1400 <Master_ServiceUART+0x3e>
    {
        return;
    }

    command = UART_ReadChar();
    13ca:	0e 94 18 08 	call	0x1030	; 0x1030 <UART_ReadChar>
    if ((command == '\r') || (command == '\n'))
    13ce:	8d 30       	cpi	r24, 0x0D	; 13
    13d0:	b9 f0       	breq	.+46     	; 0x1400 <Master_ServiceUART+0x3e>
    13d2:	8a 30       	cpi	r24, 0x0A	; 10
    13d4:	a9 f0       	breq	.+42     	; 0x1400 <Master_ServiceUART+0x3e>
    {
        return;
    }

    if ((command == 'p') || (command == 'P'))
    13d6:	80 37       	cpi	r24, 0x70	; 112
    13d8:	11 f0       	breq	.+4      	; 0x13de <Master_ServiceUART+0x1c>
    13da:	80 35       	cpi	r24, 0x50	; 80
    13dc:	31 f4       	brne	.+12     	; 0x13ea <Master_ServiceUART+0x28>
    {
        Master_PrintCachedStatus();
    13de:	0e 94 3c 09 	call	0x1278	; 0x1278 <Master_PrintCachedStatus>
        status_report_step = 1U;
    13e2:	81 e0       	ldi	r24, 0x01	; 1
    13e4:	80 93 09 01 	sts	0x0109, r24	; 0x800109 <status_report_step>
    13e8:	08 95       	ret
    }
    else if ((command == 's') || (command == 'S'))
    13ea:	83 37       	cpi	r24, 0x73	; 115
    13ec:	11 f0       	breq	.+4      	; 0x13f2 <Master_ServiceUART+0x30>
    13ee:	83 35       	cpi	r24, 0x53	; 83
    13f0:	19 f4       	brne	.+6      	; 0x13f8 <Master_ServiceUART+0x36>
    {
        Master_StartI2CScan();
    13f2:	0e 94 bb 09 	call	0x1376	; 0x1376 <Master_StartI2CScan>
    13f6:	08 95       	ret
    }
    else
    {
        UART_WriteString("Modo automatico: use p=estado o s=escaneo.\r\n");
    13f8:	88 e3       	ldi	r24, 0x38	; 56
    13fa:	93 e0       	ldi	r25, 0x03	; 3
    13fc:	0e 94 02 08 	call	0x1004	; 0x1004 <UART_WriteFlashString>
    1400:	08 95       	ret

00001402 <Master_ShutdownVL53L0X>:
}

// Apaga el VL53L0X mediante XSHUT.
static void Master_ShutdownVL53L0X(void)
{
    (void)VL53L0X_Shutdown(&vl53l0x_sensor);
    1402:	82 e4       	ldi	r24, 0x42	; 66
    1404:	91 e0       	ldi	r25, 0x01	; 1
    1406:	0e 94 92 1d 	call	0x3b24	; 0x3b24 <VL53L0X_Shutdown>
    carwash.vl_powered = 0U;
    140a:	ea e0       	ldi	r30, 0x0A	; 10
    140c:	f1 e0       	ldi	r31, 0x01	; 1
    140e:	12 aa       	std	Z+50, r1	; 0x32
    carwash.vl_pending = 0U;
    1410:	13 aa       	std	Z+51, r1	; 0x33
    1412:	08 95       	ret

00001414 <LCD_WriteFlashString>:
                               I2C_Master_GetLastStatus());
}

// Escribe en LCD un texto almacenado en Flash.
static void LCD_WriteFlashString(PGM_P text)
{
    1414:	cf 93       	push	r28
    1416:	df 93       	push	r29
    1418:	ec 01       	movw	r28, r24
    char character = (char)pgm_read_byte(text);
    141a:	fc 01       	movw	r30, r24
    141c:	84 91       	lpm	r24, Z

    while (character != '\0')
    141e:	05 c0       	rjmp	.+10     	; 0x142a <LCD_WriteFlashString+0x16>
    {
        LCD_Write_Char(character);
    1420:	0e 94 92 07 	call	0xf24	; 0xf24 <LCD_Write_Char>
        text++;
    1424:	21 96       	adiw	r28, 0x01	; 1
        character = (char)pgm_read_byte(text);
    1426:	fe 01       	movw	r30, r28
    1428:	84 91       	lpm	r24, Z
// Escribe en LCD un texto almacenado en Flash.
static void LCD_WriteFlashString(PGM_P text)
{
    char character = (char)pgm_read_byte(text);

    while (character != '\0')
    142a:	81 11       	cpse	r24, r1
    142c:	f9 cf       	rjmp	.-14     	; 0x1420 <LCD_WriteFlashString+0xc>
    {
        LCD_Write_Char(character);
        text++;
        character = (char)pgm_read_byte(text);
    }
}
    142e:	df 91       	pop	r29
    1430:	cf 91       	pop	r28
    1432:	08 95       	ret

00001434 <Master_SetLCD>:

// Actualiza las dos lineas de la LCD.
static void Master_SetLCD(PGM_P first_line, PGM_P second_line)
{
    1434:	0f 93       	push	r16
    1436:	1f 93       	push	r17
    1438:	cf 93       	push	r28
    143a:	df 93       	push	r29
    143c:	8c 01       	movw	r16, r24
    143e:	eb 01       	movw	r28, r22
    LCD_Clear();
    1440:	0e 94 aa 07 	call	0xf54	; 0xf54 <LCD_Clear>
    LCD_Set_Cursor(1U, 1U);
    1444:	61 e0       	ldi	r22, 0x01	; 1
    1446:	81 e0       	ldi	r24, 0x01	; 1
    1448:	0e 94 a0 07 	call	0xf40	; 0xf40 <LCD_Set_Cursor>
    LCD_WriteFlashString(first_line);
    144c:	c8 01       	movw	r24, r16
    144e:	0e 94 0a 0a 	call	0x1414	; 0x1414 <LCD_WriteFlashString>
    LCD_Set_Cursor(1U, 2U);
    1452:	62 e0       	ldi	r22, 0x02	; 2
    1454:	81 e0       	ldi	r24, 0x01	; 1
    1456:	0e 94 a0 07 	call	0xf40	; 0xf40 <LCD_Set_Cursor>
    LCD_WriteFlashString(second_line);
    145a:	ce 01       	movw	r24, r28
    145c:	0e 94 0a 0a 	call	0x1414	; 0x1414 <LCD_WriteFlashString>
}
    1460:	df 91       	pop	r29
    1462:	cf 91       	pop	r28
    1464:	1f 91       	pop	r17
    1466:	0f 91       	pop	r16
    1468:	08 95       	ret

0000146a <CarWash_EnterStartupCheck>:
}

// Entra a la revision inicial de conexiones.
static void CarWash_EnterStartupCheck(uint32_t now)
{
    carwash.state = CARWASH_STARTUP_CHECK;
    146a:	ea e0       	ldi	r30, 0x0A	; 10
    146c:	f1 e0       	ldi	r31, 0x01	; 1
    146e:	10 82       	st	Z, r1
    carwash.next_startup_check_ms = now;
    1470:	61 a3       	std	Z+33, r22	; 0x21
    1472:	72 a3       	std	Z+34, r23	; 0x22
    1474:	83 a3       	std	Z+35, r24	; 0x23
    1476:	94 a3       	std	Z+36, r25	; 0x24
    Master_ShutdownVL53L0X();
    1478:	0e 94 01 0a 	call	0x1402	; 0x1402 <Master_ShutdownVL53L0X>
    Master_SetLCD(PSTR("Revisando I2C"), PSTR("Espere..."));
    147c:	6b ed       	ldi	r22, 0xDB	; 219
    147e:	78 e0       	ldi	r23, 0x08	; 8
    1480:	8d ec       	ldi	r24, 0xCD	; 205
    1482:	98 e0       	ldi	r25, 0x08	; 8
    1484:	0e 94 1a 0a 	call	0x1434	; 0x1434 <Master_SetLCD>
    1488:	08 95       	ret

0000148a <Master_ExchangeProtocol>:

// Intercambia y valida una trama Protocol por I2C.
static uint8_t Master_ExchangeProtocol(uint8_t address,
                                       const ProtocolRequest *request,
                                       ProtocolResponse *response)
{
    148a:	df 92       	push	r13
    148c:	ef 92       	push	r14
    148e:	ff 92       	push	r15
    1490:	0f 93       	push	r16
    1492:	1f 93       	push	r17
    1494:	cf 93       	push	r28
    1496:	df 93       	push	r29
    1498:	cd b7       	in	r28, 0x3d	; 61
    149a:	de b7       	in	r29, 0x3e	; 62
    149c:	60 97       	sbiw	r28, 0x10	; 16
    149e:	0f b6       	in	r0, 0x3f	; 63
    14a0:	f8 94       	cli
    14a2:	de bf       	out	0x3e, r29	; 62
    14a4:	0f be       	out	0x3f, r0	; 63
    14a6:	cd bf       	out	0x3d, r28	; 61
    uint8_t request_frame[PROTOCOL_FRAME_SIZE];
    uint8_t response_frame[PROTOCOL_FRAME_SIZE];
    uint8_t transport_ok;

    if ((request == 0) || (response == 0))
    14a8:	61 15       	cp	r22, r1
    14aa:	71 05       	cpc	r23, r1
    14ac:	b1 f1       	breq	.+108    	; 0x151a <Master_ExchangeProtocol+0x90>
    14ae:	41 15       	cp	r20, r1
    14b0:	51 05       	cpc	r21, r1
    14b2:	a9 f1       	breq	.+106    	; 0x151e <Master_ExchangeProtocol+0x94>
    14b4:	7a 01       	movw	r14, r20
    14b6:	8b 01       	movw	r16, r22
    14b8:	d8 2e       	mov	r13, r24
    {
        return 0U;
    }

    Protocol_EncodeRequest(request, request_frame);
    14ba:	be 01       	movw	r22, r28
    14bc:	6f 5f       	subi	r22, 0xFF	; 255
    14be:	7f 4f       	sbci	r23, 0xFF	; 255
    14c0:	c8 01       	movw	r24, r16
    14c2:	0e 94 cc 16 	call	0x2d98	; 0x2d98 <Protocol_EncodeRequest>

    if (request->command == (uint8_t)CMD_PING)
    14c6:	f8 01       	movw	r30, r16
    14c8:	80 81       	ld	r24, Z
    14ca:	81 30       	cpi	r24, 0x01	; 1
    14cc:	51 f4       	brne	.+20     	; 0x14e2 <Master_ExchangeProtocol+0x58>
    {
        transport_ok = I2C_Master_Ping(address,
    14ce:	ae 01       	movw	r20, r28
    14d0:	47 5f       	subi	r20, 0xF7	; 247
    14d2:	5f 4f       	sbci	r21, 0xFF	; 255
    14d4:	be 01       	movw	r22, r28
    14d6:	6f 5f       	subi	r22, 0xFF	; 255
    14d8:	7f 4f       	sbci	r23, 0xFF	; 255
    14da:	8d 2d       	mov	r24, r13
    14dc:	0e 94 3a 07 	call	0xe74	; 0xe74 <I2C_Master_Ping>
    14e0:	0a c0       	rjmp	.+20     	; 0x14f6 <Master_ExchangeProtocol+0x6c>
                                       request_frame,
                                       response_frame);
    }
    else
    {
        transport_ok = I2C_Master_Exchange(address,
    14e2:	21 e0       	ldi	r18, 0x01	; 1
    14e4:	ae 01       	movw	r20, r28
    14e6:	47 5f       	subi	r20, 0xF7	; 247
    14e8:	5f 4f       	sbci	r21, 0xFF	; 255
    14ea:	be 01       	movw	r22, r28
    14ec:	6f 5f       	subi	r22, 0xFF	; 255
    14ee:	7f 4f       	sbci	r23, 0xFF	; 255
    14f0:	8d 2d       	mov	r24, r13
    14f2:	0e 94 a6 06 	call	0xd4c	; 0xd4c <I2C_Master_Exchange>
                                           request_frame,
                                           response_frame,
                                           I2C_EXCHANGE_DEFERRED);
    }

    if (transport_ok == 0U)
    14f6:	88 23       	and	r24, r24
    14f8:	a1 f0       	breq	.+40     	; 0x1522 <Master_ExchangeProtocol+0x98>
    {
        return 0U;
    }

    if (Protocol_DecodeResponse(response_frame, response) != OK)
    14fa:	b7 01       	movw	r22, r14
    14fc:	ce 01       	movw	r24, r28
    14fe:	09 96       	adiw	r24, 0x09	; 9
    1500:	0e 94 f3 16 	call	0x2de6	; 0x2de6 <Protocol_DecodeResponse>
    1504:	81 11       	cpse	r24, r1
    1506:	0f c0       	rjmp	.+30     	; 0x1526 <Master_ExchangeProtocol+0x9c>
    {
        return 0U;
    }

    return (uint8_t)(Protocol_ValidateResponse(request, response) == OK);
    1508:	b7 01       	movw	r22, r14
    150a:	c8 01       	movw	r24, r16
    150c:	0e 94 2c 17 	call	0x2e58	; 0x2e58 <Protocol_ValidateResponse>
    1510:	91 e0       	ldi	r25, 0x01	; 1
    1512:	88 23       	and	r24, r24
    1514:	49 f0       	breq	.+18     	; 0x1528 <Master_ExchangeProtocol+0x9e>
    1516:	90 e0       	ldi	r25, 0x00	; 0
    1518:	07 c0       	rjmp	.+14     	; 0x1528 <Master_ExchangeProtocol+0x9e>
    uint8_t response_frame[PROTOCOL_FRAME_SIZE];
    uint8_t transport_ok;

    if ((request == 0) || (response == 0))
    {
        return 0U;
    151a:	90 e0       	ldi	r25, 0x00	; 0
    151c:	05 c0       	rjmp	.+10     	; 0x1528 <Master_ExchangeProtocol+0x9e>
    151e:	90 e0       	ldi	r25, 0x00	; 0
    1520:	03 c0       	rjmp	.+6      	; 0x1528 <Master_ExchangeProtocol+0x9e>
                                           I2C_EXCHANGE_DEFERRED);
    }

    if (transport_ok == 0U)
    {
        return 0U;
    1522:	90 e0       	ldi	r25, 0x00	; 0
    1524:	01 c0       	rjmp	.+2      	; 0x1528 <Master_ExchangeProtocol+0x9e>
    }

    if (Protocol_DecodeResponse(response_frame, response) != OK)
    {
        return 0U;
    1526:	90 e0       	ldi	r25, 0x00	; 0
    }

    return (uint8_t)(Protocol_ValidateResponse(request, response) == OK);
}
    1528:	89 2f       	mov	r24, r25
    152a:	60 96       	adiw	r28, 0x10	; 16
    152c:	0f b6       	in	r0, 0x3f	; 63
    152e:	f8 94       	cli
    1530:	de bf       	out	0x3e, r29	; 62
    1532:	0f be       	out	0x3f, r0	; 63
    1534:	cd bf       	out	0x3d, r28	; 61
    1536:	df 91       	pop	r29
    1538:	cf 91       	pop	r28
    153a:	1f 91       	pop	r17
    153c:	0f 91       	pop	r16
    153e:	ff 90       	pop	r15
    1540:	ef 90       	pop	r14
    1542:	df 90       	pop	r13
    1544:	08 95       	ret

00001546 <Master_SendRequest>:
                                  uint8_t command,
                                  uint8_t device,
                                  uint8_t length,
                                  const uint8_t *data,
                                  ProtocolResponse *response)
{
    1546:	df 92       	push	r13
    1548:	ef 92       	push	r14
    154a:	ff 92       	push	r15
    154c:	0f 93       	push	r16
    154e:	1f 93       	push	r17
    1550:	cf 93       	push	r28
    1552:	df 93       	push	r29
    1554:	cd b7       	in	r28, 0x3d	; 61
    1556:	de b7       	in	r29, 0x3e	; 62
    1558:	28 97       	sbiw	r28, 0x08	; 8
    155a:	0f b6       	in	r0, 0x3f	; 63
    155c:	f8 94       	cli
    155e:	de bf       	out	0x3e, r29	; 62
    1560:	0f be       	out	0x3f, r0	; 63
    1562:	cd bf       	out	0x3d, r28	; 61
    1564:	d8 2e       	mov	r13, r24
    ProtocolRequest request;

    if (Protocol_CreateRequest(&request,
    1566:	ce 01       	movw	r24, r28
    1568:	01 96       	adiw	r24, 0x01	; 1
    156a:	0e 94 94 16 	call	0x2d28	; 0x2d28 <Protocol_CreateRequest>
    156e:	81 11       	cpse	r24, r1
    1570:	08 c0       	rjmp	.+16     	; 0x1582 <Master_SendRequest+0x3c>
                               data) != OK)
    {
        return 0U;
    }

    return Master_ExchangeProtocol(address, &request, response);
    1572:	a7 01       	movw	r20, r14
    1574:	be 01       	movw	r22, r28
    1576:	6f 5f       	subi	r22, 0xFF	; 255
    1578:	7f 4f       	sbci	r23, 0xFF	; 255
    157a:	8d 2d       	mov	r24, r13
    157c:	0e 94 45 0a 	call	0x148a	; 0x148a <Master_ExchangeProtocol>
    1580:	01 c0       	rjmp	.+2      	; 0x1584 <Master_SendRequest+0x3e>
                               command,
                               device,
                               length,
                               data) != OK)
    {
        return 0U;
    1582:	80 e0       	ldi	r24, 0x00	; 0
    }

    return Master_ExchangeProtocol(address, &request, response);
}
    1584:	28 96       	adiw	r28, 0x08	; 8
    1586:	0f b6       	in	r0, 0x3f	; 63
    1588:	f8 94       	cli
    158a:	de bf       	out	0x3e, r29	; 62
    158c:	0f be       	out	0x3f, r0	; 63
    158e:	cd bf       	out	0x3d, r28	; 61
    1590:	df 91       	pop	r29
    1592:	cf 91       	pop	r28
    1594:	1f 91       	pop	r17
    1596:	0f 91       	pop	r16
    1598:	ff 90       	pop	r15
    159a:	ef 90       	pop	r14
    159c:	df 90       	pop	r13
    159e:	08 95       	ret

000015a0 <Master_NodePing>:

// Verifica un nodo mediante PING completo.
static uint8_t Master_NodePing(uint8_t address)
{
    15a0:	ef 92       	push	r14
    15a2:	ff 92       	push	r15
    15a4:	0f 93       	push	r16
    15a6:	1f 93       	push	r17
    15a8:	cf 93       	push	r28
    15aa:	df 93       	push	r29
    15ac:	cd b7       	in	r28, 0x3d	; 61
    15ae:	de b7       	in	r29, 0x3e	; 62
    15b0:	28 97       	sbiw	r28, 0x08	; 8
    15b2:	0f b6       	in	r0, 0x3f	; 63
    15b4:	f8 94       	cli
    15b6:	de bf       	out	0x3e, r29	; 62
    15b8:	0f be       	out	0x3f, r0	; 63
    15ba:	cd bf       	out	0x3d, r28	; 61
    ProtocolResponse response;

    if (Master_SendRequest(address,
    15bc:	9e 01       	movw	r18, r28
    15be:	2f 5f       	subi	r18, 0xFF	; 255
    15c0:	3f 4f       	sbci	r19, 0xFF	; 255
    15c2:	79 01       	movw	r14, r18
    15c4:	00 e0       	ldi	r16, 0x00	; 0
    15c6:	10 e0       	ldi	r17, 0x00	; 0
    15c8:	20 e0       	ldi	r18, 0x00	; 0
    15ca:	4f e7       	ldi	r20, 0x7F	; 127
    15cc:	61 e0       	ldi	r22, 0x01	; 1
    15ce:	0e 94 a3 0a 	call	0x1546	; 0x1546 <Master_SendRequest>
    15d2:	88 23       	and	r24, r24
    15d4:	21 f0       	breq	.+8      	; 0x15de <Master_NodePing+0x3e>
                           &response) == 0U)
    {
        return 0U;
    }

    return (uint8_t)(response.status == (uint8_t)OK);
    15d6:	9b 81       	ldd	r25, Y+3	; 0x03
    15d8:	81 e0       	ldi	r24, 0x01	; 1
    15da:	91 11       	cpse	r25, r1
    15dc:	80 e0       	ldi	r24, 0x00	; 0
}
    15de:	28 96       	adiw	r28, 0x08	; 8
    15e0:	0f b6       	in	r0, 0x3f	; 63
    15e2:	f8 94       	cli
    15e4:	de bf       	out	0x3e, r29	; 62
    15e6:	0f be       	out	0x3f, r0	; 63
    15e8:	cd bf       	out	0x3d, r28	; 61
    15ea:	df 91       	pop	r29
    15ec:	cf 91       	pop	r28
    15ee:	1f 91       	pop	r17
    15f0:	0f 91       	pop	r16
    15f2:	ff 90       	pop	r15
    15f4:	ef 90       	pop	r14
    15f6:	08 95       	ret

000015f8 <Master_CommandAccepted>:
static uint8_t Master_CommandAccepted(uint8_t address,
                                      uint8_t command,
                                      uint8_t device,
                                      uint8_t length,
                                      const uint8_t *data)
{
    15f8:	ef 92       	push	r14
    15fa:	ff 92       	push	r15
    15fc:	0f 93       	push	r16
    15fe:	1f 93       	push	r17
    1600:	cf 93       	push	r28
    1602:	df 93       	push	r29
    1604:	cd b7       	in	r28, 0x3d	; 61
    1606:	de b7       	in	r29, 0x3e	; 62
    1608:	28 97       	sbiw	r28, 0x08	; 8
    160a:	0f b6       	in	r0, 0x3f	; 63
    160c:	f8 94       	cli
    160e:	de bf       	out	0x3e, r29	; 62
    1610:	0f be       	out	0x3f, r0	; 63
    1612:	cd bf       	out	0x3d, r28	; 61
    ProtocolResponse response;

    if (Master_SendRequest(address,
    1614:	fe 01       	movw	r30, r28
    1616:	31 96       	adiw	r30, 0x01	; 1
    1618:	7f 01       	movw	r14, r30
    161a:	0e 94 a3 0a 	call	0x1546	; 0x1546 <Master_SendRequest>
    161e:	88 23       	and	r24, r24
    1620:	29 f0       	breq	.+10     	; 0x162c <Master_CommandAccepted+0x34>
                           &response) == 0U)
    {
        return 0U;
    }

    return (uint8_t)(response.status == (uint8_t)ACCEPTED);
    1622:	9b 81       	ldd	r25, Y+3	; 0x03
    1624:	81 e0       	ldi	r24, 0x01	; 1
    1626:	91 30       	cpi	r25, 0x01	; 1
    1628:	09 f0       	breq	.+2      	; 0x162c <Master_CommandAccepted+0x34>
    162a:	80 e0       	ldi	r24, 0x00	; 0
}
    162c:	28 96       	adiw	r28, 0x08	; 8
    162e:	0f b6       	in	r0, 0x3f	; 63
    1630:	f8 94       	cli
    1632:	de bf       	out	0x3e, r29	; 62
    1634:	0f be       	out	0x3f, r0	; 63
    1636:	cd bf       	out	0x3d, r28	; 61
    1638:	df 91       	pop	r29
    163a:	cf 91       	pop	r28
    163c:	1f 91       	pop	r17
    163e:	0f 91       	pop	r16
    1640:	ff 90       	pop	r15
    1642:	ef 90       	pop	r14
    1644:	08 95       	ret

00001646 <Master_SetServo>:

// Ordena una posicion exacta a un servo.
static uint8_t Master_SetServo(uint8_t address,
                               uint8_t device,
                               uint8_t angle)
{
    1646:	0f 93       	push	r16
    1648:	1f 93       	push	r17
    164a:	cf 93       	push	r28
    164c:	df 93       	push	r29
    164e:	1f 92       	push	r1
    1650:	cd b7       	in	r28, 0x3d	; 61
    1652:	de b7       	in	r29, 0x3e	; 62
    1654:	49 83       	std	Y+1, r20	; 0x01
    return Master_CommandAccepted(address,
    1656:	8e 01       	movw	r16, r28
    1658:	0f 5f       	subi	r16, 0xFF	; 255
    165a:	1f 4f       	sbci	r17, 0xFF	; 255
    165c:	21 e0       	ldi	r18, 0x01	; 1
    165e:	46 2f       	mov	r20, r22
    1660:	63 e0       	ldi	r22, 0x03	; 3
    1662:	0e 94 fc 0a 	call	0x15f8	; 0x15f8 <Master_CommandAccepted>
                                  (uint8_t)CMD_SERVO_POSITION,
                                  device,
                                  1U,
                                  &angle);
}
    1666:	0f 90       	pop	r0
    1668:	df 91       	pop	r29
    166a:	cf 91       	pop	r28
    166c:	1f 91       	pop	r17
    166e:	0f 91       	pop	r16
    1670:	08 95       	ret

00001672 <Master_StartStepper>:
                                  data);
}

// Inicia el stepper continuamente en la direccion indicada.
static uint8_t Master_StartStepper(uint8_t direction)
{
    1672:	0f 93       	push	r16
    1674:	1f 93       	push	r17
    1676:	cf 93       	push	r28
    1678:	df 93       	push	r29
    167a:	00 d0       	rcall	.+0      	; 0x167c <Master_StartStepper+0xa>
    167c:	00 d0       	rcall	.+0      	; 0x167e <Master_StartStepper+0xc>
    167e:	1f 92       	push	r1
    1680:	cd b7       	in	r28, 0x3d	; 61
    1682:	de b7       	in	r29, 0x3e	; 62
    const uint8_t data[PROTOCOL_REQUEST_DATA_SIZE] =
    1684:	89 83       	std	Y+1, r24	; 0x01
    1686:	1a 82       	std	Y+2, r1	; 0x02
    1688:	1b 82       	std	Y+3, r1	; 0x03
    168a:	83 e0       	ldi	r24, 0x03	; 3
    168c:	8c 83       	std	Y+4, r24	; 0x04
    168e:	80 e2       	ldi	r24, 0x20	; 32
    1690:	8d 83       	std	Y+5, r24	; 0x05
        0U,
        (uint8_t)(CARWASH_STEPPER_SPEED >> 8U),
        (uint8_t)CARWASH_STEPPER_SPEED
    };

    return Master_CommandAccepted(SLAVE2_I2C_ADDRESS,
    1692:	8e 01       	movw	r16, r28
    1694:	0f 5f       	subi	r16, 0xFF	; 255
    1696:	1f 4f       	sbci	r17, 0xFF	; 255
    1698:	25 e0       	ldi	r18, 0x05	; 5
    169a:	46 e0       	ldi	r20, 0x06	; 6
    169c:	65 e0       	ldi	r22, 0x05	; 5
    169e:	82 e1       	ldi	r24, 0x12	; 18
    16a0:	0e 94 fc 0a 	call	0x15f8	; 0x15f8 <Master_CommandAccepted>
                                  (uint8_t)CMD_STEPPER_MOVE,
                                  (uint8_t)STEPPER,
                                  PROTOCOL_REQUEST_DATA_SIZE,
                                  data);
}
    16a4:	0f 90       	pop	r0
    16a6:	0f 90       	pop	r0
    16a8:	0f 90       	pop	r0
    16aa:	0f 90       	pop	r0
    16ac:	0f 90       	pop	r0
    16ae:	df 91       	pop	r29
    16b0:	cf 91       	pop	r28
    16b2:	1f 91       	pop	r17
    16b4:	0f 91       	pop	r16
    16b6:	08 95       	ret

000016b8 <Master_SetDCMotor>:
                                  &angle);
}

// Ordena direccion y PWM al motor DC.
static uint8_t Master_SetDCMotor(uint8_t direction, uint8_t pwm)
{
    16b8:	0f 93       	push	r16
    16ba:	1f 93       	push	r17
    16bc:	cf 93       	push	r28
    16be:	df 93       	push	r29
    16c0:	00 d0       	rcall	.+0      	; 0x16c2 <Master_SetDCMotor+0xa>
    16c2:	cd b7       	in	r28, 0x3d	; 61
    16c4:	de b7       	in	r29, 0x3e	; 62
    const uint8_t data[2] = {direction, pwm};
    16c6:	89 83       	std	Y+1, r24	; 0x01
    16c8:	6a 83       	std	Y+2, r22	; 0x02

    return Master_CommandAccepted(SLAVE1_I2C_ADDRESS,
    16ca:	8e 01       	movw	r16, r28
    16cc:	0f 5f       	subi	r16, 0xFF	; 255
    16ce:	1f 4f       	sbci	r17, 0xFF	; 255
    16d0:	22 e0       	ldi	r18, 0x02	; 2
    16d2:	45 e0       	ldi	r20, 0x05	; 5
    16d4:	64 e0       	ldi	r22, 0x04	; 4
    16d6:	81 e1       	ldi	r24, 0x11	; 17
    16d8:	0e 94 fc 0a 	call	0x15f8	; 0x15f8 <Master_CommandAccepted>
                                  (uint8_t)CMD_DC_MOTOR,
                                  (uint8_t)DC_MOTOR,
                                  2U,
                                  data);
}
    16dc:	0f 90       	pop	r0
    16de:	0f 90       	pop	r0
    16e0:	df 91       	pop	r29
    16e2:	cf 91       	pop	r28
    16e4:	1f 91       	pop	r17
    16e6:	0f 91       	pop	r16
    16e8:	08 95       	ret

000016ea <Master_StopDevice>:
                                  data);
}

// Detiene un dispositivo mediante Protocol.
static uint8_t Master_StopDevice(uint8_t address, uint8_t device)
{
    16ea:	0f 93       	push	r16
    16ec:	1f 93       	push	r17
    16ee:	46 2f       	mov	r20, r22
    return Master_CommandAccepted(address,
    16f0:	00 e0       	ldi	r16, 0x00	; 0
    16f2:	10 e0       	ldi	r17, 0x00	; 0
    16f4:	20 e0       	ldi	r18, 0x00	; 0
    16f6:	66 e0       	ldi	r22, 0x06	; 6
    16f8:	0e 94 fc 0a 	call	0x15f8	; 0x15f8 <Master_CommandAccepted>
                                  (uint8_t)CMD_STOP,
                                  device,
                                  0U,
                                  0);
}
    16fc:	1f 91       	pop	r17
    16fe:	0f 91       	pop	r16
    1700:	08 95       	ret

00001702 <Master_ApplySafeActions>:

// Detiene los actuadores de ambos Slaves.
static uint8_t Master_ApplySafeActions(void)
{
    1702:	1f 93       	push	r17
    1704:	cf 93       	push	r28
    1706:	df 93       	push	r29
    uint8_t slave1_ok;
    uint8_t slave2_ok;
    uint8_t water_ok;
    uint8_t door_ok;

    slave1_ok = Master_StopDevice(SLAVE1_I2C_ADDRESS,
    1708:	6f e7       	ldi	r22, 0x7F	; 127
    170a:	81 e1       	ldi	r24, 0x11	; 17
    170c:	0e 94 75 0b 	call	0x16ea	; 0x16ea <Master_StopDevice>
    1710:	c8 2f       	mov	r28, r24
                                  (uint8_t)ALL_LOCAL_ACTUATORS);
    slave2_ok = Master_StopDevice(SLAVE2_I2C_ADDRESS,
    1712:	6f e7       	ldi	r22, 0x7F	; 127
    1714:	82 e1       	ldi	r24, 0x12	; 18
    1716:	0e 94 75 0b 	call	0x16ea	; 0x16ea <Master_StopDevice>
    171a:	d8 2f       	mov	r29, r24
                                  (uint8_t)ALL_LOCAL_ACTUATORS);
    water_ok = Master_SetServo(SLAVE1_I2C_ADDRESS,
    171c:	40 e0       	ldi	r20, 0x00	; 0
    171e:	63 e0       	ldi	r22, 0x03	; 3
    1720:	81 e1       	ldi	r24, 0x11	; 17
    1722:	0e 94 23 0b 	call	0x1646	; 0x1646 <Master_SetServo>
    1726:	18 2f       	mov	r17, r24
                               (uint8_t)SERVO_WATER,
                               CARWASH_WATER_CLOSED_ANGLE);
    door_ok = Master_SetServo(SLAVE2_I2C_ADDRESS,
    1728:	41 e9       	ldi	r20, 0x91	; 145
    172a:	64 e0       	ldi	r22, 0x04	; 4
    172c:	82 e1       	ldi	r24, 0x12	; 18
    172e:	0e 94 23 0b 	call	0x1646	; 0x1646 <Master_SetServo>
                              (uint8_t)SERVO_DOOR,
                              CARWASH_DOOR_CLOSED_ANGLE);

    return (uint8_t)((slave1_ok != 0U) &&
                     (slave2_ok != 0U) &&
                     (water_ok != 0U) &&
    1732:	cc 23       	and	r28, r28
    1734:	39 f0       	breq	.+14     	; 0x1744 <Master_ApplySafeActions+0x42>
                               CARWASH_WATER_CLOSED_ANGLE);
    door_ok = Master_SetServo(SLAVE2_I2C_ADDRESS,
                              (uint8_t)SERVO_DOOR,
                              CARWASH_DOOR_CLOSED_ANGLE);

    return (uint8_t)((slave1_ok != 0U) &&
    1736:	dd 23       	and	r29, r29
    1738:	39 f0       	breq	.+14     	; 0x1748 <Master_ApplySafeActions+0x46>
                     (slave2_ok != 0U) &&
    173a:	11 23       	and	r17, r17
    173c:	39 f0       	breq	.+14     	; 0x174c <Master_ApplySafeActions+0x4a>
                     (water_ok != 0U) &&
    173e:	81 11       	cpse	r24, r1
    1740:	07 c0       	rjmp	.+14     	; 0x1750 <Master_ApplySafeActions+0x4e>
    1742:	07 c0       	rjmp	.+14     	; 0x1752 <Master_ApplySafeActions+0x50>
    1744:	80 e0       	ldi	r24, 0x00	; 0
    1746:	05 c0       	rjmp	.+10     	; 0x1752 <Master_ApplySafeActions+0x50>
    1748:	80 e0       	ldi	r24, 0x00	; 0
    174a:	03 c0       	rjmp	.+6      	; 0x1752 <Master_ApplySafeActions+0x50>
    174c:	80 e0       	ldi	r24, 0x00	; 0
    174e:	01 c0       	rjmp	.+2      	; 0x1752 <Master_ApplySafeActions+0x50>
    1750:	81 e0       	ldi	r24, 0x01	; 1
                     (door_ok != 0U));
}
    1752:	df 91       	pop	r29
    1754:	cf 91       	pop	r28
    1756:	1f 91       	pop	r17
    1758:	08 95       	ret

0000175a <CarWash_EnterError>:
                                    CARWASH_STARTUP_RETRY_MS;
}

// Lleva el sistema al estado seguro de error.
static void CarWash_EnterError(uint32_t now, PGM_P reason)
{
    175a:	cf 92       	push	r12
    175c:	df 92       	push	r13
    175e:	ef 92       	push	r14
    1760:	ff 92       	push	r15
    1762:	cf 93       	push	r28
    1764:	df 93       	push	r29
    1766:	6b 01       	movw	r12, r22
    1768:	7c 01       	movw	r14, r24
    176a:	ea 01       	movw	r28, r20
    UART_WriteString("ERROR: ");
    176c:	8f e7       	ldi	r24, 0x7F	; 127
    176e:	93 e0       	ldi	r25, 0x03	; 3
    1770:	0e 94 02 08 	call	0x1004	; 0x1004 <UART_WriteFlashString>
    UART_WriteFlashString(reason);
    1774:	ce 01       	movw	r24, r28
    1776:	0e 94 02 08 	call	0x1004	; 0x1004 <UART_WriteFlashString>
    UART_WriteString("\r\n");
    177a:	8c e7       	ldi	r24, 0x7C	; 124
    177c:	93 e0       	ldi	r25, 0x03	; 3
    177e:	0e 94 02 08 	call	0x1004	; 0x1004 <UART_WriteFlashString>

    carwash.state = CARWASH_ERROR_LINKS;
    1782:	ca e0       	ldi	r28, 0x0A	; 10
    1784:	d1 e0       	ldi	r29, 0x01	; 1
    1786:	8b e0       	ldi	r24, 0x0B	; 11
    1788:	88 83       	st	Y, r24
    carwash.recovery_cycles = 0U;
    178a:	19 aa       	std	Y+49, r1	; 0x31
    carwash.ir_free_count = 0U;
    178c:	1f a6       	std	Y+47, r1	; 0x2f
    carwash.ir_counter_known = 0U;
    178e:	1a a6       	std	Y+42, r1	; 0x2a
    Master_ShutdownVL53L0X();
    1790:	0e 94 01 0a 	call	0x1402	; 0x1402 <Master_ShutdownVL53L0X>
    (void)Master_ApplySafeActions();
    1794:	0e 94 81 0b 	call	0x1702	; 0x1702 <Master_ApplySafeActions>
    Master_SetLCD(PSTR("Error I2C"), PSTR("Esperando..."));
    1798:	6f e6       	ldi	r22, 0x6F	; 111
    179a:	73 e0       	ldi	r23, 0x03	; 3
    179c:	85 e6       	ldi	r24, 0x65	; 101
    179e:	93 e0       	ldi	r25, 0x03	; 3
    17a0:	0e 94 1a 0a 	call	0x1434	; 0x1434 <Master_SetLCD>
    carwash.next_error_ms = now;
    17a4:	cd 8e       	std	Y+29, r12	; 0x1d
    17a6:	de 8e       	std	Y+30, r13	; 0x1e
    17a8:	ef 8e       	std	Y+31, r14	; 0x1f
    17aa:	f8 a2       	std	Y+32, r15	; 0x20
    carwash.next_health_ms = now + CARWASH_HEALTH_INTERVAL_MS;
    17ac:	84 ef       	ldi	r24, 0xF4	; 244
    17ae:	c8 0e       	add	r12, r24
    17b0:	81 e0       	ldi	r24, 0x01	; 1
    17b2:	d8 1e       	adc	r13, r24
    17b4:	e1 1c       	adc	r14, r1
    17b6:	f1 1c       	adc	r15, r1
    17b8:	c9 8e       	std	Y+25, r12	; 0x19
    17ba:	da 8e       	std	Y+26, r13	; 0x1a
    17bc:	eb 8e       	std	Y+27, r14	; 0x1b
    17be:	fc 8e       	std	Y+28, r15	; 0x1c
}
    17c0:	df 91       	pop	r29
    17c2:	cf 91       	pop	r28
    17c4:	ff 90       	pop	r15
    17c6:	ef 90       	pop	r14
    17c8:	df 90       	pop	r13
    17ca:	cf 90       	pop	r12
    17cc:	08 95       	ret

000017ce <CarWash_CheckNormalHealth>:
    CarWash_LogTransition(PSTR("Retorno final 5 s"));
}

// Comprueba periodicamente ambos enlaces I2C.
static uint8_t CarWash_CheckNormalHealth(uint32_t now)
{
    17ce:	cf 92       	push	r12
    17d0:	df 92       	push	r13
    17d2:	ef 92       	push	r14
    17d4:	ff 92       	push	r15
    17d6:	6b 01       	movw	r12, r22
    17d8:	7c 01       	movw	r14, r24
    uint8_t slave1_ok;
    uint8_t slave2_ok;

    if (Master_TimeReached(now, carwash.next_health_ms) == 0U)
    17da:	20 91 23 01 	lds	r18, 0x0123	; 0x800123 <carwash+0x19>
    17de:	30 91 24 01 	lds	r19, 0x0124	; 0x800124 <carwash+0x1a>
    17e2:	40 91 25 01 	lds	r20, 0x0125	; 0x800125 <carwash+0x1b>
    17e6:	50 91 26 01 	lds	r21, 0x0126	; 0x800126 <carwash+0x1c>
    17ea:	0e 94 a5 08 	call	0x114a	; 0x114a <Master_TimeReached>
    17ee:	88 23       	and	r24, r24
    17f0:	09 f1       	breq	.+66     	; 0x1834 <CarWash_CheckNormalHealth+0x66>
    {
        return 1U;
    }

    carwash.next_health_ms = now + CARWASH_HEALTH_INTERVAL_MS;
    17f2:	84 ef       	ldi	r24, 0xF4	; 244
    17f4:	c8 0e       	add	r12, r24
    17f6:	81 e0       	ldi	r24, 0x01	; 1
    17f8:	d8 1e       	adc	r13, r24
    17fa:	e1 1c       	adc	r14, r1
    17fc:	f1 1c       	adc	r15, r1
    17fe:	c0 92 23 01 	sts	0x0123, r12	; 0x800123 <carwash+0x19>
    1802:	d0 92 24 01 	sts	0x0124, r13	; 0x800124 <carwash+0x1a>
    1806:	e0 92 25 01 	sts	0x0125, r14	; 0x800125 <carwash+0x1b>
    180a:	f0 92 26 01 	sts	0x0126, r15	; 0x800126 <carwash+0x1c>
    slave1_ok = Master_NodePing(SLAVE1_I2C_ADDRESS);
    180e:	81 e1       	ldi	r24, 0x11	; 17
    1810:	0e 94 d0 0a 	call	0x15a0	; 0x15a0 <Master_NodePing>
    1814:	f8 2e       	mov	r15, r24
    slave2_ok = Master_NodePing(SLAVE2_I2C_ADDRESS);
    1816:	82 e1       	ldi	r24, 0x12	; 18
    1818:	0e 94 d0 0a 	call	0x15a0	; 0x15a0 <Master_NodePing>

    if ((slave1_ok == 0U) || (slave2_ok == 0U))
    181c:	ff 20       	and	r15, r15
    181e:	11 f0       	breq	.+4      	; 0x1824 <CarWash_CheckNormalHealth+0x56>
    1820:	81 11       	cpse	r24, r1
    1822:	0a c0       	rjmp	.+20     	; 0x1838 <CarWash_CheckNormalHealth+0x6a>
    {
        CarWash_EnterError(Timebase_Millis(),
    1824:	0e 94 09 18 	call	0x3012	; 0x3012 <Timebase_Millis>
    1828:	44 e7       	ldi	r20, 0x74	; 116
    182a:	58 e0       	ldi	r21, 0x08	; 8
    182c:	0e 94 ad 0b 	call	0x175a	; 0x175a <CarWash_EnterError>
                           PSTR("se perdio un Slave"));
        return 0U;
    1830:	80 e0       	ldi	r24, 0x00	; 0
    1832:	03 c0       	rjmp	.+6      	; 0x183a <CarWash_CheckNormalHealth+0x6c>
    uint8_t slave1_ok;
    uint8_t slave2_ok;

    if (Master_TimeReached(now, carwash.next_health_ms) == 0U)
    {
        return 1U;
    1834:	81 e0       	ldi	r24, 0x01	; 1
    1836:	01 c0       	rjmp	.+2      	; 0x183a <CarWash_CheckNormalHealth+0x6c>
        CarWash_EnterError(Timebase_Millis(),
                           PSTR("se perdio un Slave"));
        return 0U;
    }

    return 1U;
    1838:	81 e0       	ldi	r24, 0x01	; 1
}
    183a:	ff 90       	pop	r15
    183c:	ef 90       	pop	r14
    183e:	df 90       	pop	r13
    1840:	cf 90       	pop	r12
    1842:	08 95       	ret

00001844 <CarWash_StartEntry>:
    CarWash_LogTransition(PSTR("Reposo"));
}

// Abre la puerta e inicia la etapa de entrada.
static void CarWash_StartEntry(uint32_t now)
{
    1844:	cf 93       	push	r28
    1846:	df 93       	push	r29
    if (Master_SetServo(SLAVE2_I2C_ADDRESS,
    1848:	42 e3       	ldi	r20, 0x32	; 50
    184a:	64 e0       	ldi	r22, 0x04	; 4
    184c:	82 e1       	ldi	r24, 0x12	; 18
    184e:	0e 94 23 0b 	call	0x1646	; 0x1646 <Master_SetServo>
    1852:	81 11       	cpse	r24, r1
    1854:	07 c0       	rjmp	.+14     	; 0x1864 <CarWash_StartEntry+0x20>
                        (uint8_t)SERVO_DOOR,
                        CARWASH_DOOR_OPEN_ANGLE) == 0U)
    {
        CarWash_EnterError(Timebase_Millis(),
    1856:	0e 94 09 18 	call	0x3012	; 0x3012 <Timebase_Millis>
    185a:	40 e6       	ldi	r20, 0x60	; 96
    185c:	56 e0       	ldi	r21, 0x06	; 6
    185e:	0e 94 ad 0b 	call	0x175a	; 0x175a <CarWash_EnterError>
                           PSTR("puerta no acepto 50 grados"));
        return;
    1862:	1b c0       	rjmp	.+54     	; 0x189a <CarWash_StartEntry+0x56>
    }

    carwash.state = CARWASH_ENTRY_WAIT;
    1864:	ca e0       	ldi	r28, 0x0A	; 10
    1866:	d1 e0       	ldi	r29, 0x01	; 1
    1868:	82 e0       	ldi	r24, 0x02	; 2
    186a:	88 83       	st	Y, r24
    carwash.deadline_ms = Timebase_Millis() + CARWASH_ENTRY_DELAY_MS;
    186c:	0e 94 09 18 	call	0x3012	; 0x3012 <Timebase_Millis>
    1870:	dc 01       	movw	r26, r24
    1872:	cb 01       	movw	r24, r22
    1874:	88 54       	subi	r24, 0x48	; 72
    1876:	94 4f       	sbci	r25, 0xF4	; 244
    1878:	af 4f       	sbci	r26, 0xFF	; 255
    187a:	bf 4f       	sbci	r27, 0xFF	; 255
    187c:	89 83       	std	Y+1, r24	; 0x01
    187e:	9a 83       	std	Y+2, r25	; 0x02
    1880:	ab 83       	std	Y+3, r26	; 0x03
    1882:	bc 83       	std	Y+4, r27	; 0x04
    carwash.ir_active_count = 0U;
    1884:	1e a6       	std	Y+46, r1	; 0x2e
    Master_SetLCD(PSTR("Ingresando"), PSTR("tu auto"));
    1886:	68 e5       	ldi	r22, 0x58	; 88
    1888:	76 e0       	ldi	r23, 0x06	; 6
    188a:	8d e4       	ldi	r24, 0x4D	; 77
    188c:	96 e0       	ldi	r25, 0x06	; 6
    188e:	0e 94 1a 0a 	call	0x1434	; 0x1434 <Master_SetLCD>
    CarWash_LogTransition(PSTR("Entrada"));
    1892:	85 e4       	ldi	r24, 0x45	; 69
    1894:	96 e0       	ldi	r25, 0x06	; 6
    1896:	0e 94 d0 09 	call	0x13a0	; 0x13a0 <CarWash_LogTransition>
    (void)now;
}
    189a:	df 91       	pop	r29
    189c:	cf 91       	pop	r28
    189e:	08 95       	ret

000018a0 <CarWash_CompleteSoap>:
    CarWash_LogTransition(PSTR("Enjabonado"));
}

// Cierra el agua y termina el enjabonado.
static void CarWash_CompleteSoap(void)
{
    18a0:	cf 93       	push	r28
    18a2:	df 93       	push	r29
    if (Master_SetServo(SLAVE1_I2C_ADDRESS,
    18a4:	40 e0       	ldi	r20, 0x00	; 0
    18a6:	63 e0       	ldi	r22, 0x03	; 3
    18a8:	81 e1       	ldi	r24, 0x11	; 17
    18aa:	0e 94 23 0b 	call	0x1646	; 0x1646 <Master_SetServo>
    18ae:	81 11       	cpse	r24, r1
    18b0:	07 c0       	rjmp	.+14     	; 0x18c0 <CarWash_CompleteSoap+0x20>
                        (uint8_t)SERVO_WATER,
                        CARWASH_WATER_CLOSED_ANGLE) == 0U)
    {
        CarWash_EnterError(Timebase_Millis(),
    18b2:	0e 94 09 18 	call	0x3012	; 0x3012 <Timebase_Millis>
    18b6:	42 ea       	ldi	r20, 0xA2	; 162
    18b8:	54 e0       	ldi	r21, 0x04	; 4
    18ba:	0e 94 ad 0b 	call	0x175a	; 0x175a <CarWash_EnterError>
                           PSTR("agua no cerro"));
        return;
    18be:	1b c0       	rjmp	.+54     	; 0x18f6 <CarWash_CompleteSoap+0x56>
    }

    if (Master_StartStepper((uint8_t)PROTOCOL_DIRECTION_FORWARD) == 0U)
    18c0:	81 e0       	ldi	r24, 0x01	; 1
    18c2:	0e 94 39 0b 	call	0x1672	; 0x1672 <Master_StartStepper>
    18c6:	81 11       	cpse	r24, r1
    18c8:	07 c0       	rjmp	.+14     	; 0x18d8 <CarWash_CompleteSoap+0x38>
    {
        CarWash_EnterError(Timebase_Millis(),
    18ca:	0e 94 09 18 	call	0x3012	; 0x3012 <Timebase_Millis>
    18ce:	4e e8       	ldi	r20, 0x8E	; 142
    18d0:	54 e0       	ldi	r21, 0x04	; 4
    18d2:	0e 94 ad 0b 	call	0x175a	; 0x175a <CarWash_EnterError>
                           PSTR("stepper no reinicio"));
        return;
    18d6:	0f c0       	rjmp	.+30     	; 0x18f6 <CarWash_CompleteSoap+0x56>
    }

    carwash.state = CARWASH_SEEK_WASH;
    18d8:	ca e0       	ldi	r28, 0x0A	; 10
    18da:	d1 e0       	ldi	r29, 0x01	; 1
    18dc:	86 e0       	ldi	r24, 0x06	; 6
    18de:	88 83       	st	Y, r24
    carwash.next_vl_start_ms = Timebase_Millis();
    18e0:	0e 94 09 18 	call	0x3012	; 0x3012 <Timebase_Millis>
    18e4:	6d 87       	std	Y+13, r22	; 0x0d
    18e6:	7e 87       	std	Y+14, r23	; 0x0e
    18e8:	8f 87       	std	Y+15, r24	; 0x0f
    18ea:	98 8b       	std	Y+16, r25	; 0x10
    carwash.vl_pending = 0U;
    18ec:	1b aa       	std	Y+51, r1	; 0x33
    CarWash_LogTransition(PSTR("Buscando lavado"));
    18ee:	8e e7       	ldi	r24, 0x7E	; 126
    18f0:	94 e0       	ldi	r25, 0x04	; 4
    18f2:	0e 94 d0 09 	call	0x13a0	; 0x13a0 <CarWash_LogTransition>
}
    18f6:	df 91       	pop	r29
    18f8:	cf 91       	pop	r28
    18fa:	08 95       	ret

000018fc <CarWash_EnterIdle>:
}

// Prepara el sistema para esperar un vehiculo.
static void CarWash_EnterIdle(uint32_t now)
{
    carwash.state = CARWASH_IDLE;
    18fc:	ea e0       	ldi	r30, 0x0A	; 10
    18fe:	f1 e0       	ldi	r31, 0x01	; 1
    1900:	81 e0       	ldi	r24, 0x01	; 1
    1902:	80 83       	st	Z, r24
    carwash.ir_active_count = 0U;
    1904:	16 a6       	std	Z+46, r1	; 0x2e
    carwash.ir_free_count = 0U;
    1906:	17 a6       	std	Z+47, r1	; 0x2f
    carwash.ir_counter_known = 0U;
    1908:	12 a6       	std	Z+42, r1	; 0x2a
    carwash.hcsr04_counter_known = 0U;
    190a:	13 a6       	std	Z+43, r1	; 0x2b
    carwash.soap_reference_mm = 0U;
    190c:	16 a2       	std	Z+38, r1	; 0x26
    190e:	15 a2       	std	Z+37, r1	; 0x25
    carwash.wash_phase = 0U;
    1910:	10 aa       	std	Z+48, r1	; 0x30
    Master_ShutdownVL53L0X();
    1912:	0e 94 01 0a 	call	0x1402	; 0x1402 <Master_ShutdownVL53L0X>

    if (Master_ApplySafeActions() == 0U)
    1916:	0e 94 81 0b 	call	0x1702	; 0x1702 <Master_ApplySafeActions>
    191a:	81 11       	cpse	r24, r1
    191c:	07 c0       	rjmp	.+14     	; 0x192c <CarWash_EnterIdle+0x30>
    {
        CarWash_EnterError(Timebase_Millis(),
    191e:	0e 94 09 18 	call	0x3012	; 0x3012 <Timebase_Millis>
    1922:	4c ea       	ldi	r20, 0xAC	; 172
    1924:	56 e0       	ldi	r21, 0x06	; 6
    1926:	0e 94 ad 0b 	call	0x175a	; 0x175a <CarWash_EnterError>
                           PSTR("no se pudo asegurar el reposo"));
        return;
    192a:	08 95       	ret
    }

    now = Timebase_Millis();
    192c:	0e 94 09 18 	call	0x3012	; 0x3012 <Timebase_Millis>
    carwash.next_ir_ms = now;
    1930:	ea e0       	ldi	r30, 0x0A	; 10
    1932:	f1 e0       	ldi	r31, 0x01	; 1
    1934:	65 83       	std	Z+5, r22	; 0x05
    1936:	76 83       	std	Z+6, r23	; 0x06
    1938:	87 83       	std	Z+7, r24	; 0x07
    193a:	90 87       	std	Z+8, r25	; 0x08
    carwash.next_health_ms = now + CARWASH_HEALTH_INTERVAL_MS;
    193c:	dc 01       	movw	r26, r24
    193e:	cb 01       	movw	r24, r22
    1940:	8c 50       	subi	r24, 0x0C	; 12
    1942:	9e 4f       	sbci	r25, 0xFE	; 254
    1944:	af 4f       	sbci	r26, 0xFF	; 255
    1946:	bf 4f       	sbci	r27, 0xFF	; 255
    1948:	81 8f       	std	Z+25, r24	; 0x19
    194a:	92 8f       	std	Z+26, r25	; 0x1a
    194c:	a3 8f       	std	Z+27, r26	; 0x1b
    194e:	b4 8f       	std	Z+28, r27	; 0x1c
    Master_SetLCD(PSTR("Bienvenido al"), PSTR("CarWash"));
    1950:	64 ea       	ldi	r22, 0xA4	; 164
    1952:	76 e0       	ldi	r23, 0x06	; 6
    1954:	86 e9       	ldi	r24, 0x96	; 150
    1956:	96 e0       	ldi	r25, 0x06	; 6
    1958:	0e 94 1a 0a 	call	0x1434	; 0x1434 <Master_SetLCD>
    CarWash_LogTransition(PSTR("Reposo"));
    195c:	8f e8       	ldi	r24, 0x8F	; 143
    195e:	96 e0       	ldi	r25, 0x06	; 6
    1960:	0e 94 d0 09 	call	0x13a0	; 0x13a0 <CarWash_LogTransition>
    1964:	08 95       	ret

00001966 <CarWash_EnterFinal>:
    carwash.next_vl_ready_ms = now + CARWASH_VL_READY_INTERVAL_MS;
}

// Asegura actuadores y devuelve el vehiculo durante cinco segundos.
static void CarWash_EnterFinal(void)
{
    1966:	cf 93       	push	r28
    1968:	df 93       	push	r29
    if (Master_ApplySafeActions() == 0U)
    196a:	0e 94 81 0b 	call	0x1702	; 0x1702 <Master_ApplySafeActions>
    196e:	81 11       	cpse	r24, r1
    1970:	07 c0       	rjmp	.+14     	; 0x1980 <CarWash_EnterFinal+0x1a>
    {
        CarWash_EnterError(Timebase_Millis(),
    1972:	0e 94 09 18 	call	0x3012	; 0x3012 <Timebase_Millis>
    1976:	48 e3       	ldi	r20, 0x38	; 56
    1978:	55 e0       	ldi	r21, 0x05	; 5
    197a:	0e 94 ad 0b 	call	0x175a	; 0x175a <CarWash_EnterError>
                           PSTR("fallo en parada final"));
        return;
    197e:	28 c0       	rjmp	.+80     	; 0x19d0 <CarWash_EnterFinal+0x6a>
    }

    Master_ShutdownVL53L0X();
    1980:	0e 94 01 0a 	call	0x1402	; 0x1402 <Master_ShutdownVL53L0X>
    if (Master_StartStepper((uint8_t)PROTOCOL_DIRECTION_REVERSE) == 0U)
    1984:	80 e0       	ldi	r24, 0x00	; 0
    1986:	0e 94 39 0b 	call	0x1672	; 0x1672 <Master_StartStepper>
    198a:	81 11       	cpse	r24, r1
    198c:	07 c0       	rjmp	.+14     	; 0x199c <CarWash_EnterFinal+0x36>
    {
        CarWash_EnterError(Timebase_Millis(),
    198e:	0e 94 09 18 	call	0x3012	; 0x3012 <Timebase_Millis>
    1992:	4e e1       	ldi	r20, 0x1E	; 30
    1994:	55 e0       	ldi	r21, 0x05	; 5
    1996:	0e 94 ad 0b 	call	0x175a	; 0x175a <CarWash_EnterError>
                           PSTR("stepper no acepto retorno"));
        return;
    199a:	1a c0       	rjmp	.+52     	; 0x19d0 <CarWash_EnterFinal+0x6a>
    }

    carwash.state = CARWASH_FINISH_REVERSE;
    199c:	ca e0       	ldi	r28, 0x0A	; 10
    199e:	d1 e0       	ldi	r29, 0x01	; 1
    19a0:	89 e0       	ldi	r24, 0x09	; 9
    19a2:	88 83       	st	Y, r24
    carwash.deadline_ms = Timebase_Millis() +
    19a4:	0e 94 09 18 	call	0x3012	; 0x3012 <Timebase_Millis>
    19a8:	dc 01       	movw	r26, r24
    19aa:	cb 01       	movw	r24, r22
    19ac:	88 57       	subi	r24, 0x78	; 120
    19ae:	9c 4e       	sbci	r25, 0xEC	; 236
    19b0:	af 4f       	sbci	r26, 0xFF	; 255
    19b2:	bf 4f       	sbci	r27, 0xFF	; 255
    19b4:	89 83       	std	Y+1, r24	; 0x01
    19b6:	9a 83       	std	Y+2, r25	; 0x02
    19b8:	ab 83       	std	Y+3, r26	; 0x03
    19ba:	bc 83       	std	Y+4, r27	; 0x04
                          CARWASH_FINISH_REVERSE_MS;
    Master_SetLCD(PSTR("Gracias por"), PSTR("elegirnos"));
    19bc:	64 e1       	ldi	r22, 0x14	; 20
    19be:	75 e0       	ldi	r23, 0x05	; 5
    19c0:	88 e0       	ldi	r24, 0x08	; 8
    19c2:	95 e0       	ldi	r25, 0x05	; 5
    19c4:	0e 94 1a 0a 	call	0x1434	; 0x1434 <Master_SetLCD>
    CarWash_LogTransition(PSTR("Retorno final 5 s"));
    19c8:	86 ef       	ldi	r24, 0xF6	; 246
    19ca:	94 e0       	ldi	r25, 0x04	; 4
    19cc:	0e 94 d0 09 	call	0x13a0	; 0x13a0 <CarWash_LogTransition>
}
    19d0:	df 91       	pop	r29
    19d2:	cf 91       	pop	r28
    19d4:	08 95       	ret

000019d6 <CarWash_EnterSoap>:
    CarWash_LogTransition(PSTR("Buscando enjabonado"));
}

// Detiene el vehiculo e inicia el enjabonado.
static void CarWash_EnterSoap(void)
{
    19d6:	cf 93       	push	r28
    19d8:	df 93       	push	r29
    uint8_t stepper_ok;
    uint8_t door_ok;
    uint8_t water_ok;

    stepper_ok = Master_StopDevice(SLAVE2_I2C_ADDRESS,
    19da:	66 e0       	ldi	r22, 0x06	; 6
    19dc:	82 e1       	ldi	r24, 0x12	; 18
    19de:	0e 94 75 0b 	call	0x16ea	; 0x16ea <Master_StopDevice>
    19e2:	c8 2f       	mov	r28, r24
                                   (uint8_t)STEPPER);
    door_ok = Master_SetServo(SLAVE2_I2C_ADDRESS,
    19e4:	41 e9       	ldi	r20, 0x91	; 145
    19e6:	64 e0       	ldi	r22, 0x04	; 4
    19e8:	82 e1       	ldi	r24, 0x12	; 18
    19ea:	0e 94 23 0b 	call	0x1646	; 0x1646 <Master_SetServo>
    19ee:	d8 2f       	mov	r29, r24
                              (uint8_t)SERVO_DOOR,
                              CARWASH_DOOR_CLOSED_ANGLE);
    water_ok = Master_SetServo(SLAVE1_I2C_ADDRESS,
    19f0:	40 e0       	ldi	r20, 0x00	; 0
    19f2:	63 e0       	ldi	r22, 0x03	; 3
    19f4:	81 e1       	ldi	r24, 0x11	; 17
    19f6:	0e 94 23 0b 	call	0x1646	; 0x1646 <Master_SetServo>
                               (uint8_t)SERVO_WATER,
                               CARWASH_WATER_CLOSED_ANGLE);

    if ((stepper_ok == 0U) || (door_ok == 0U) || (water_ok == 0U))
    19fa:	cc 23       	and	r28, r28
    19fc:	21 f0       	breq	.+8      	; 0x1a06 <CarWash_EnterSoap+0x30>
    19fe:	dd 23       	and	r29, r29
    1a00:	11 f0       	breq	.+4      	; 0x1a06 <CarWash_EnterSoap+0x30>
    1a02:	81 11       	cpse	r24, r1
    1a04:	07 c0       	rjmp	.+14     	; 0x1a14 <CarWash_EnterSoap+0x3e>
    {
        CarWash_EnterError(Timebase_Millis(),
    1a06:	0e 94 09 18 	call	0x3012	; 0x3012 <Timebase_Millis>
    1a0a:	42 eb       	ldi	r20, 0xB2	; 178
    1a0c:	55 e0       	ldi	r21, 0x05	; 5
    1a0e:	0e 94 ad 0b 	call	0x175a	; 0x175a <CarWash_EnterError>
                           PSTR("fallo al preparar enjabonado"));
        return;
    1a12:	18 c0       	rjmp	.+48     	; 0x1a44 <CarWash_EnterSoap+0x6e>
    }

    carwash.state = CARWASH_SOAP_REFERENCE;
    1a14:	ca e0       	ldi	r28, 0x0A	; 10
    1a16:	d1 e0       	ldi	r29, 0x01	; 1
    1a18:	84 e0       	ldi	r24, 0x04	; 4
    1a1a:	88 83       	st	Y, r24
    carwash.soap_reference_mm = 0U;
    1a1c:	1e a2       	std	Y+38, r1	; 0x26
    1a1e:	1d a2       	std	Y+37, r1	; 0x25
    carwash.hcsr04_counter_known = 0U;
    1a20:	1b a6       	std	Y+43, r1	; 0x2b
    carwash.vl_pending = 0U;
    1a22:	1b aa       	std	Y+51, r1	; 0x33
    carwash.next_hcsr04_ms = Timebase_Millis();
    1a24:	0e 94 09 18 	call	0x3012	; 0x3012 <Timebase_Millis>
    1a28:	69 87       	std	Y+9, r22	; 0x09
    1a2a:	7a 87       	std	Y+10, r23	; 0x0a
    1a2c:	8b 87       	std	Y+11, r24	; 0x0b
    1a2e:	9c 87       	std	Y+12, r25	; 0x0c
    Master_SetLCD(PSTR("Enjabonando"), PSTR("tu auto"));
    1a30:	6a ea       	ldi	r22, 0xAA	; 170
    1a32:	75 e0       	ldi	r23, 0x05	; 5
    1a34:	8e e9       	ldi	r24, 0x9E	; 158
    1a36:	95 e0       	ldi	r25, 0x05	; 5
    1a38:	0e 94 1a 0a 	call	0x1434	; 0x1434 <Master_SetLCD>
    CarWash_LogTransition(PSTR("Enjabonado"));
    1a3c:	83 e9       	ldi	r24, 0x93	; 147
    1a3e:	95 e0       	ldi	r25, 0x05	; 5
    1a40:	0e 94 d0 09 	call	0x13a0	; 0x13a0 <CarWash_LogTransition>
}
    1a44:	df 91       	pop	r29
    1a46:	cf 91       	pop	r28
    1a48:	08 95       	ret

00001a4a <CarWash_EnterWash>:
    CarWash_LogTransition(PSTR("Buscando lavado"));
}

// Inicia el motor DC hacia adelante con velocidad media fija.
static void CarWash_EnterWash(void)
{
    1a4a:	cf 93       	push	r28
    1a4c:	df 93       	push	r29
    if (Master_StopDevice(SLAVE2_I2C_ADDRESS,
    1a4e:	66 e0       	ldi	r22, 0x06	; 6
    1a50:	82 e1       	ldi	r24, 0x12	; 18
    1a52:	0e 94 75 0b 	call	0x16ea	; 0x16ea <Master_StopDevice>
    1a56:	81 11       	cpse	r24, r1
    1a58:	07 c0       	rjmp	.+14     	; 0x1a68 <CarWash_EnterWash+0x1e>
                          (uint8_t)STEPPER) == 0U)
    {
        CarWash_EnterError(Timebase_Millis(),
    1a5a:	0e 94 09 18 	call	0x3012	; 0x3012 <Timebase_Millis>
    1a5e:	4e e7       	ldi	r20, 0x7E	; 126
    1a60:	55 e0       	ldi	r21, 0x05	; 5
    1a62:	0e 94 ad 0b 	call	0x175a	; 0x175a <CarWash_EnterError>
                           PSTR("stepper no se detuvo"));
        return;
    1a66:	29 c0       	rjmp	.+82     	; 0x1aba <CarWash_EnterWash+0x70>
    }

    if (Master_SetDCMotor((uint8_t)PROTOCOL_DIRECTION_FORWARD,
    1a68:	60 e8       	ldi	r22, 0x80	; 128
    1a6a:	81 e0       	ldi	r24, 0x01	; 1
    1a6c:	0e 94 5c 0b 	call	0x16b8	; 0x16b8 <Master_SetDCMotor>
    1a70:	81 11       	cpse	r24, r1
    1a72:	07 c0       	rjmp	.+14     	; 0x1a82 <CarWash_EnterWash+0x38>
                          CARWASH_DC_PWM) == 0U)
    {
        CarWash_EnterError(Timebase_Millis(),
    1a74:	0e 94 09 18 	call	0x3012	; 0x3012 <Timebase_Millis>
    1a78:	45 e6       	ldi	r20, 0x65	; 101
    1a7a:	55 e0       	ldi	r21, 0x05	; 5
    1a7c:	0e 94 ad 0b 	call	0x175a	; 0x175a <CarWash_EnterError>
                           PSTR("motor DC no acepto orden"));
        return;
    1a80:	1c c0       	rjmp	.+56     	; 0x1aba <CarWash_EnterWash+0x70>
    }

    carwash.state = CARWASH_WASH;
    1a82:	ca e0       	ldi	r28, 0x0A	; 10
    1a84:	d1 e0       	ldi	r29, 0x01	; 1
    1a86:	87 e0       	ldi	r24, 0x07	; 7
    1a88:	88 83       	st	Y, r24
    carwash.wash_phase = 0U;
    1a8a:	18 aa       	std	Y+48, r1	; 0x30
    carwash.vl_pending = 0U;
    1a8c:	1b aa       	std	Y+51, r1	; 0x33
    carwash.deadline_ms = Timebase_Millis() + CARWASH_WASH_PHASE_MS;
    1a8e:	0e 94 09 18 	call	0x3012	; 0x3012 <Timebase_Millis>
    1a92:	dc 01       	movw	r26, r24
    1a94:	cb 01       	movw	r24, r22
    1a96:	88 51       	subi	r24, 0x18	; 24
    1a98:	9c 4f       	sbci	r25, 0xFC	; 252
    1a9a:	af 4f       	sbci	r26, 0xFF	; 255
    1a9c:	bf 4f       	sbci	r27, 0xFF	; 255
    1a9e:	89 83       	std	Y+1, r24	; 0x01
    1aa0:	9a 83       	std	Y+2, r25	; 0x02
    1aa2:	ab 83       	std	Y+3, r26	; 0x03
    1aa4:	bc 83       	std	Y+4, r27	; 0x04
    Master_SetLCD(PSTR("Lavando"), PSTR("tu auto"));
    1aa6:	6d e5       	ldi	r22, 0x5D	; 93
    1aa8:	75 e0       	ldi	r23, 0x05	; 5
    1aaa:	85 e5       	ldi	r24, 0x55	; 85
    1aac:	95 e0       	ldi	r25, 0x05	; 5
    1aae:	0e 94 1a 0a 	call	0x1434	; 0x1434 <Master_SetLCD>
    CarWash_LogTransition(PSTR("Lavado"));
    1ab2:	8e e4       	ldi	r24, 0x4E	; 78
    1ab4:	95 e0       	ldi	r25, 0x05	; 5
    1ab6:	0e 94 d0 09 	call	0x13a0	; 0x13a0 <CarWash_LogTransition>
}
    1aba:	df 91       	pop	r29
    1abc:	cf 91       	pop	r28
    1abe:	08 95       	ret

00001ac0 <Master_GetInfrared>:
}

// Solicita la muestra cruda del sensor infrarrojo.
static MasterSampleResult Master_GetInfrared(uint8_t *raw_level,
                                             uint8_t *counter)
{
    1ac0:	af 92       	push	r10
    1ac2:	bf 92       	push	r11
    1ac4:	cf 92       	push	r12
    1ac6:	df 92       	push	r13
    1ac8:	ef 92       	push	r14
    1aca:	ff 92       	push	r15
    1acc:	0f 93       	push	r16
    1ace:	1f 93       	push	r17
    1ad0:	cf 93       	push	r28
    1ad2:	df 93       	push	r29
    1ad4:	cd b7       	in	r28, 0x3d	; 61
    1ad6:	de b7       	in	r29, 0x3e	; 62
    1ad8:	28 97       	sbiw	r28, 0x08	; 8
    1ada:	0f b6       	in	r0, 0x3f	; 63
    1adc:	f8 94       	cli
    1ade:	de bf       	out	0x3e, r29	; 62
    1ae0:	0f be       	out	0x3f, r0	; 63
    1ae2:	cd bf       	out	0x3d, r28	; 61
    ProtocolResponse response;

    if ((raw_level == 0) || (counter == 0))
    1ae4:	00 97       	sbiw	r24, 0x00	; 0
    1ae6:	49 f1       	breq	.+82     	; 0x1b3a <Master_GetInfrared+0x7a>
    1ae8:	61 15       	cp	r22, r1
    1aea:	71 05       	cpc	r23, r1
    1aec:	41 f1       	breq	.+80     	; 0x1b3e <Master_GetInfrared+0x7e>
    1aee:	6b 01       	movw	r12, r22
    1af0:	5c 01       	movw	r10, r24
    {
        return MASTER_SAMPLE_ERROR;
    }

    if (Master_SendRequest(SLAVE2_I2C_ADDRESS,
    1af2:	ce 01       	movw	r24, r28
    1af4:	01 96       	adiw	r24, 0x01	; 1
    1af6:	7c 01       	movw	r14, r24
    1af8:	00 e0       	ldi	r16, 0x00	; 0
    1afa:	10 e0       	ldi	r17, 0x00	; 0
    1afc:	20 e0       	ldi	r18, 0x00	; 0
    1afe:	42 e0       	ldi	r20, 0x02	; 2
    1b00:	62 e0       	ldi	r22, 0x02	; 2
    1b02:	82 e1       	ldi	r24, 0x12	; 18
    1b04:	0e 94 a3 0a 	call	0x1546	; 0x1546 <Master_SendRequest>
    1b08:	88 23       	and	r24, r24
    1b0a:	d9 f0       	breq	.+54     	; 0x1b42 <Master_GetInfrared+0x82>
                           &response) == 0U)
    {
        return MASTER_SAMPLE_ERROR;
    }

    *raw_level = response.data[1];
    1b0c:	8e 81       	ldd	r24, Y+6	; 0x06
    1b0e:	d5 01       	movw	r26, r10
    1b10:	8c 93       	st	X, r24
    *counter = response.data[3];
    1b12:	98 85       	ldd	r25, Y+8	; 0x08
    1b14:	f6 01       	movw	r30, r12
    1b16:	90 83       	st	Z, r25

    if (response.status == (uint8_t)NO_SAMPLE)
    1b18:	8b 81       	ldd	r24, Y+3	; 0x03
    1b1a:	87 30       	cpi	r24, 0x07	; 7
    1b1c:	a1 f0       	breq	.+40     	; 0x1b46 <Master_GetInfrared+0x86>
    {
        return MASTER_SAMPLE_NO_SAMPLE;
    }

    if ((response.status != (uint8_t)OK) ||
    1b1e:	81 11       	cpse	r24, r1
    1b20:	14 c0       	rjmp	.+40     	; 0x1b4a <Master_GetInfrared+0x8a>
        (response.data[0] == 0U))
    1b22:	8d 81       	ldd	r24, Y+5	; 0x05
    if (response.status == (uint8_t)NO_SAMPLE)
    {
        return MASTER_SAMPLE_NO_SAMPLE;
    }

    if ((response.status != (uint8_t)OK) ||
    1b24:	88 23       	and	r24, r24
    1b26:	99 f0       	breq	.+38     	; 0x1b4e <Master_GetInfrared+0x8e>
        (response.data[0] == 0U))
    {
        return MASTER_SAMPLE_ERROR;
    }

    last_infrared_sample.available = 1U;
    1b28:	e4 e0       	ldi	r30, 0x04	; 4
    1b2a:	f1 e0       	ldi	r31, 0x01	; 1
    1b2c:	81 e0       	ldi	r24, 0x01	; 1
    1b2e:	80 83       	st	Z, r24
    last_infrared_sample.raw_level = *raw_level;
    1b30:	8c 91       	ld	r24, X
    1b32:	81 83       	std	Z+1, r24	; 0x01
    last_infrared_sample.counter = *counter;
    1b34:	92 83       	std	Z+2, r25	; 0x02
    return MASTER_SAMPLE_VALID;
    1b36:	82 e0       	ldi	r24, 0x02	; 2
    1b38:	0b c0       	rjmp	.+22     	; 0x1b50 <Master_GetInfrared+0x90>
{
    ProtocolResponse response;

    if ((raw_level == 0) || (counter == 0))
    {
        return MASTER_SAMPLE_ERROR;
    1b3a:	80 e0       	ldi	r24, 0x00	; 0
    1b3c:	09 c0       	rjmp	.+18     	; 0x1b50 <Master_GetInfrared+0x90>
    1b3e:	80 e0       	ldi	r24, 0x00	; 0
    1b40:	07 c0       	rjmp	.+14     	; 0x1b50 <Master_GetInfrared+0x90>
                           (uint8_t)IR,
                           0U,
                           0,
                           &response) == 0U)
    {
        return MASTER_SAMPLE_ERROR;
    1b42:	80 e0       	ldi	r24, 0x00	; 0
    1b44:	05 c0       	rjmp	.+10     	; 0x1b50 <Master_GetInfrared+0x90>
    *raw_level = response.data[1];
    *counter = response.data[3];

    if (response.status == (uint8_t)NO_SAMPLE)
    {
        return MASTER_SAMPLE_NO_SAMPLE;
    1b46:	81 e0       	ldi	r24, 0x01	; 1
    1b48:	03 c0       	rjmp	.+6      	; 0x1b50 <Master_GetInfrared+0x90>
    }

    if ((response.status != (uint8_t)OK) ||
        (response.data[0] == 0U))
    {
        return MASTER_SAMPLE_ERROR;
    1b4a:	80 e0       	ldi	r24, 0x00	; 0
    1b4c:	01 c0       	rjmp	.+2      	; 0x1b50 <Master_GetInfrared+0x90>
    1b4e:	80 e0       	ldi	r24, 0x00	; 0

    last_infrared_sample.available = 1U;
    last_infrared_sample.raw_level = *raw_level;
    last_infrared_sample.counter = *counter;
    return MASTER_SAMPLE_VALID;
}
    1b50:	28 96       	adiw	r28, 0x08	; 8
    1b52:	0f b6       	in	r0, 0x3f	; 63
    1b54:	f8 94       	cli
    1b56:	de bf       	out	0x3e, r29	; 62
    1b58:	0f be       	out	0x3f, r0	; 63
    1b5a:	cd bf       	out	0x3d, r28	; 61
    1b5c:	df 91       	pop	r29
    1b5e:	cf 91       	pop	r28
    1b60:	1f 91       	pop	r17
    1b62:	0f 91       	pop	r16
    1b64:	ff 90       	pop	r15
    1b66:	ef 90       	pop	r14
    1b68:	df 90       	pop	r13
    1b6a:	cf 90       	pop	r12
    1b6c:	bf 90       	pop	r11
    1b6e:	af 90       	pop	r10
    1b70:	08 95       	ret

00001b72 <CarWash_ServiceIdleIR>:
    return 1U;
}

// Cuenta detecciones consecutivas en reposo.
static void CarWash_ServiceIdleIR(uint32_t now)
{
    1b72:	cf 92       	push	r12
    1b74:	df 92       	push	r13
    1b76:	ef 92       	push	r14
    1b78:	ff 92       	push	r15
    1b7a:	1f 93       	push	r17
    1b7c:	cf 93       	push	r28
    1b7e:	df 93       	push	r29
    1b80:	00 d0       	rcall	.+0      	; 0x1b82 <CarWash_ServiceIdleIR+0x10>
    1b82:	cd b7       	in	r28, 0x3d	; 61
    1b84:	de b7       	in	r29, 0x3e	; 62
    1b86:	6b 01       	movw	r12, r22
    1b88:	7c 01       	movw	r14, r24
    MasterSampleResult result;
    uint8_t raw_level;
    uint8_t counter;

    if (Master_TimeReached(now, carwash.next_ir_ms) == 0U)
    1b8a:	20 91 0f 01 	lds	r18, 0x010F	; 0x80010f <carwash+0x5>
    1b8e:	30 91 10 01 	lds	r19, 0x0110	; 0x800110 <carwash+0x6>
    1b92:	40 91 11 01 	lds	r20, 0x0111	; 0x800111 <carwash+0x7>
    1b96:	50 91 12 01 	lds	r21, 0x0112	; 0x800112 <carwash+0x8>
    1b9a:	0e 94 a5 08 	call	0x114a	; 0x114a <Master_TimeReached>
    1b9e:	88 23       	and	r24, r24
    1ba0:	f1 f1       	breq	.+124    	; 0x1c1e <CarWash_ServiceIdleIR+0xac>
    {
        return;
    }
    carwash.next_ir_ms = now + CARWASH_IR_INTERVAL_MS;
    1ba2:	84 e6       	ldi	r24, 0x64	; 100
    1ba4:	c8 0e       	add	r12, r24
    1ba6:	d1 1c       	adc	r13, r1
    1ba8:	e1 1c       	adc	r14, r1
    1baa:	f1 1c       	adc	r15, r1
    1bac:	c0 92 0f 01 	sts	0x010F, r12	; 0x80010f <carwash+0x5>
    1bb0:	d0 92 10 01 	sts	0x0110, r13	; 0x800110 <carwash+0x6>
    1bb4:	e0 92 11 01 	sts	0x0111, r14	; 0x800111 <carwash+0x7>
    1bb8:	f0 92 12 01 	sts	0x0112, r15	; 0x800112 <carwash+0x8>

    result = Master_GetInfrared(&raw_level, &counter);
    1bbc:	be 01       	movw	r22, r28
    1bbe:	6e 5f       	subi	r22, 0xFE	; 254
    1bc0:	7f 4f       	sbci	r23, 0xFF	; 255
    1bc2:	ce 01       	movw	r24, r28
    1bc4:	01 96       	adiw	r24, 0x01	; 1
    1bc6:	0e 94 60 0d 	call	0x1ac0	; 0x1ac0 <Master_GetInfrared>
    1bca:	18 2f       	mov	r17, r24
    if (result == MASTER_SAMPLE_ERROR)
    1bcc:	81 11       	cpse	r24, r1
    1bce:	07 c0       	rjmp	.+14     	; 0x1bde <CarWash_ServiceIdleIR+0x6c>
    {
        CarWash_EnterError(Timebase_Millis(),
    1bd0:	0e 94 09 18 	call	0x3012	; 0x3012 <Timebase_Millis>
    1bd4:	4b e7       	ldi	r20, 0x7B	; 123
    1bd6:	56 e0       	ldi	r21, 0x06	; 6
    1bd8:	0e 94 ad 0b 	call	0x175a	; 0x175a <CarWash_EnterError>
                           PSTR("lectura IR invalida"));
        return;
    1bdc:	20 c0       	rjmp	.+64     	; 0x1c1e <CarWash_ServiceIdleIR+0xac>
    }

    if (Master_IsNewCounter(counter,
    1bde:	46 e3       	ldi	r20, 0x36	; 54
    1be0:	51 e0       	ldi	r21, 0x01	; 1
    1be2:	64 e3       	ldi	r22, 0x34	; 52
    1be4:	71 e0       	ldi	r23, 0x01	; 1
    1be6:	8a 81       	ldd	r24, Y+2	; 0x02
    1be8:	0e 94 b6 08 	call	0x116c	; 0x116c <Master_IsNewCounter>
    1bec:	88 23       	and	r24, r24
    1bee:	b9 f0       	breq	.+46     	; 0x1c1e <CarWash_ServiceIdleIR+0xac>
    {
        return;
    }

    // El IR es activo en bajo; una muestra libre reinicia el conteo.
    if ((result == MASTER_SAMPLE_VALID) && (raw_level == 0U))
    1bf0:	12 30       	cpi	r17, 0x02	; 2
    1bf2:	59 f4       	brne	.+22     	; 0x1c0a <CarWash_ServiceIdleIR+0x98>
    1bf4:	89 81       	ldd	r24, Y+1	; 0x01
    1bf6:	81 11       	cpse	r24, r1
    1bf8:	08 c0       	rjmp	.+16     	; 0x1c0a <CarWash_ServiceIdleIR+0x98>
    {
        if (carwash.ir_active_count < CARWASH_IR_REQUIRED_SAMPLES)
    1bfa:	80 91 38 01 	lds	r24, 0x0138	; 0x800138 <carwash+0x2e>
    1bfe:	85 30       	cpi	r24, 0x05	; 5
    1c00:	30 f4       	brcc	.+12     	; 0x1c0e <CarWash_ServiceIdleIR+0x9c>
        {
            carwash.ir_active_count++;
    1c02:	8f 5f       	subi	r24, 0xFF	; 255
    1c04:	80 93 38 01 	sts	0x0138, r24	; 0x800138 <carwash+0x2e>
    1c08:	02 c0       	rjmp	.+4      	; 0x1c0e <CarWash_ServiceIdleIR+0x9c>
        }
    }
    else
    {
        carwash.ir_active_count = 0U;
    1c0a:	10 92 38 01 	sts	0x0138, r1	; 0x800138 <carwash+0x2e>
    }

    if (carwash.ir_active_count >= CARWASH_IR_REQUIRED_SAMPLES)
    1c0e:	80 91 38 01 	lds	r24, 0x0138	; 0x800138 <carwash+0x2e>
    1c12:	85 30       	cpi	r24, 0x05	; 5
    1c14:	20 f0       	brcs	.+8      	; 0x1c1e <CarWash_ServiceIdleIR+0xac>
    {
        CarWash_StartEntry(Timebase_Millis());
    1c16:	0e 94 09 18 	call	0x3012	; 0x3012 <Timebase_Millis>
    1c1a:	0e 94 22 0c 	call	0x1844	; 0x1844 <CarWash_StartEntry>
    }
}
    1c1e:	0f 90       	pop	r0
    1c20:	0f 90       	pop	r0
    1c22:	df 91       	pop	r29
    1c24:	cf 91       	pop	r28
    1c26:	1f 91       	pop	r17
    1c28:	ff 90       	pop	r15
    1c2a:	ef 90       	pop	r14
    1c2c:	df 90       	pop	r13
    1c2e:	cf 90       	pop	r12
    1c30:	08 95       	ret

00001c32 <CarWash_ServiceFinishWait>:
    carwash.deadline_ms = Timebase_Millis() + CARWASH_WASH_PHASE_MS;
}

// Espera la salida del vehiculo al finalizar.
static void CarWash_ServiceFinishWait(uint32_t now)
{
    1c32:	cf 92       	push	r12
    1c34:	df 92       	push	r13
    1c36:	ef 92       	push	r14
    1c38:	ff 92       	push	r15
    1c3a:	1f 93       	push	r17
    1c3c:	cf 93       	push	r28
    1c3e:	df 93       	push	r29
    1c40:	00 d0       	rcall	.+0      	; 0x1c42 <CarWash_ServiceFinishWait+0x10>
    1c42:	cd b7       	in	r28, 0x3d	; 61
    1c44:	de b7       	in	r29, 0x3e	; 62
    1c46:	6b 01       	movw	r12, r22
    1c48:	7c 01       	movw	r14, r24
    MasterSampleResult result;
    uint8_t raw_level;
    uint8_t counter;

    if (Master_TimeReached(now, carwash.next_ir_ms) == 0U)
    1c4a:	20 91 0f 01 	lds	r18, 0x010F	; 0x80010f <carwash+0x5>
    1c4e:	30 91 10 01 	lds	r19, 0x0110	; 0x800110 <carwash+0x6>
    1c52:	40 91 11 01 	lds	r20, 0x0111	; 0x800111 <carwash+0x7>
    1c56:	50 91 12 01 	lds	r21, 0x0112	; 0x800112 <carwash+0x8>
    1c5a:	0e 94 a5 08 	call	0x114a	; 0x114a <Master_TimeReached>
    1c5e:	88 23       	and	r24, r24
    1c60:	f1 f1       	breq	.+124    	; 0x1cde <CarWash_ServiceFinishWait+0xac>
    {
        return;
    }
    carwash.next_ir_ms = now + CARWASH_IR_INTERVAL_MS;
    1c62:	84 e6       	ldi	r24, 0x64	; 100
    1c64:	c8 0e       	add	r12, r24
    1c66:	d1 1c       	adc	r13, r1
    1c68:	e1 1c       	adc	r14, r1
    1c6a:	f1 1c       	adc	r15, r1
    1c6c:	c0 92 0f 01 	sts	0x010F, r12	; 0x80010f <carwash+0x5>
    1c70:	d0 92 10 01 	sts	0x0110, r13	; 0x800110 <carwash+0x6>
    1c74:	e0 92 11 01 	sts	0x0111, r14	; 0x800111 <carwash+0x7>
    1c78:	f0 92 12 01 	sts	0x0112, r15	; 0x800112 <carwash+0x8>

    result = Master_GetInfrared(&raw_level, &counter);
    1c7c:	be 01       	movw	r22, r28
    1c7e:	6e 5f       	subi	r22, 0xFE	; 254
    1c80:	7f 4f       	sbci	r23, 0xFF	; 255
    1c82:	ce 01       	movw	r24, r28
    1c84:	01 96       	adiw	r24, 0x01	; 1
    1c86:	0e 94 60 0d 	call	0x1ac0	; 0x1ac0 <Master_GetInfrared>
    1c8a:	18 2f       	mov	r17, r24
    if (result == MASTER_SAMPLE_ERROR)
    1c8c:	81 11       	cpse	r24, r1
    1c8e:	07 c0       	rjmp	.+14     	; 0x1c9e <CarWash_ServiceFinishWait+0x6c>
    {
        CarWash_EnterError(Timebase_Millis(),
    1c90:	0e 94 09 18 	call	0x3012	; 0x3012 <Timebase_Millis>
    1c94:	43 ef       	ldi	r20, 0xF3	; 243
    1c96:	53 e0       	ldi	r21, 0x03	; 3
    1c98:	0e 94 ad 0b 	call	0x175a	; 0x175a <CarWash_EnterError>
                           PSTR("se perdio IR al finalizar"));
        return;
    1c9c:	20 c0       	rjmp	.+64     	; 0x1cde <CarWash_ServiceFinishWait+0xac>
    }

    if (Master_IsNewCounter(counter,
    1c9e:	46 e3       	ldi	r20, 0x36	; 54
    1ca0:	51 e0       	ldi	r21, 0x01	; 1
    1ca2:	64 e3       	ldi	r22, 0x34	; 52
    1ca4:	71 e0       	ldi	r23, 0x01	; 1
    1ca6:	8a 81       	ldd	r24, Y+2	; 0x02
    1ca8:	0e 94 b6 08 	call	0x116c	; 0x116c <Master_IsNewCounter>
    1cac:	88 23       	and	r24, r24
    1cae:	b9 f0       	breq	.+46     	; 0x1cde <CarWash_ServiceFinishWait+0xac>
                            &carwash.last_ir_counter) == 0U)
    {
        return;
    }

    if ((result == MASTER_SAMPLE_VALID) && (raw_level != 0U))
    1cb0:	12 30       	cpi	r17, 0x02	; 2
    1cb2:	59 f4       	brne	.+22     	; 0x1cca <CarWash_ServiceFinishWait+0x98>
    1cb4:	89 81       	ldd	r24, Y+1	; 0x01
    1cb6:	88 23       	and	r24, r24
    1cb8:	41 f0       	breq	.+16     	; 0x1cca <CarWash_ServiceFinishWait+0x98>
    {
        if (carwash.ir_free_count < CARWASH_IR_REQUIRED_SAMPLES)
    1cba:	80 91 39 01 	lds	r24, 0x0139	; 0x800139 <carwash+0x2f>
    1cbe:	85 30       	cpi	r24, 0x05	; 5
    1cc0:	30 f4       	brcc	.+12     	; 0x1cce <CarWash_ServiceFinishWait+0x9c>
        {
            carwash.ir_free_count++;
    1cc2:	8f 5f       	subi	r24, 0xFF	; 255
    1cc4:	80 93 39 01 	sts	0x0139, r24	; 0x800139 <carwash+0x2f>
    1cc8:	02 c0       	rjmp	.+4      	; 0x1cce <CarWash_ServiceFinishWait+0x9c>
        }
    }
    else
    {
        carwash.ir_free_count = 0U;
    1cca:	10 92 39 01 	sts	0x0139, r1	; 0x800139 <carwash+0x2f>
    }

    if (carwash.ir_free_count >= CARWASH_IR_REQUIRED_SAMPLES)
    1cce:	80 91 39 01 	lds	r24, 0x0139	; 0x800139 <carwash+0x2f>
    1cd2:	85 30       	cpi	r24, 0x05	; 5
    1cd4:	20 f0       	brcs	.+8      	; 0x1cde <CarWash_ServiceFinishWait+0xac>
    {
        CarWash_EnterIdle(Timebase_Millis());
    1cd6:	0e 94 09 18 	call	0x3012	; 0x3012 <Timebase_Millis>
    1cda:	0e 94 7e 0c 	call	0x18fc	; 0x18fc <CarWash_EnterIdle>
    }
}
    1cde:	0f 90       	pop	r0
    1ce0:	0f 90       	pop	r0
    1ce2:	df 91       	pop	r29
    1ce4:	cf 91       	pop	r28
    1ce6:	1f 91       	pop	r17
    1ce8:	ff 90       	pop	r15
    1cea:	ef 90       	pop	r14
    1cec:	df 90       	pop	r13
    1cee:	cf 90       	pop	r12
    1cf0:	08 95       	ret

00001cf2 <CarWash_ServiceErrorWaitClear>:
    UART_WriteString("Enlaces recuperados; esperando IR libre.\r\n");
}

// Espera que el IR quede libre tras un error.
static void CarWash_ServiceErrorWaitClear(uint32_t now)
{
    1cf2:	cf 92       	push	r12
    1cf4:	df 92       	push	r13
    1cf6:	ef 92       	push	r14
    1cf8:	ff 92       	push	r15
    1cfa:	cf 93       	push	r28
    1cfc:	6b 01       	movw	r12, r22
    1cfe:	7c 01       	movw	r14, r24
    uint8_t slave1_ok;
    uint8_t slave2_ok;

    if (Master_TimeReached(now, carwash.next_health_ms) != 0U)
    1d00:	20 91 23 01 	lds	r18, 0x0123	; 0x800123 <carwash+0x19>
    1d04:	30 91 24 01 	lds	r19, 0x0124	; 0x800124 <carwash+0x1a>
    1d08:	40 91 25 01 	lds	r20, 0x0125	; 0x800125 <carwash+0x1b>
    1d0c:	50 91 26 01 	lds	r21, 0x0126	; 0x800126 <carwash+0x1c>
    1d10:	0e 94 a5 08 	call	0x114a	; 0x114a <Master_TimeReached>
    1d14:	88 23       	and	r24, r24
    1d16:	01 f1       	breq	.+64     	; 0x1d58 <CarWash_ServiceErrorWaitClear+0x66>
    {
        carwash.next_health_ms = now + CARWASH_HEALTH_INTERVAL_MS;
    1d18:	d7 01       	movw	r26, r14
    1d1a:	c6 01       	movw	r24, r12
    1d1c:	8c 50       	subi	r24, 0x0C	; 12
    1d1e:	9e 4f       	sbci	r25, 0xFE	; 254
    1d20:	af 4f       	sbci	r26, 0xFF	; 255
    1d22:	bf 4f       	sbci	r27, 0xFF	; 255
    1d24:	80 93 23 01 	sts	0x0123, r24	; 0x800123 <carwash+0x19>
    1d28:	90 93 24 01 	sts	0x0124, r25	; 0x800124 <carwash+0x1a>
    1d2c:	a0 93 25 01 	sts	0x0125, r26	; 0x800125 <carwash+0x1b>
    1d30:	b0 93 26 01 	sts	0x0126, r27	; 0x800126 <carwash+0x1c>
        slave1_ok = Master_NodePing(SLAVE1_I2C_ADDRESS);
    1d34:	81 e1       	ldi	r24, 0x11	; 17
    1d36:	0e 94 d0 0a 	call	0x15a0	; 0x15a0 <Master_NodePing>
    1d3a:	c8 2f       	mov	r28, r24
        slave2_ok = Master_NodePing(SLAVE2_I2C_ADDRESS);
    1d3c:	82 e1       	ldi	r24, 0x12	; 18
    1d3e:	0e 94 d0 0a 	call	0x15a0	; 0x15a0 <Master_NodePing>
        if ((slave1_ok == 0U) || (slave2_ok == 0U))
    1d42:	cc 23       	and	r28, r28
    1d44:	11 f0       	breq	.+4      	; 0x1d4a <CarWash_ServiceErrorWaitClear+0x58>
    1d46:	81 11       	cpse	r24, r1
    1d48:	07 c0       	rjmp	.+14     	; 0x1d58 <CarWash_ServiceErrorWaitClear+0x66>
        {
            CarWash_EnterError(Timebase_Millis(),
    1d4a:	0e 94 09 18 	call	0x3012	; 0x3012 <Timebase_Millis>
    1d4e:	47 e8       	ldi	r20, 0x87	; 135
    1d50:	53 e0       	ldi	r21, 0x03	; 3
    1d52:	0e 94 ad 0b 	call	0x175a	; 0x175a <CarWash_EnterError>
                               PSTR("enlace perdido durante recuperacion"));
            return;
    1d56:	04 c0       	rjmp	.+8      	; 0x1d60 <CarWash_ServiceErrorWaitClear+0x6e>
        }
    }

    CarWash_ServiceFinishWait(now);
    1d58:	c7 01       	movw	r24, r14
    1d5a:	b6 01       	movw	r22, r12
    1d5c:	0e 94 19 0e 	call	0x1c32	; 0x1c32 <CarWash_ServiceFinishWait>
}
    1d60:	cf 91       	pop	r28
    1d62:	ff 90       	pop	r15
    1d64:	ef 90       	pop	r14
    1d66:	df 90       	pop	r13
    1d68:	cf 90       	pop	r12
    1d6a:	08 95       	ret

00001d6c <Master_GetHCSR04>:
}

// Solicita la muestra cruda del HC-SR04.
static MasterSampleResult Master_GetHCSR04(uint16_t *echo_us,
                                           uint8_t *counter)
{
    1d6c:	af 92       	push	r10
    1d6e:	bf 92       	push	r11
    1d70:	cf 92       	push	r12
    1d72:	df 92       	push	r13
    1d74:	ef 92       	push	r14
    1d76:	ff 92       	push	r15
    1d78:	0f 93       	push	r16
    1d7a:	1f 93       	push	r17
    1d7c:	cf 93       	push	r28
    1d7e:	df 93       	push	r29
    1d80:	cd b7       	in	r28, 0x3d	; 61
    1d82:	de b7       	in	r29, 0x3e	; 62
    1d84:	28 97       	sbiw	r28, 0x08	; 8
    1d86:	0f b6       	in	r0, 0x3f	; 63
    1d88:	f8 94       	cli
    1d8a:	de bf       	out	0x3e, r29	; 62
    1d8c:	0f be       	out	0x3f, r0	; 63
    1d8e:	cd bf       	out	0x3d, r28	; 61
    ProtocolResponse response;

    if ((echo_us == 0) || (counter == 0))
    1d90:	00 97       	sbiw	r24, 0x00	; 0
    1d92:	91 f1       	breq	.+100    	; 0x1df8 <Master_GetHCSR04+0x8c>
    1d94:	61 15       	cp	r22, r1
    1d96:	71 05       	cpc	r23, r1
    1d98:	89 f1       	breq	.+98     	; 0x1dfc <Master_GetHCSR04+0x90>
    1d9a:	5b 01       	movw	r10, r22
    1d9c:	6c 01       	movw	r12, r24
    {
        return MASTER_SAMPLE_ERROR;
    }

    if (Master_SendRequest(SLAVE1_I2C_ADDRESS,
    1d9e:	ce 01       	movw	r24, r28
    1da0:	01 96       	adiw	r24, 0x01	; 1
    1da2:	7c 01       	movw	r14, r24
    1da4:	00 e0       	ldi	r16, 0x00	; 0
    1da6:	10 e0       	ldi	r17, 0x00	; 0
    1da8:	20 e0       	ldi	r18, 0x00	; 0
    1daa:	41 e0       	ldi	r20, 0x01	; 1
    1dac:	62 e0       	ldi	r22, 0x02	; 2
    1dae:	81 e1       	ldi	r24, 0x11	; 17
    1db0:	0e 94 a3 0a 	call	0x1546	; 0x1546 <Master_SendRequest>
    1db4:	88 23       	and	r24, r24
    1db6:	21 f1       	breq	.+72     	; 0x1e00 <Master_GetHCSR04+0x94>
                           &response) == 0U)
    {
        return MASTER_SAMPLE_ERROR;
    }

    *echo_us = ((uint16_t)response.data[1] << 8U) |
    1db8:	8e 81       	ldd	r24, Y+6	; 0x06
    1dba:	90 e0       	ldi	r25, 0x00	; 0
    1dbc:	98 2f       	mov	r25, r24
    1dbe:	88 27       	eor	r24, r24
               (uint16_t)response.data[2];
    1dc0:	2f 81       	ldd	r18, Y+7	; 0x07
                           &response) == 0U)
    {
        return MASTER_SAMPLE_ERROR;
    }

    *echo_us = ((uint16_t)response.data[1] << 8U) |
    1dc2:	82 2b       	or	r24, r18
    1dc4:	d6 01       	movw	r26, r12
    1dc6:	11 96       	adiw	r26, 0x01	; 1
    1dc8:	9c 93       	st	X, r25
    1dca:	8e 93       	st	-X, r24
               (uint16_t)response.data[2];
    *counter = response.data[3];
    1dcc:	98 85       	ldd	r25, Y+8	; 0x08
    1dce:	f5 01       	movw	r30, r10
    1dd0:	90 83       	st	Z, r25

    if (response.status == (uint8_t)NO_SAMPLE)
    1dd2:	8b 81       	ldd	r24, Y+3	; 0x03
    1dd4:	87 30       	cpi	r24, 0x07	; 7
    1dd6:	b1 f0       	breq	.+44     	; 0x1e04 <Master_GetHCSR04+0x98>
    {
        return MASTER_SAMPLE_NO_SAMPLE;
    }

    if ((response.status != (uint8_t)OK) ||
    1dd8:	81 11       	cpse	r24, r1
    1dda:	16 c0       	rjmp	.+44     	; 0x1e08 <Master_GetHCSR04+0x9c>
        (response.data[0] == 0U))
    1ddc:	8d 81       	ldd	r24, Y+5	; 0x05
    if (response.status == (uint8_t)NO_SAMPLE)
    {
        return MASTER_SAMPLE_NO_SAMPLE;
    }

    if ((response.status != (uint8_t)OK) ||
    1dde:	88 23       	and	r24, r24
    1de0:	a9 f0       	breq	.+42     	; 0x1e0c <Master_GetHCSR04+0xa0>
        (response.data[0] == 0U))
    {
        return MASTER_SAMPLE_ERROR;
    }

    last_hcsr04_sample.available = 1U;
    1de2:	ee e3       	ldi	r30, 0x3E	; 62
    1de4:	f1 e0       	ldi	r31, 0x01	; 1
    1de6:	81 e0       	ldi	r24, 0x01	; 1
    1de8:	80 83       	st	Z, r24
    last_hcsr04_sample.echo_us = *echo_us;
    1dea:	2d 91       	ld	r18, X+
    1dec:	3c 91       	ld	r19, X
    1dee:	32 83       	std	Z+2, r19	; 0x02
    1df0:	21 83       	std	Z+1, r18	; 0x01
    last_hcsr04_sample.counter = *counter;
    1df2:	93 83       	std	Z+3, r25	; 0x03
    return MASTER_SAMPLE_VALID;
    1df4:	82 e0       	ldi	r24, 0x02	; 2
    1df6:	0b c0       	rjmp	.+22     	; 0x1e0e <Master_GetHCSR04+0xa2>
{
    ProtocolResponse response;

    if ((echo_us == 0) || (counter == 0))
    {
        return MASTER_SAMPLE_ERROR;
    1df8:	80 e0       	ldi	r24, 0x00	; 0
    1dfa:	09 c0       	rjmp	.+18     	; 0x1e0e <Master_GetHCSR04+0xa2>
    1dfc:	80 e0       	ldi	r24, 0x00	; 0
    1dfe:	07 c0       	rjmp	.+14     	; 0x1e0e <Master_GetHCSR04+0xa2>
                           (uint8_t)HCSR04,
                           0U,
                           0,
                           &response) == 0U)
    {
        return MASTER_SAMPLE_ERROR;
    1e00:	80 e0       	ldi	r24, 0x00	; 0
    1e02:	05 c0       	rjmp	.+10     	; 0x1e0e <Master_GetHCSR04+0xa2>
               (uint16_t)response.data[2];
    *counter = response.data[3];

    if (response.status == (uint8_t)NO_SAMPLE)
    {
        return MASTER_SAMPLE_NO_SAMPLE;
    1e04:	81 e0       	ldi	r24, 0x01	; 1
    1e06:	03 c0       	rjmp	.+6      	; 0x1e0e <Master_GetHCSR04+0xa2>
    }

    if ((response.status != (uint8_t)OK) ||
        (response.data[0] == 0U))
    {
        return MASTER_SAMPLE_ERROR;
    1e08:	80 e0       	ldi	r24, 0x00	; 0
    1e0a:	01 c0       	rjmp	.+2      	; 0x1e0e <Master_GetHCSR04+0xa2>
    1e0c:	80 e0       	ldi	r24, 0x00	; 0

    last_hcsr04_sample.available = 1U;
    last_hcsr04_sample.echo_us = *echo_us;
    last_hcsr04_sample.counter = *counter;
    return MASTER_SAMPLE_VALID;
}
    1e0e:	28 96       	adiw	r28, 0x08	; 8
    1e10:	0f b6       	in	r0, 0x3f	; 63
    1e12:	f8 94       	cli
    1e14:	de bf       	out	0x3e, r29	; 62
    1e16:	0f be       	out	0x3f, r0	; 63
    1e18:	cd bf       	out	0x3d, r28	; 61
    1e1a:	df 91       	pop	r29
    1e1c:	cf 91       	pop	r28
    1e1e:	1f 91       	pop	r17
    1e20:	0f 91       	pop	r16
    1e22:	ff 90       	pop	r15
    1e24:	ef 90       	pop	r14
    1e26:	df 90       	pop	r13
    1e28:	cf 90       	pop	r12
    1e2a:	bf 90       	pop	r11
    1e2c:	af 90       	pop	r10
    1e2e:	08 95       	ret

00001e30 <CarWash_ServiceHCSR04>:
    }
}

// Controla el agua segun el HC-SR04.
static void CarWash_ServiceHCSR04(uint32_t now)
{
    1e30:	cf 92       	push	r12
    1e32:	df 92       	push	r13
    1e34:	ef 92       	push	r14
    1e36:	ff 92       	push	r15
    1e38:	1f 93       	push	r17
    1e3a:	cf 93       	push	r28
    1e3c:	df 93       	push	r29
    1e3e:	00 d0       	rcall	.+0      	; 0x1e40 <CarWash_ServiceHCSR04+0x10>
    1e40:	1f 92       	push	r1
    1e42:	cd b7       	in	r28, 0x3d	; 61
    1e44:	de b7       	in	r29, 0x3e	; 62
    1e46:	6b 01       	movw	r12, r22
    1e48:	7c 01       	movw	r14, r24
    MasterSampleResult result;
    uint16_t echo_us;
    uint16_t distance_mm;
    uint8_t counter;

    if (Master_TimeReached(now, carwash.next_hcsr04_ms) == 0U)
    1e4a:	20 91 13 01 	lds	r18, 0x0113	; 0x800113 <carwash+0x9>
    1e4e:	30 91 14 01 	lds	r19, 0x0114	; 0x800114 <carwash+0xa>
    1e52:	40 91 15 01 	lds	r20, 0x0115	; 0x800115 <carwash+0xb>
    1e56:	50 91 16 01 	lds	r21, 0x0116	; 0x800116 <carwash+0xc>
    1e5a:	0e 94 a5 08 	call	0x114a	; 0x114a <Master_TimeReached>
    1e5e:	88 23       	and	r24, r24
    1e60:	09 f4       	brne	.+2      	; 0x1e64 <CarWash_ServiceHCSR04+0x34>
    1e62:	75 c0       	rjmp	.+234    	; 0x1f4e <CarWash_ServiceHCSR04+0x11e>
    {
        return;
    }
    carwash.next_hcsr04_ms = now + CARWASH_HCSR04_INTERVAL_MS;
    1e64:	84 e6       	ldi	r24, 0x64	; 100
    1e66:	c8 0e       	add	r12, r24
    1e68:	d1 1c       	adc	r13, r1
    1e6a:	e1 1c       	adc	r14, r1
    1e6c:	f1 1c       	adc	r15, r1
    1e6e:	c0 92 13 01 	sts	0x0113, r12	; 0x800113 <carwash+0x9>
    1e72:	d0 92 14 01 	sts	0x0114, r13	; 0x800114 <carwash+0xa>
    1e76:	e0 92 15 01 	sts	0x0115, r14	; 0x800115 <carwash+0xb>
    1e7a:	f0 92 16 01 	sts	0x0116, r15	; 0x800116 <carwash+0xc>

    result = Master_GetHCSR04(&echo_us, &counter);
    1e7e:	be 01       	movw	r22, r28
    1e80:	6d 5f       	subi	r22, 0xFD	; 253
    1e82:	7f 4f       	sbci	r23, 0xFF	; 255
    1e84:	ce 01       	movw	r24, r28
    1e86:	01 96       	adiw	r24, 0x01	; 1
    1e88:	0e 94 b6 0e 	call	0x1d6c	; 0x1d6c <Master_GetHCSR04>
    1e8c:	18 2f       	mov	r17, r24
    if (result == MASTER_SAMPLE_ERROR)
    1e8e:	81 11       	cpse	r24, r1
    1e90:	07 c0       	rjmp	.+14     	; 0x1ea0 <CarWash_ServiceHCSR04+0x70>
    {
        CarWash_EnterError(Timebase_Millis(),
    1e92:	0e 94 09 18 	call	0x3012	; 0x3012 <Timebase_Millis>
    1e96:	4b ed       	ldi	r20, 0xDB	; 219
    1e98:	54 e0       	ldi	r21, 0x04	; 4
    1e9a:	0e 94 ad 0b 	call	0x175a	; 0x175a <CarWash_EnterError>
                           PSTR("respuesta HC-SR04 invalida"));
        return;
    1e9e:	57 c0       	rjmp	.+174    	; 0x1f4e <CarWash_ServiceHCSR04+0x11e>
    }

    if (Master_IsNewCounter(counter,
    1ea0:	47 e3       	ldi	r20, 0x37	; 55
    1ea2:	51 e0       	ldi	r21, 0x01	; 1
    1ea4:	65 e3       	ldi	r22, 0x35	; 53
    1ea6:	71 e0       	ldi	r23, 0x01	; 1
    1ea8:	8b 81       	ldd	r24, Y+3	; 0x03
    1eaa:	0e 94 b6 08 	call	0x116c	; 0x116c <Master_IsNewCounter>
    1eae:	88 23       	and	r24, r24
    1eb0:	09 f4       	brne	.+2      	; 0x1eb4 <CarWash_ServiceHCSR04+0x84>
    1eb2:	4d c0       	rjmp	.+154    	; 0x1f4e <CarWash_ServiceHCSR04+0x11e>
    {
        return;
    }

    // Una medicion perdida obliga a cerrar agua y buscar nueva referencia.
    if (result == MASTER_SAMPLE_NO_SAMPLE)
    1eb4:	11 30       	cpi	r17, 0x01	; 1
    1eb6:	d1 f4       	brne	.+52     	; 0x1eec <CarWash_ServiceHCSR04+0xbc>
    {
        if (carwash.state == CARWASH_SOAP_WATER)
    1eb8:	80 91 0a 01 	lds	r24, 0x010A	; 0x80010a <carwash>
    1ebc:	85 30       	cpi	r24, 0x05	; 5
    1ebe:	09 f0       	breq	.+2      	; 0x1ec2 <CarWash_ServiceHCSR04+0x92>
    1ec0:	46 c0       	rjmp	.+140    	; 0x1f4e <CarWash_ServiceHCSR04+0x11e>
        {
            if (Master_SetServo(SLAVE1_I2C_ADDRESS,
    1ec2:	40 e0       	ldi	r20, 0x00	; 0
    1ec4:	63 e0       	ldi	r22, 0x03	; 3
    1ec6:	81 e1       	ldi	r24, 0x11	; 17
    1ec8:	0e 94 23 0b 	call	0x1646	; 0x1646 <Master_SetServo>
    1ecc:	81 11       	cpse	r24, r1
    1ece:	07 c0       	rjmp	.+14     	; 0x1ede <CarWash_ServiceHCSR04+0xae>
                                (uint8_t)SERVO_WATER,
                                CARWASH_WATER_CLOSED_ANGLE) == 0U)
            {
                CarWash_EnterError(Timebase_Millis(),
    1ed0:	0e 94 09 18 	call	0x3012	; 0x3012 <Timebase_Millis>
    1ed4:	4e eb       	ldi	r20, 0xBE	; 190
    1ed6:	54 e0       	ldi	r21, 0x04	; 4
    1ed8:	0e 94 ad 0b 	call	0x175a	; 0x175a <CarWash_EnterError>
                                   PSTR("agua no cerro tras NO_SAMPLE"));
                return;
    1edc:	38 c0       	rjmp	.+112    	; 0x1f4e <CarWash_ServiceHCSR04+0x11e>
            }
            carwash.state = CARWASH_SOAP_REFERENCE;
    1ede:	ea e0       	ldi	r30, 0x0A	; 10
    1ee0:	f1 e0       	ldi	r31, 0x01	; 1
    1ee2:	84 e0       	ldi	r24, 0x04	; 4
    1ee4:	80 83       	st	Z, r24
            carwash.soap_reference_mm = 0U;
    1ee6:	16 a2       	std	Z+38, r1	; 0x26
    1ee8:	15 a2       	std	Z+37, r1	; 0x25
    1eea:	31 c0       	rjmp	.+98     	; 0x1f4e <CarWash_ServiceHCSR04+0x11e>
        }
        return;
    }

    distance_mm = Master_HCSR04EchoToMillimeters(echo_us);
    1eec:	89 81       	ldd	r24, Y+1	; 0x01
    1eee:	9a 81       	ldd	r25, Y+2	; 0x02
    1ef0:	0e 94 c7 08 	call	0x118e	; 0x118e <Master_HCSR04EchoToMillimeters>
    // La primera distancia valida se guarda antes de abrir el servo de agua.
    if (carwash.state == CARWASH_SOAP_REFERENCE)
    1ef4:	20 91 0a 01 	lds	r18, 0x010A	; 0x80010a <carwash>
    1ef8:	24 30       	cpi	r18, 0x04	; 4
    1efa:	b1 f4       	brne	.+44     	; 0x1f28 <CarWash_ServiceHCSR04+0xf8>
    {
        carwash.soap_reference_mm = distance_mm;
    1efc:	90 93 30 01 	sts	0x0130, r25	; 0x800130 <carwash+0x26>
    1f00:	80 93 2f 01 	sts	0x012F, r24	; 0x80012f <carwash+0x25>
        if (Master_SetServo(SLAVE1_I2C_ADDRESS,
    1f04:	4a e5       	ldi	r20, 0x5A	; 90
    1f06:	63 e0       	ldi	r22, 0x03	; 3
    1f08:	81 e1       	ldi	r24, 0x11	; 17
    1f0a:	0e 94 23 0b 	call	0x1646	; 0x1646 <Master_SetServo>
    1f0e:	81 11       	cpse	r24, r1
    1f10:	07 c0       	rjmp	.+14     	; 0x1f20 <CarWash_ServiceHCSR04+0xf0>
                            (uint8_t)SERVO_WATER,
                            CARWASH_WATER_OPEN_ANGLE) == 0U)
        {
            CarWash_EnterError(Timebase_Millis(),
    1f12:	0e 94 09 18 	call	0x3012	; 0x3012 <Timebase_Millis>
    1f16:	40 eb       	ldi	r20, 0xB0	; 176
    1f18:	54 e0       	ldi	r21, 0x04	; 4
    1f1a:	0e 94 ad 0b 	call	0x175a	; 0x175a <CarWash_EnterError>
                               PSTR("agua no abrio"));
            return;
    1f1e:	17 c0       	rjmp	.+46     	; 0x1f4e <CarWash_ServiceHCSR04+0x11e>
        }
        carwash.state = CARWASH_SOAP_WATER;
    1f20:	85 e0       	ldi	r24, 0x05	; 5
    1f22:	80 93 0a 01 	sts	0x010A, r24	; 0x80010a <carwash>
    1f26:	13 c0       	rjmp	.+38     	; 0x1f4e <CarWash_ServiceHCSR04+0x11e>
    }
    // Un aumento de 20 mm cierra el agua y reinicia el transporte.
    else if ((uint32_t)distance_mm >=
    1f28:	a0 e0       	ldi	r26, 0x00	; 0
    1f2a:	b0 e0       	ldi	r27, 0x00	; 0
             ((uint32_t)carwash.soap_reference_mm + 20UL))
    1f2c:	40 91 2f 01 	lds	r20, 0x012F	; 0x80012f <carwash+0x25>
    1f30:	50 91 30 01 	lds	r21, 0x0130	; 0x800130 <carwash+0x26>
    1f34:	60 e0       	ldi	r22, 0x00	; 0
    1f36:	70 e0       	ldi	r23, 0x00	; 0
    1f38:	4c 5e       	subi	r20, 0xEC	; 236
    1f3a:	5f 4f       	sbci	r21, 0xFF	; 255
    1f3c:	6f 4f       	sbci	r22, 0xFF	; 255
    1f3e:	7f 4f       	sbci	r23, 0xFF	; 255
            return;
        }
        carwash.state = CARWASH_SOAP_WATER;
    }
    // Un aumento de 20 mm cierra el agua y reinicia el transporte.
    else if ((uint32_t)distance_mm >=
    1f40:	84 17       	cp	r24, r20
    1f42:	95 07       	cpc	r25, r21
    1f44:	a6 07       	cpc	r26, r22
    1f46:	b7 07       	cpc	r27, r23
    1f48:	10 f0       	brcs	.+4      	; 0x1f4e <CarWash_ServiceHCSR04+0x11e>
             ((uint32_t)carwash.soap_reference_mm + 20UL))
    {
        CarWash_CompleteSoap();
    1f4a:	0e 94 50 0c 	call	0x18a0	; 0x18a0 <CarWash_CompleteSoap>
    }
}
    1f4e:	0f 90       	pop	r0
    1f50:	0f 90       	pop	r0
    1f52:	0f 90       	pop	r0
    1f54:	df 91       	pop	r29
    1f56:	cf 91       	pop	r28
    1f58:	1f 91       	pop	r17
    1f5a:	ff 90       	pop	r15
    1f5c:	ef 90       	pop	r14
    1f5e:	df 90       	pop	r13
    1f60:	cf 90       	pop	r12
    1f62:	08 95       	ret

00001f64 <Master_PrintActuatorReportStep>:
    UART_WriteString("\r\nActuadores:\r\n");
}

// Consulta actuadores por pasos sin bloquear el ciclo.
static void Master_PrintActuatorReportStep(void)
{
    1f64:	df 92       	push	r13
    1f66:	ef 92       	push	r14
    1f68:	ff 92       	push	r15
    1f6a:	0f 93       	push	r16
    1f6c:	1f 93       	push	r17
    1f6e:	cf 93       	push	r28
    1f70:	df 93       	push	r29
    1f72:	cd b7       	in	r28, 0x3d	; 61
    1f74:	de b7       	in	r29, 0x3e	; 62
    1f76:	28 97       	sbiw	r28, 0x08	; 8
    1f78:	0f b6       	in	r0, 0x3f	; 63
    1f7a:	f8 94       	cli
    1f7c:	de bf       	out	0x3e, r29	; 62
    1f7e:	0f be       	out	0x3f, r0	; 63
    1f80:	cd bf       	out	0x3d, r28	; 61
    ProtocolResponse response;
    uint8_t address;
    uint8_t device;
    uint8_t exchanged;

    if (status_report_step == 0U)
    1f82:	80 91 09 01 	lds	r24, 0x0109	; 0x800109 <status_report_step>
    1f86:	88 23       	and	r24, r24
    1f88:	09 f4       	brne	.+2      	; 0x1f8c <Master_PrintActuatorReportStep+0x28>
    1f8a:	98 c0       	rjmp	.+304    	; 0x20bc <Master_PrintActuatorReportStep+0x158>
    {
        return;
    }

    if (status_report_step == 1U)
    1f8c:	81 30       	cpi	r24, 0x01	; 1
    1f8e:	51 f4       	brne	.+20     	; 0x1fa4 <Master_PrintActuatorReportStep+0x40>
    {
        address = SLAVE1_I2C_ADDRESS;
        device = (uint8_t)SERVO_WATER;
        UART_WriteString("  Agua: ");
    1f90:	8a e6       	ldi	r24, 0x6A	; 106
    1f92:	91 e0       	ldi	r25, 0x01	; 1
    1f94:	0e 94 02 08 	call	0x1004	; 0x1004 <UART_WriteFlashString>
    }

    if (status_report_step == 1U)
    {
        address = SLAVE1_I2C_ADDRESS;
        device = (uint8_t)SERVO_WATER;
    1f98:	0f 2e       	mov	r0, r31
    1f9a:	f3 e0       	ldi	r31, 0x03	; 3
    1f9c:	df 2e       	mov	r13, r31
    1f9e:	f0 2d       	mov	r31, r0
        return;
    }

    if (status_report_step == 1U)
    {
        address = SLAVE1_I2C_ADDRESS;
    1fa0:	81 e1       	ldi	r24, 0x11	; 17
    1fa2:	20 c0       	rjmp	.+64     	; 0x1fe4 <Master_PrintActuatorReportStep+0x80>
        device = (uint8_t)SERVO_WATER;
        UART_WriteString("  Agua: ");
    }
    else if (status_report_step == 2U)
    1fa4:	82 30       	cpi	r24, 0x02	; 2
    1fa6:	49 f4       	brne	.+18     	; 0x1fba <Master_PrintActuatorReportStep+0x56>
    {
        address = SLAVE2_I2C_ADDRESS;
        device = (uint8_t)SERVO_DOOR;
        UART_WriteString("  Puerta: ");
    1fa8:	8f e5       	ldi	r24, 0x5F	; 95
    1faa:	91 e0       	ldi	r25, 0x01	; 1
    1fac:	0e 94 02 08 	call	0x1004	; 0x1004 <UART_WriteFlashString>
        UART_WriteString("  Agua: ");
    }
    else if (status_report_step == 2U)
    {
        address = SLAVE2_I2C_ADDRESS;
        device = (uint8_t)SERVO_DOOR;
    1fb0:	68 94       	set
    1fb2:	dd 24       	eor	r13, r13
    1fb4:	d2 f8       	bld	r13, 2
        device = (uint8_t)SERVO_WATER;
        UART_WriteString("  Agua: ");
    }
    else if (status_report_step == 2U)
    {
        address = SLAVE2_I2C_ADDRESS;
    1fb6:	82 e1       	ldi	r24, 0x12	; 18
    1fb8:	15 c0       	rjmp	.+42     	; 0x1fe4 <Master_PrintActuatorReportStep+0x80>
        device = (uint8_t)SERVO_DOOR;
        UART_WriteString("  Puerta: ");
    }
    else if (status_report_step == 3U)
    1fba:	83 30       	cpi	r24, 0x03	; 3
    1fbc:	51 f4       	brne	.+20     	; 0x1fd2 <Master_PrintActuatorReportStep+0x6e>
    {
        address = SLAVE1_I2C_ADDRESS;
        device = (uint8_t)DC_MOTOR;
        UART_WriteString("  DC/L298N: ");
    1fbe:	82 e5       	ldi	r24, 0x52	; 82
    1fc0:	91 e0       	ldi	r25, 0x01	; 1
    1fc2:	0e 94 02 08 	call	0x1004	; 0x1004 <UART_WriteFlashString>
        UART_WriteString("  Puerta: ");
    }
    else if (status_report_step == 3U)
    {
        address = SLAVE1_I2C_ADDRESS;
        device = (uint8_t)DC_MOTOR;
    1fc6:	0f 2e       	mov	r0, r31
    1fc8:	f5 e0       	ldi	r31, 0x05	; 5
    1fca:	df 2e       	mov	r13, r31
    1fcc:	f0 2d       	mov	r31, r0
        device = (uint8_t)SERVO_DOOR;
        UART_WriteString("  Puerta: ");
    }
    else if (status_report_step == 3U)
    {
        address = SLAVE1_I2C_ADDRESS;
    1fce:	81 e1       	ldi	r24, 0x11	; 17
    1fd0:	09 c0       	rjmp	.+18     	; 0x1fe4 <Master_PrintActuatorReportStep+0x80>
    }
    else
    {
        address = SLAVE2_I2C_ADDRESS;
        device = (uint8_t)STEPPER;
        UART_WriteString("  Stepper: ");
    1fd2:	86 e4       	ldi	r24, 0x46	; 70
    1fd4:	91 e0       	ldi	r25, 0x01	; 1
    1fd6:	0e 94 02 08 	call	0x1004	; 0x1004 <UART_WriteFlashString>
        UART_WriteString("  DC/L298N: ");
    }
    else
    {
        address = SLAVE2_I2C_ADDRESS;
        device = (uint8_t)STEPPER;
    1fda:	0f 2e       	mov	r0, r31
    1fdc:	f6 e0       	ldi	r31, 0x06	; 6
    1fde:	df 2e       	mov	r13, r31
    1fe0:	f0 2d       	mov	r31, r0
        device = (uint8_t)DC_MOTOR;
        UART_WriteString("  DC/L298N: ");
    }
    else
    {
        address = SLAVE2_I2C_ADDRESS;
    1fe2:	82 e1       	ldi	r24, 0x12	; 18
        device = (uint8_t)STEPPER;
        UART_WriteString("  Stepper: ");
    }

    exchanged = Master_SendRequest(address,
    1fe4:	9e 01       	movw	r18, r28
    1fe6:	2f 5f       	subi	r18, 0xFF	; 255
    1fe8:	3f 4f       	sbci	r19, 0xFF	; 255
    1fea:	79 01       	movw	r14, r18
    1fec:	00 e0       	ldi	r16, 0x00	; 0
    1fee:	10 e0       	ldi	r17, 0x00	; 0
    1ff0:	20 e0       	ldi	r18, 0x00	; 0
    1ff2:	4d 2d       	mov	r20, r13
    1ff4:	61 e0       	ldi	r22, 0x01	; 1
    1ff6:	0e 94 a3 0a 	call	0x1546	; 0x1546 <Master_SendRequest>
                                   device,
                                   0U,
                                   0,
                                   &response);

    if ((exchanged == 0U) || (response.status != (uint8_t)OK))
    1ffa:	88 23       	and	r24, r24
    1ffc:	19 f0       	breq	.+6      	; 0x2004 <Master_PrintActuatorReportStep+0xa0>
    1ffe:	8b 81       	ldd	r24, Y+3	; 0x03
    2000:	88 23       	and	r24, r24
    2002:	29 f0       	breq	.+10     	; 0x200e <Master_PrintActuatorReportStep+0xaa>
    {
        UART_WriteString("no disponible\r\n");
    2004:	86 e3       	ldi	r24, 0x36	; 54
    2006:	91 e0       	ldi	r25, 0x01	; 1
    2008:	0e 94 02 08 	call	0x1004	; 0x1004 <UART_WriteFlashString>
    200c:	4d c0       	rjmp	.+154    	; 0x20a8 <Master_PrintActuatorReportStep+0x144>
    }
    else if ((device == (uint8_t)SERVO_WATER) ||
    200e:	8d ef       	ldi	r24, 0xFD	; 253
    2010:	8d 0d       	add	r24, r13
    2012:	82 30       	cpi	r24, 0x02	; 2
    2014:	48 f4       	brcc	.+18     	; 0x2028 <Master_PrintActuatorReportStep+0xc4>
             (device == (uint8_t)SERVO_DOOR))
    {
        UART_WriteUInt16(response.data[0]);
    2016:	8d 81       	ldd	r24, Y+5	; 0x05
    2018:	90 e0       	ldi	r25, 0x00	; 0
    201a:	0e 94 1b 08 	call	0x1036	; 0x1036 <UART_WriteUInt16>
        UART_WriteString(" deg\r\n");
    201e:	8f e2       	ldi	r24, 0x2F	; 47
    2020:	91 e0       	ldi	r25, 0x01	; 1
    2022:	0e 94 02 08 	call	0x1004	; 0x1004 <UART_WriteFlashString>
    2026:	40 c0       	rjmp	.+128    	; 0x20a8 <Master_PrintActuatorReportStep+0x144>
    }
    else if (device == (uint8_t)DC_MOTOR)
    2028:	35 e0       	ldi	r19, 0x05	; 5
    202a:	d3 12       	cpse	r13, r19
    202c:	1d c0       	rjmp	.+58     	; 0x2068 <Master_PrintActuatorReportStep+0x104>
    {
        UART_WriteString("dir ");
    202e:	8a e2       	ldi	r24, 0x2A	; 42
    2030:	91 e0       	ldi	r25, 0x01	; 1
    2032:	0e 94 02 08 	call	0x1004	; 0x1004 <UART_WriteFlashString>
        UART_WriteUInt16(response.data[0]);
    2036:	8d 81       	ldd	r24, Y+5	; 0x05
    2038:	90 e0       	ldi	r25, 0x00	; 0
    203a:	0e 94 1b 08 	call	0x1036	; 0x1036 <UART_WriteUInt16>
        UART_WriteString(", pwm ");
    203e:	83 e2       	ldi	r24, 0x23	; 35
    2040:	91 e0       	ldi	r25, 0x01	; 1
    2042:	0e 94 02 08 	call	0x1004	; 0x1004 <UART_WriteFlashString>
        UART_WriteUInt16(response.data[1]);
    2046:	8e 81       	ldd	r24, Y+6	; 0x06
    2048:	90 e0       	ldi	r25, 0x00	; 0
    204a:	0e 94 1b 08 	call	0x1036	; 0x1036 <UART_WriteUInt16>
        UART_WriteString(", ENA ");
    204e:	8c e1       	ldi	r24, 0x1C	; 28
    2050:	91 e0       	ldi	r25, 0x01	; 1
    2052:	0e 94 02 08 	call	0x1004	; 0x1004 <UART_WriteFlashString>
        UART_WriteUInt16(response.data[2]);
    2056:	8f 81       	ldd	r24, Y+7	; 0x07
    2058:	90 e0       	ldi	r25, 0x00	; 0
    205a:	0e 94 1b 08 	call	0x1036	; 0x1036 <UART_WriteUInt16>
        UART_WriteString("\r\n");
    205e:	89 e1       	ldi	r24, 0x19	; 25
    2060:	91 e0       	ldi	r25, 0x01	; 1
    2062:	0e 94 02 08 	call	0x1004	; 0x1004 <UART_WriteFlashString>
    2066:	20 c0       	rjmp	.+64     	; 0x20a8 <Master_PrintActuatorReportStep+0x144>
    }
    else
    {
        UART_WriteString("run ");
    2068:	84 e1       	ldi	r24, 0x14	; 20
    206a:	91 e0       	ldi	r25, 0x01	; 1
    206c:	0e 94 02 08 	call	0x1004	; 0x1004 <UART_WriteFlashString>
        UART_WriteUInt16(response.data[0]);
    2070:	8d 81       	ldd	r24, Y+5	; 0x05
    2072:	90 e0       	ldi	r25, 0x00	; 0
    2074:	0e 94 1b 08 	call	0x1036	; 0x1036 <UART_WriteUInt16>
        UART_WriteString(", dir ");
    2078:	8d e0       	ldi	r24, 0x0D	; 13
    207a:	91 e0       	ldi	r25, 0x01	; 1
    207c:	0e 94 02 08 	call	0x1004	; 0x1004 <UART_WriteFlashString>
        UART_WriteUInt16(response.data[1]);
    2080:	8e 81       	ldd	r24, Y+6	; 0x06
    2082:	90 e0       	ldi	r25, 0x00	; 0
    2084:	0e 94 1b 08 	call	0x1036	; 0x1036 <UART_WriteUInt16>
        UART_WriteString(", rem ");
    2088:	86 e0       	ldi	r24, 0x06	; 6
    208a:	91 e0       	ldi	r25, 0x01	; 1
    208c:	0e 94 02 08 	call	0x1004	; 0x1004 <UART_WriteFlashString>
        UART_WriteUInt16(((uint16_t)response.data[2] << 8U) |
    2090:	8f 81       	ldd	r24, Y+7	; 0x07
    2092:	90 e0       	ldi	r25, 0x00	; 0
    2094:	98 2f       	mov	r25, r24
    2096:	88 27       	eor	r24, r24
                         (uint16_t)response.data[3]);
    2098:	28 85       	ldd	r18, Y+8	; 0x08
        UART_WriteString("run ");
        UART_WriteUInt16(response.data[0]);
        UART_WriteString(", dir ");
        UART_WriteUInt16(response.data[1]);
        UART_WriteString(", rem ");
        UART_WriteUInt16(((uint16_t)response.data[2] << 8U) |
    209a:	82 2b       	or	r24, r18
    209c:	0e 94 1b 08 	call	0x1036	; 0x1036 <UART_WriteUInt16>
                         (uint16_t)response.data[3]);
        UART_WriteString("\r\n");
    20a0:	83 e0       	ldi	r24, 0x03	; 3
    20a2:	91 e0       	ldi	r25, 0x01	; 1
    20a4:	0e 94 02 08 	call	0x1004	; 0x1004 <UART_WriteFlashString>
    }

    if (status_report_step >= 4U)
    20a8:	80 91 09 01 	lds	r24, 0x0109	; 0x800109 <status_report_step>
    20ac:	84 30       	cpi	r24, 0x04	; 4
    20ae:	18 f0       	brcs	.+6      	; 0x20b6 <Master_PrintActuatorReportStep+0x152>
    {
        status_report_step = 0U;
    20b0:	10 92 09 01 	sts	0x0109, r1	; 0x800109 <status_report_step>
    20b4:	03 c0       	rjmp	.+6      	; 0x20bc <Master_PrintActuatorReportStep+0x158>
    }
    else
    {
        status_report_step++;
    20b6:	8f 5f       	subi	r24, 0xFF	; 255
    20b8:	80 93 09 01 	sts	0x0109, r24	; 0x800109 <status_report_step>
    }
}
    20bc:	28 96       	adiw	r28, 0x08	; 8
    20be:	0f b6       	in	r0, 0x3f	; 63
    20c0:	f8 94       	cli
    20c2:	de bf       	out	0x3e, r29	; 62
    20c4:	0f be       	out	0x3f, r0	; 63
    20c6:	cd bf       	out	0x3d, r28	; 61
    20c8:	df 91       	pop	r29
    20ca:	cf 91       	pop	r28
    20cc:	1f 91       	pop	r17
    20ce:	0f 91       	pop	r16
    20d0:	ff 90       	pop	r15
    20d2:	ef 90       	pop	r14
    20d4:	df 90       	pop	r13
    20d6:	08 95       	ret

000020d8 <Master_InitializeVL53L0X>:
    carwash.vl_pending = 0U;
}

// Enciende e inicializa el VL53L0X.
static uint8_t Master_InitializeVL53L0X(uint32_t now)
{
    20d8:	cf 92       	push	r12
    20da:	df 92       	push	r13
    20dc:	ef 92       	push	r14
    20de:	ff 92       	push	r15
    20e0:	6b 01       	movw	r12, r22
    20e2:	7c 01       	movw	r14, r24
    if (VL53L0X_Init(&vl53l0x_sensor) != VL53L0X_OK)
    20e4:	82 e4       	ldi	r24, 0x42	; 66
    20e6:	91 e0       	ldi	r25, 0x01	; 1
    20e8:	0e 94 16 1e 	call	0x3c2c	; 0x3c2c <VL53L0X_Init>
    20ec:	88 23       	and	r24, r24
    20ee:	21 f0       	breq	.+8      	; 0x20f8 <Master_InitializeVL53L0X+0x20>
    {
        Master_ShutdownVL53L0X();
    20f0:	0e 94 01 0a 	call	0x1402	; 0x1402 <Master_ShutdownVL53L0X>
        return 0U;
    20f4:	80 e0       	ldi	r24, 0x00	; 0
    20f6:	0d c0       	rjmp	.+26     	; 0x2112 <Master_InitializeVL53L0X+0x3a>
    }

    carwash.vl_powered = 1U;
    20f8:	ea e0       	ldi	r30, 0x0A	; 10
    20fa:	f1 e0       	ldi	r31, 0x01	; 1
    20fc:	81 e0       	ldi	r24, 0x01	; 1
    20fe:	82 ab       	std	Z+50, r24	; 0x32
    carwash.vl_pending = 0U;
    2100:	13 aa       	std	Z+51, r1	; 0x33
    carwash.next_vl_start_ms = now;
    2102:	c5 86       	std	Z+13, r12	; 0x0d
    2104:	d6 86       	std	Z+14, r13	; 0x0e
    2106:	e7 86       	std	Z+15, r14	; 0x0f
    2108:	f0 8a       	std	Z+16, r15	; 0x10
    carwash.next_vl_ready_ms = now;
    210a:	c1 8a       	std	Z+17, r12	; 0x11
    210c:	d2 8a       	std	Z+18, r13	; 0x12
    210e:	e3 8a       	std	Z+19, r14	; 0x13
    2110:	f4 8a       	std	Z+20, r15	; 0x14
    return 1U;
}
    2112:	ff 90       	pop	r15
    2114:	ef 90       	pop	r14
    2116:	df 90       	pop	r13
    2118:	cf 90       	pop	r12
    211a:	08 95       	ret

0000211c <CarWash_FinishEntry>:
    (void)now;
}

// Enciende el sensor e inicia el transporte.
static void CarWash_FinishEntry(void)
{
    211c:	cf 93       	push	r28
    211e:	df 93       	push	r29
    uint32_t now = Timebase_Millis();
    2120:	0e 94 09 18 	call	0x3012	; 0x3012 <Timebase_Millis>

    if (Master_InitializeVL53L0X(now) == 0U)
    2124:	0e 94 6c 10 	call	0x20d8	; 0x20d8 <Master_InitializeVL53L0X>
    2128:	81 11       	cpse	r24, r1
    212a:	07 c0       	rjmp	.+14     	; 0x213a <CarWash_FinishEntry+0x1e>
    {
        CarWash_EnterError(Timebase_Millis(),
    212c:	0e 94 09 18 	call	0x3012	; 0x3012 <Timebase_Millis>
    2130:	48 e2       	ldi	r20, 0x28	; 40
    2132:	56 e0       	ldi	r21, 0x06	; 6
    2134:	0e 94 ad 0b 	call	0x175a	; 0x175a <CarWash_EnterError>
                           PSTR("fallo al inicializar VL53L0X"));
        return;
    2138:	1a c0       	rjmp	.+52     	; 0x216e <CarWash_FinishEntry+0x52>
    }

    if (Master_StartStepper((uint8_t)PROTOCOL_DIRECTION_FORWARD) == 0U)
    213a:	81 e0       	ldi	r24, 0x01	; 1
    213c:	0e 94 39 0b 	call	0x1672	; 0x1672 <Master_StartStepper>
    2140:	81 11       	cpse	r24, r1
    2142:	07 c0       	rjmp	.+14     	; 0x2152 <CarWash_FinishEntry+0x36>
    {
        CarWash_EnterError(Timebase_Millis(),
    2144:	0e 94 09 18 	call	0x3012	; 0x3012 <Timebase_Millis>
    2148:	4f e0       	ldi	r20, 0x0F	; 15
    214a:	56 e0       	ldi	r21, 0x06	; 6
    214c:	0e 94 ad 0b 	call	0x175a	; 0x175a <CarWash_EnterError>
                           PSTR("stepper no acepto avance"));
        return;
    2150:	0e c0       	rjmp	.+28     	; 0x216e <CarWash_FinishEntry+0x52>
    }

    carwash.state = CARWASH_SEEK_SOAP;
    2152:	ca e0       	ldi	r28, 0x0A	; 10
    2154:	d1 e0       	ldi	r29, 0x01	; 1
    2156:	83 e0       	ldi	r24, 0x03	; 3
    2158:	88 83       	st	Y, r24
    carwash.next_vl_start_ms = Timebase_Millis();
    215a:	0e 94 09 18 	call	0x3012	; 0x3012 <Timebase_Millis>
    215e:	6d 87       	std	Y+13, r22	; 0x0d
    2160:	7e 87       	std	Y+14, r23	; 0x0e
    2162:	8f 87       	std	Y+15, r24	; 0x0f
    2164:	98 8b       	std	Y+16, r25	; 0x10
    CarWash_LogTransition(PSTR("Buscando enjabonado"));
    2166:	8b ef       	ldi	r24, 0xFB	; 251
    2168:	95 e0       	ldi	r25, 0x05	; 5
    216a:	0e 94 d0 09 	call	0x13a0	; 0x13a0 <CarWash_LogTransition>
}
    216e:	df 91       	pop	r29
    2170:	cf 91       	pop	r28
    2172:	08 95       	ret

00002174 <CarWash_ServiceErrorLinks>:
    }
}

// Comprueba la recuperacion de todos los enlaces.
static void CarWash_ServiceErrorLinks(uint32_t now)
{
    2174:	cf 92       	push	r12
    2176:	df 92       	push	r13
    2178:	ef 92       	push	r14
    217a:	ff 92       	push	r15
    217c:	cf 93       	push	r28
    217e:	df 93       	push	r29
    2180:	6b 01       	movw	r12, r22
    2182:	7c 01       	movw	r14, r24
    uint8_t slave1_ok;
    uint8_t slave2_ok;

    if (Master_TimeReached(now, carwash.next_error_ms) == 0U)
    2184:	20 91 27 01 	lds	r18, 0x0127	; 0x800127 <carwash+0x1d>
    2188:	30 91 28 01 	lds	r19, 0x0128	; 0x800128 <carwash+0x1e>
    218c:	40 91 29 01 	lds	r20, 0x0129	; 0x800129 <carwash+0x1f>
    2190:	50 91 2a 01 	lds	r21, 0x012A	; 0x80012a <carwash+0x20>
    2194:	0e 94 a5 08 	call	0x114a	; 0x114a <Master_TimeReached>
    2198:	88 23       	and	r24, r24
    219a:	09 f4       	brne	.+2      	; 0x219e <CarWash_ServiceErrorLinks+0x2a>
    219c:	57 c0       	rjmp	.+174    	; 0x224c <CarWash_ServiceErrorLinks+0xd8>
    {
        return;
    }
    carwash.next_error_ms = now + CARWASH_ERROR_INTERVAL_MS;
    219e:	84 ef       	ldi	r24, 0xF4	; 244
    21a0:	c8 0e       	add	r12, r24
    21a2:	81 e0       	ldi	r24, 0x01	; 1
    21a4:	d8 1e       	adc	r13, r24
    21a6:	e1 1c       	adc	r14, r1
    21a8:	f1 1c       	adc	r15, r1
    21aa:	c0 92 27 01 	sts	0x0127, r12	; 0x800127 <carwash+0x1d>
    21ae:	d0 92 28 01 	sts	0x0128, r13	; 0x800128 <carwash+0x1e>
    21b2:	e0 92 29 01 	sts	0x0129, r14	; 0x800129 <carwash+0x1f>
    21b6:	f0 92 2a 01 	sts	0x012A, r15	; 0x80012a <carwash+0x20>

    // Mantiene la parada mientras comprueba tres ciclos de PING completos.
    (void)Master_ApplySafeActions();
    21ba:	0e 94 81 0b 	call	0x1702	; 0x1702 <Master_ApplySafeActions>
    slave1_ok = Master_NodePing(SLAVE1_I2C_ADDRESS);
    21be:	81 e1       	ldi	r24, 0x11	; 17
    21c0:	0e 94 d0 0a 	call	0x15a0	; 0x15a0 <Master_NodePing>
    21c4:	f8 2e       	mov	r15, r24
    slave2_ok = Master_NodePing(SLAVE2_I2C_ADDRESS);
    21c6:	82 e1       	ldi	r24, 0x12	; 18
    21c8:	0e 94 d0 0a 	call	0x15a0	; 0x15a0 <Master_NodePing>

    if ((slave1_ok == 0U) || (slave2_ok == 0U))
    21cc:	ff 20       	and	r15, r15
    21ce:	11 f0       	breq	.+4      	; 0x21d4 <CarWash_ServiceErrorLinks+0x60>
    21d0:	81 11       	cpse	r24, r1
    21d2:	03 c0       	rjmp	.+6      	; 0x21da <CarWash_ServiceErrorLinks+0x66>
    {
        carwash.recovery_cycles = 0U;
    21d4:	10 92 3b 01 	sts	0x013B, r1	; 0x80013b <carwash+0x31>
        return;
    21d8:	39 c0       	rjmp	.+114    	; 0x224c <CarWash_ServiceErrorLinks+0xd8>
    }

    carwash.recovery_cycles++;
    21da:	ea e0       	ldi	r30, 0x0A	; 10
    21dc:	f1 e0       	ldi	r31, 0x01	; 1
    21de:	81 a9       	ldd	r24, Z+49	; 0x31
    21e0:	8f 5f       	subi	r24, 0xFF	; 255
    21e2:	81 ab       	std	Z+49, r24	; 0x31
    if (carwash.recovery_cycles < CARWASH_RECOVERY_CYCLES)
    21e4:	83 30       	cpi	r24, 0x03	; 3
    21e6:	90 f1       	brcs	.+100    	; 0x224c <CarWash_ServiceErrorLinks+0xd8>
    {
        return;
    }

    // Tambien exige que el VL53 pueda inicializarse antes de recuperarse.
    if (Master_InitializeVL53L0X(Timebase_Millis()) == 0U)
    21e8:	0e 94 09 18 	call	0x3012	; 0x3012 <Timebase_Millis>
    21ec:	0e 94 6c 10 	call	0x20d8	; 0x20d8 <Master_InitializeVL53L0X>
    21f0:	81 11       	cpse	r24, r1
    21f2:	07 c0       	rjmp	.+14     	; 0x2202 <CarWash_ServiceErrorLinks+0x8e>
    {
        carwash.recovery_cycles = 0U;
    21f4:	10 92 3b 01 	sts	0x013B, r1	; 0x80013b <carwash+0x31>
        UART_WriteString("VL53L0X aun no disponible.\r\n");
    21f8:	86 ed       	ldi	r24, 0xD6	; 214
    21fa:	93 e0       	ldi	r25, 0x03	; 3
    21fc:	0e 94 02 08 	call	0x1004	; 0x1004 <UART_WriteFlashString>
        return;
    2200:	25 c0       	rjmp	.+74     	; 0x224c <CarWash_ServiceErrorLinks+0xd8>
    }

    Master_ShutdownVL53L0X();
    2202:	0e 94 01 0a 	call	0x1402	; 0x1402 <Master_ShutdownVL53L0X>
    if (Master_ApplySafeActions() == 0U)
    2206:	0e 94 81 0b 	call	0x1702	; 0x1702 <Master_ApplySafeActions>
    220a:	81 11       	cpse	r24, r1
    220c:	03 c0       	rjmp	.+6      	; 0x2214 <CarWash_ServiceErrorLinks+0xa0>
    {
        carwash.recovery_cycles = 0U;
    220e:	10 92 3b 01 	sts	0x013B, r1	; 0x80013b <carwash+0x31>
        return;
    2212:	1c c0       	rjmp	.+56     	; 0x224c <CarWash_ServiceErrorLinks+0xd8>
    }

    carwash.state = CARWASH_ERROR_WAIT_CLEAR;
    2214:	ca e0       	ldi	r28, 0x0A	; 10
    2216:	d1 e0       	ldi	r29, 0x01	; 1
    2218:	8c e0       	ldi	r24, 0x0C	; 12
    221a:	88 83       	st	Y, r24
    carwash.ir_free_count = 0U;
    221c:	1f a6       	std	Y+47, r1	; 0x2f
    carwash.ir_counter_known = 0U;
    221e:	1a a6       	std	Y+42, r1	; 0x2a
    carwash.next_ir_ms = Timebase_Millis();
    2220:	0e 94 09 18 	call	0x3012	; 0x3012 <Timebase_Millis>
    2224:	6d 83       	std	Y+5, r22	; 0x05
    2226:	7e 83       	std	Y+6, r23	; 0x06
    2228:	8f 83       	std	Y+7, r24	; 0x07
    222a:	98 87       	std	Y+8, r25	; 0x08
    carwash.next_health_ms = Timebase_Millis() +
    222c:	0e 94 09 18 	call	0x3012	; 0x3012 <Timebase_Millis>
    2230:	dc 01       	movw	r26, r24
    2232:	cb 01       	movw	r24, r22
    2234:	8c 50       	subi	r24, 0x0C	; 12
    2236:	9e 4f       	sbci	r25, 0xFE	; 254
    2238:	af 4f       	sbci	r26, 0xFF	; 255
    223a:	bf 4f       	sbci	r27, 0xFF	; 255
    223c:	89 8f       	std	Y+25, r24	; 0x19
    223e:	9a 8f       	std	Y+26, r25	; 0x1a
    2240:	ab 8f       	std	Y+27, r26	; 0x1b
    2242:	bc 8f       	std	Y+28, r27	; 0x1c
                             CARWASH_HEALTH_INTERVAL_MS;
    UART_WriteString("Enlaces recuperados; esperando IR libre.\r\n");
    2244:	8b ea       	ldi	r24, 0xAB	; 171
    2246:	93 e0       	ldi	r25, 0x03	; 3
    2248:	0e 94 02 08 	call	0x1004	; 0x1004 <UART_WriteFlashString>
}
    224c:	df 91       	pop	r29
    224e:	cf 91       	pop	r28
    2250:	ff 90       	pop	r15
    2252:	ef 90       	pop	r14
    2254:	df 90       	pop	r13
    2256:	cf 90       	pop	r12
    2258:	08 95       	ret

0000225a <Master_PrintCurrentI2CError>:
    UART_WriteString(")");
}

// Muestra el ultimo error registrado por I2C.
static void Master_PrintCurrentI2CError(void)
{
    225a:	cf 93       	push	r28
    Master_PrintI2CErrorValues((uint8_t)I2C_Master_GetLastError(),
    225c:	0e 94 3e 07 	call	0xe7c	; 0xe7c <I2C_Master_GetLastStatus>
    2260:	c8 2f       	mov	r28, r24
    2262:	0e 94 41 07 	call	0xe82	; 0xe82 <I2C_Master_GetLastError>
    2266:	6c 2f       	mov	r22, r28
    2268:	0e 94 8b 08 	call	0x1116	; 0x1116 <Master_PrintI2CErrorValues>
                               I2C_Master_GetLastStatus());
}
    226c:	cf 91       	pop	r28
    226e:	08 95       	ret

00002270 <Master_PrintStartupNodeCheck>:
    return (uint8_t)(response.status == (uint8_t)OK);
}

// Prueba un nodo y muestra el resultado inicial.
static uint8_t Master_PrintStartupNodeCheck(PGM_P name, uint8_t address)
{
    2270:	df 92       	push	r13
    2272:	ef 92       	push	r14
    2274:	ff 92       	push	r15
    2276:	0f 93       	push	r16
    2278:	1f 93       	push	r17
    227a:	cf 93       	push	r28
    227c:	df 93       	push	r29
    227e:	cd b7       	in	r28, 0x3d	; 61
    2280:	de b7       	in	r29, 0x3e	; 62
    2282:	28 97       	sbiw	r28, 0x08	; 8
    2284:	0f b6       	in	r0, 0x3f	; 63
    2286:	f8 94       	cli
    2288:	de bf       	out	0x3e, r29	; 62
    228a:	0f be       	out	0x3f, r0	; 63
    228c:	cd bf       	out	0x3d, r28	; 61
    228e:	8c 01       	movw	r16, r24
    2290:	d6 2e       	mov	r13, r22
    ProtocolResponse response;
    uint8_t exchanged;

    UART_WriteString("  ");
    2292:	8f e0       	ldi	r24, 0x0F	; 15
    2294:	97 e0       	ldi	r25, 0x07	; 7
    2296:	0e 94 02 08 	call	0x1004	; 0x1004 <UART_WriteFlashString>
    UART_WriteFlashString(name);
    229a:	c8 01       	movw	r24, r16
    229c:	0e 94 02 08 	call	0x1004	; 0x1004 <UART_WriteFlashString>
    UART_WriteString(" ");
    22a0:	8d e0       	ldi	r24, 0x0D	; 13
    22a2:	97 e0       	ldi	r25, 0x07	; 7
    22a4:	0e 94 02 08 	call	0x1004	; 0x1004 <UART_WriteFlashString>
    UART_WriteHexByte(address);
    22a8:	8d 2d       	mov	r24, r13
    22aa:	0e 94 7b 08 	call	0x10f6	; 0x10f6 <UART_WriteHexByte>
    UART_WriteString(": ");
    22ae:	8a e0       	ldi	r24, 0x0A	; 10
    22b0:	97 e0       	ldi	r25, 0x07	; 7
    22b2:	0e 94 02 08 	call	0x1004	; 0x1004 <UART_WriteFlashString>

    exchanged = Master_SendRequest(address,
    22b6:	ce 01       	movw	r24, r28
    22b8:	01 96       	adiw	r24, 0x01	; 1
    22ba:	7c 01       	movw	r14, r24
    22bc:	00 e0       	ldi	r16, 0x00	; 0
    22be:	10 e0       	ldi	r17, 0x00	; 0
    22c0:	20 e0       	ldi	r18, 0x00	; 0
    22c2:	4f e7       	ldi	r20, 0x7F	; 127
    22c4:	61 e0       	ldi	r22, 0x01	; 1
    22c6:	8d 2d       	mov	r24, r13
    22c8:	0e 94 a3 0a 	call	0x1546	; 0x1546 <Master_SendRequest>
                                   (uint8_t)ALL_LOCAL_ACTUATORS,
                                   0U,
                                   0,
                                   &response);

    if ((exchanged != 0U) && (response.status == (uint8_t)OK))
    22cc:	88 23       	and	r24, r24
    22ce:	49 f0       	breq	.+18     	; 0x22e2 <Master_PrintStartupNodeCheck+0x72>
    22d0:	9b 81       	ldd	r25, Y+3	; 0x03
    22d2:	91 11       	cpse	r25, r1
    22d4:	06 c0       	rjmp	.+12     	; 0x22e2 <Master_PrintStartupNodeCheck+0x72>
    {
        UART_WriteString("OK\r\n");
    22d6:	85 e0       	ldi	r24, 0x05	; 5
    22d8:	97 e0       	ldi	r25, 0x07	; 7
    22da:	0e 94 02 08 	call	0x1004	; 0x1004 <UART_WriteFlashString>
        return 1U;
    22de:	81 e0       	ldi	r24, 0x01	; 1
    22e0:	1f c0       	rjmp	.+62     	; 0x2320 <Master_PrintStartupNodeCheck+0xb0>
    }

    if (exchanged != 0U)
    22e2:	88 23       	and	r24, r24
    22e4:	b1 f0       	breq	.+44     	; 0x2312 <Master_PrintStartupNodeCheck+0xa2>
    {
        UART_WriteString("ERROR (Protocol estado ");
    22e6:	8d ee       	ldi	r24, 0xED	; 237
    22e8:	96 e0       	ldi	r25, 0x06	; 6
    22ea:	0e 94 02 08 	call	0x1004	; 0x1004 <UART_WriteFlashString>
        UART_WriteUInt16(response.status);
    22ee:	8b 81       	ldd	r24, Y+3	; 0x03
    22f0:	90 e0       	ldi	r25, 0x00	; 0
    22f2:	0e 94 1b 08 	call	0x1036	; 0x1036 <UART_WriteUInt16>
        UART_WriteString(", TWI ");
    22f6:	86 ee       	ldi	r24, 0xE6	; 230
    22f8:	96 e0       	ldi	r25, 0x06	; 6
    22fa:	0e 94 02 08 	call	0x1004	; 0x1004 <UART_WriteFlashString>
        UART_WriteHexByte(I2C_Master_GetLastStatus());
    22fe:	0e 94 3e 07 	call	0xe7c	; 0xe7c <I2C_Master_GetLastStatus>
    2302:	0e 94 7b 08 	call	0x10f6	; 0x10f6 <UART_WriteHexByte>
        UART_WriteString(")\r\n");
    2306:	82 ee       	ldi	r24, 0xE2	; 226
    2308:	96 e0       	ldi	r25, 0x06	; 6
    230a:	0e 94 02 08 	call	0x1004	; 0x1004 <UART_WriteFlashString>
    {
        Master_PrintCurrentI2CError();
        UART_WriteString("\r\n");
    }

    return 0U;
    230e:	80 e0       	ldi	r24, 0x00	; 0
    2310:	07 c0       	rjmp	.+14     	; 0x2320 <Master_PrintStartupNodeCheck+0xb0>
        UART_WriteHexByte(I2C_Master_GetLastStatus());
        UART_WriteString(")\r\n");
    }
    else
    {
        Master_PrintCurrentI2CError();
    2312:	0e 94 2d 11 	call	0x225a	; 0x225a <Master_PrintCurrentI2CError>
        UART_WriteString("\r\n");
    2316:	8f ed       	ldi	r24, 0xDF	; 223
    2318:	96 e0       	ldi	r25, 0x06	; 6
    231a:	0e 94 02 08 	call	0x1004	; 0x1004 <UART_WriteFlashString>
    }

    return 0U;
    231e:	80 e0       	ldi	r24, 0x00	; 0
}
    2320:	28 96       	adiw	r28, 0x08	; 8
    2322:	0f b6       	in	r0, 0x3f	; 63
    2324:	f8 94       	cli
    2326:	de bf       	out	0x3e, r29	; 62
    2328:	0f be       	out	0x3f, r0	; 63
    232a:	cd bf       	out	0x3d, r28	; 61
    232c:	df 91       	pop	r29
    232e:	cf 91       	pop	r28
    2330:	1f 91       	pop	r17
    2332:	0f 91       	pop	r16
    2334:	ff 90       	pop	r15
    2336:	ef 90       	pop	r14
    2338:	df 90       	pop	r13
    233a:	08 95       	ret

0000233c <Master_RunStartupI2CCheck>:
    return 1U;
}

// Ejecuta la revision I2C previa al CarWash.
static uint8_t Master_RunStartupI2CCheck(void)
{
    233c:	5f 92       	push	r5
    233e:	6f 92       	push	r6
    2340:	7f 92       	push	r7
    2342:	8f 92       	push	r8
    2344:	9f 92       	push	r9
    2346:	af 92       	push	r10
    2348:	bf 92       	push	r11
    234a:	cf 92       	push	r12
    234c:	df 92       	push	r13
    234e:	ef 92       	push	r14
    2350:	ff 92       	push	r15
    2352:	0f 93       	push	r16
    2354:	1f 93       	push	r17
    2356:	cf 93       	push	r28
    2358:	df 93       	push	r29
    uint8_t water_twi;
    uint8_t door_error;
    uint8_t door_twi;

    // Primero exige una respuesta Protocol completa de ambos Slaves.
    UART_WriteString("Revision I2C inicial:\r\n");
    235a:	81 ec       	ldi	r24, 0xC1	; 193
    235c:	97 e0       	ldi	r25, 0x07	; 7
    235e:	0e 94 02 08 	call	0x1004	; 0x1004 <UART_WriteFlashString>
    slave1_ok = Master_PrintStartupNodeCheck(PSTR("Slave1"),
    2362:	61 e1       	ldi	r22, 0x11	; 17
    2364:	8a eb       	ldi	r24, 0xBA	; 186
    2366:	97 e0       	ldi	r25, 0x07	; 7
    2368:	0e 94 38 11 	call	0x2270	; 0x2270 <Master_PrintStartupNodeCheck>
    236c:	f8 2e       	mov	r15, r24
                                              SLAVE1_I2C_ADDRESS);
    slave2_ok = Master_PrintStartupNodeCheck(PSTR("Slave2"),
    236e:	62 e1       	ldi	r22, 0x12	; 18
    2370:	83 eb       	ldi	r24, 0xB3	; 179
    2372:	97 e0       	ldi	r25, 0x07	; 7
    2374:	0e 94 38 11 	call	0x2270	; 0x2270 <Master_PrintStartupNodeCheck>
    2378:	e8 2e       	mov	r14, r24
                                              SLAVE2_I2C_ADDRESS);

    // Despierta e inicializa el VL53 para comprobar hardware y registros.
    UART_WriteString("  VL53L0X ");
    237a:	88 ea       	ldi	r24, 0xA8	; 168
    237c:	97 e0       	ldi	r25, 0x07	; 7
    237e:	0e 94 02 08 	call	0x1004	; 0x1004 <UART_WriteFlashString>
    UART_WriteHexByte(VL53L0X_DEFAULT_ADDRESS);
    2382:	89 e2       	ldi	r24, 0x29	; 41
    2384:	0e 94 7b 08 	call	0x10f6	; 0x10f6 <UART_WriteHexByte>
    UART_WriteString(": ");
    2388:	85 ea       	ldi	r24, 0xA5	; 165
    238a:	97 e0       	ldi	r25, 0x07	; 7
    238c:	0e 94 02 08 	call	0x1004	; 0x1004 <UART_WriteFlashString>
    vl_status = VL53L0X_Init(&vl53l0x_sensor);
    2390:	82 e4       	ldi	r24, 0x42	; 66
    2392:	91 e0       	ldi	r25, 0x01	; 1
    2394:	0e 94 16 1e 	call	0x3c2c	; 0x3c2c <VL53L0X_Init>
    2398:	c8 2f       	mov	r28, r24
    if (vl_status == VL53L0X_OK)
    239a:	81 11       	cpse	r24, r1
    239c:	0c c0       	rjmp	.+24     	; 0x23b6 <Master_RunStartupI2CCheck+0x7a>
    {
        carwash.vl_powered = 1U;
    239e:	ea e0       	ldi	r30, 0x0A	; 10
    23a0:	f1 e0       	ldi	r31, 0x01	; 1
    23a2:	81 e0       	ldi	r24, 0x01	; 1
    23a4:	82 ab       	std	Z+50, r24	; 0x32
        carwash.vl_pending = 0U;
    23a6:	13 aa       	std	Z+51, r1	; 0x33
        vl_ok = 1U;
        UART_WriteString("OK\r\n");
    23a8:	80 ea       	ldi	r24, 0xA0	; 160
    23aa:	97 e0       	ldi	r25, 0x07	; 7
    23ac:	0e 94 02 08 	call	0x1004	; 0x1004 <UART_WriteFlashString>
    vl_status = VL53L0X_Init(&vl53l0x_sensor);
    if (vl_status == VL53L0X_OK)
    {
        carwash.vl_powered = 1U;
        carwash.vl_pending = 0U;
        vl_ok = 1U;
    23b0:	55 24       	eor	r5, r5
    23b2:	53 94       	inc	r5
    23b4:	1e c0       	rjmp	.+60     	; 0x23f2 <Master_RunStartupI2CCheck+0xb6>
        UART_WriteString("OK\r\n");
    }
    else
    {
        vl_ok = 0U;
        UART_WriteString("ERROR (VL ");
    23b6:	85 e9       	ldi	r24, 0x95	; 149
    23b8:	97 e0       	ldi	r25, 0x07	; 7
    23ba:	0e 94 02 08 	call	0x1004	; 0x1004 <UART_WriteFlashString>
        UART_WriteUInt16((uint16_t)vl_status);
    23be:	8c 2f       	mov	r24, r28
    23c0:	90 e0       	ldi	r25, 0x00	; 0
    23c2:	0e 94 1b 08 	call	0x1036	; 0x1036 <UART_WriteUInt16>
        UART_WriteString(", I2C ");
    23c6:	8e e8       	ldi	r24, 0x8E	; 142
    23c8:	97 e0       	ldi	r25, 0x07	; 7
    23ca:	0e 94 02 08 	call	0x1004	; 0x1004 <UART_WriteFlashString>
        UART_WriteUInt16((uint16_t)I2C_Master_GetLastError());
    23ce:	0e 94 41 07 	call	0xe82	; 0xe82 <I2C_Master_GetLastError>
    23d2:	90 e0       	ldi	r25, 0x00	; 0
    23d4:	0e 94 1b 08 	call	0x1036	; 0x1036 <UART_WriteUInt16>
        UART_WriteString(", TWI ");
    23d8:	87 e8       	ldi	r24, 0x87	; 135
    23da:	97 e0       	ldi	r25, 0x07	; 7
    23dc:	0e 94 02 08 	call	0x1004	; 0x1004 <UART_WriteFlashString>
        UART_WriteHexByte(I2C_Master_GetLastStatus());
    23e0:	0e 94 3e 07 	call	0xe7c	; 0xe7c <I2C_Master_GetLastStatus>
    23e4:	0e 94 7b 08 	call	0x10f6	; 0x10f6 <UART_WriteHexByte>
        UART_WriteString(")\r\n");
    23e8:	83 e8       	ldi	r24, 0x83	; 131
    23ea:	97 e0       	ldi	r25, 0x07	; 7
    23ec:	0e 94 02 08 	call	0x1004	; 0x1004 <UART_WriteFlashString>
        vl_ok = 1U;
        UART_WriteString("OK\r\n");
    }
    else
    {
        vl_ok = 0U;
    23f0:	51 2c       	mov	r5, r1
        UART_WriteUInt16((uint16_t)I2C_Master_GetLastError());
        UART_WriteString(", TWI ");
        UART_WriteHexByte(I2C_Master_GetLastStatus());
        UART_WriteString(")\r\n");
    }
    Master_ShutdownVL53L0X();
    23f2:	0e 94 01 0a 	call	0x1402	; 0x1402 <Master_ShutdownVL53L0X>

    // Antes de habilitar el proceso deja todos los actuadores detenidos.
    stop1_ok = Master_StopDevice(SLAVE1_I2C_ADDRESS,
    23f6:	6f e7       	ldi	r22, 0x7F	; 127
    23f8:	81 e1       	ldi	r24, 0x11	; 17
    23fa:	0e 94 75 0b 	call	0x16ea	; 0x16ea <Master_StopDevice>
    23fe:	c8 2f       	mov	r28, r24
                                 (uint8_t)ALL_LOCAL_ACTUATORS);
    stop1_error = (uint8_t)I2C_Master_GetLastError();
    2400:	0e 94 41 07 	call	0xe82	; 0xe82 <I2C_Master_GetLastError>
    2404:	78 2e       	mov	r7, r24
    stop1_twi = I2C_Master_GetLastStatus();
    2406:	0e 94 3e 07 	call	0xe7c	; 0xe7c <I2C_Master_GetLastStatus>
    240a:	68 2e       	mov	r6, r24
    stop2_ok = Master_StopDevice(SLAVE2_I2C_ADDRESS,
    240c:	6f e7       	ldi	r22, 0x7F	; 127
    240e:	82 e1       	ldi	r24, 0x12	; 18
    2410:	0e 94 75 0b 	call	0x16ea	; 0x16ea <Master_StopDevice>
    2414:	d8 2f       	mov	r29, r24
                                 (uint8_t)ALL_LOCAL_ACTUATORS);
    stop2_error = (uint8_t)I2C_Master_GetLastError();
    2416:	0e 94 41 07 	call	0xe82	; 0xe82 <I2C_Master_GetLastError>
    241a:	98 2e       	mov	r9, r24
    stop2_twi = I2C_Master_GetLastStatus();
    241c:	0e 94 3e 07 	call	0xe7c	; 0xe7c <I2C_Master_GetLastStatus>
    2420:	88 2e       	mov	r8, r24
    water_ok = Master_SetServo(SLAVE1_I2C_ADDRESS,
    2422:	40 e0       	ldi	r20, 0x00	; 0
    2424:	63 e0       	ldi	r22, 0x03	; 3
    2426:	81 e1       	ldi	r24, 0x11	; 17
    2428:	0e 94 23 0b 	call	0x1646	; 0x1646 <Master_SetServo>
    242c:	18 2f       	mov	r17, r24
                               (uint8_t)SERVO_WATER,
                               CARWASH_WATER_CLOSED_ANGLE);
    water_error = (uint8_t)I2C_Master_GetLastError();
    242e:	0e 94 41 07 	call	0xe82	; 0xe82 <I2C_Master_GetLastError>
    2432:	b8 2e       	mov	r11, r24
    water_twi = I2C_Master_GetLastStatus();
    2434:	0e 94 3e 07 	call	0xe7c	; 0xe7c <I2C_Master_GetLastStatus>
    2438:	a8 2e       	mov	r10, r24
    door_ok = Master_SetServo(SLAVE2_I2C_ADDRESS,
    243a:	41 e9       	ldi	r20, 0x91	; 145
    243c:	64 e0       	ldi	r22, 0x04	; 4
    243e:	82 e1       	ldi	r24, 0x12	; 18
    2440:	0e 94 23 0b 	call	0x1646	; 0x1646 <Master_SetServo>
    2444:	08 2f       	mov	r16, r24
                              (uint8_t)SERVO_DOOR,
                              CARWASH_DOOR_CLOSED_ANGLE);
    door_error = (uint8_t)I2C_Master_GetLastError();
    2446:	0e 94 41 07 	call	0xe82	; 0xe82 <I2C_Master_GetLastError>
    244a:	d8 2e       	mov	r13, r24
    door_twi = I2C_Master_GetLastStatus();
    244c:	0e 94 3e 07 	call	0xe7c	; 0xe7c <I2C_Master_GetLastStatus>
    2450:	c8 2e       	mov	r12, r24

    UART_WriteString("  STOP seguro: ");
    2452:	83 e7       	ldi	r24, 0x73	; 115
    2454:	97 e0       	ldi	r25, 0x07	; 7
    2456:	0e 94 02 08 	call	0x1004	; 0x1004 <UART_WriteFlashString>
    if ((stop1_ok != 0U) &&
    245a:	cc 23       	and	r28, r28
    245c:	59 f0       	breq	.+22     	; 0x2474 <Master_RunStartupI2CCheck+0x138>
    245e:	dd 23       	and	r29, r29
    2460:	49 f0       	breq	.+18     	; 0x2474 <Master_RunStartupI2CCheck+0x138>
        (stop2_ok != 0U) &&
    2462:	11 23       	and	r17, r17
    2464:	39 f0       	breq	.+14     	; 0x2474 <Master_RunStartupI2CCheck+0x138>
        (water_ok != 0U) &&
    2466:	00 23       	and	r16, r16
    2468:	29 f0       	breq	.+10     	; 0x2474 <Master_RunStartupI2CCheck+0x138>
        (door_ok != 0U))
    {
        UART_WriteString("OK\r\n");
    246a:	8e e6       	ldi	r24, 0x6E	; 110
    246c:	97 e0       	ldi	r25, 0x07	; 7
    246e:	0e 94 02 08 	call	0x1004	; 0x1004 <UART_WriteFlashString>
    2472:	3c c0       	rjmp	.+120    	; 0x24ec <Master_RunStartupI2CCheck+0x1b0>
    }
    else
    {
        UART_WriteString("ERROR\r\n");
    2474:	86 e6       	ldi	r24, 0x66	; 102
    2476:	97 e0       	ldi	r25, 0x07	; 7
    2478:	0e 94 02 08 	call	0x1004	; 0x1004 <UART_WriteFlashString>
        if (stop1_ok == 0U)
    247c:	c1 11       	cpse	r28, r1
    247e:	0c c0       	rjmp	.+24     	; 0x2498 <Master_RunStartupI2CCheck+0x15c>
        {
            UART_WriteString("    Slave1 STOP: ");
    2480:	84 e5       	ldi	r24, 0x54	; 84
    2482:	97 e0       	ldi	r25, 0x07	; 7
    2484:	0e 94 02 08 	call	0x1004	; 0x1004 <UART_WriteFlashString>
            Master_PrintI2CErrorValues(stop1_error, stop1_twi);
    2488:	66 2d       	mov	r22, r6
    248a:	87 2d       	mov	r24, r7
    248c:	0e 94 8b 08 	call	0x1116	; 0x1116 <Master_PrintI2CErrorValues>
            UART_WriteString("\r\n");
    2490:	81 e5       	ldi	r24, 0x51	; 81
    2492:	97 e0       	ldi	r25, 0x07	; 7
    2494:	0e 94 02 08 	call	0x1004	; 0x1004 <UART_WriteFlashString>
        }
        if (stop2_ok == 0U)
    2498:	d1 11       	cpse	r29, r1
    249a:	0c c0       	rjmp	.+24     	; 0x24b4 <Master_RunStartupI2CCheck+0x178>
        {
            UART_WriteString("    Slave2 STOP: ");
    249c:	8f e3       	ldi	r24, 0x3F	; 63
    249e:	97 e0       	ldi	r25, 0x07	; 7
    24a0:	0e 94 02 08 	call	0x1004	; 0x1004 <UART_WriteFlashString>
            Master_PrintI2CErrorValues(stop2_error, stop2_twi);
    24a4:	68 2d       	mov	r22, r8
    24a6:	89 2d       	mov	r24, r9
    24a8:	0e 94 8b 08 	call	0x1116	; 0x1116 <Master_PrintI2CErrorValues>
            UART_WriteString("\r\n");
    24ac:	8c e3       	ldi	r24, 0x3C	; 60
    24ae:	97 e0       	ldi	r25, 0x07	; 7
    24b0:	0e 94 02 08 	call	0x1004	; 0x1004 <UART_WriteFlashString>
        }
        if (water_ok == 0U)
    24b4:	11 11       	cpse	r17, r1
    24b6:	0c c0       	rjmp	.+24     	; 0x24d0 <Master_RunStartupI2CCheck+0x194>
        {
            UART_WriteString("    Servo agua: ");
    24b8:	8b e2       	ldi	r24, 0x2B	; 43
    24ba:	97 e0       	ldi	r25, 0x07	; 7
    24bc:	0e 94 02 08 	call	0x1004	; 0x1004 <UART_WriteFlashString>
            Master_PrintI2CErrorValues(water_error, water_twi);
    24c0:	6a 2d       	mov	r22, r10
    24c2:	8b 2d       	mov	r24, r11
    24c4:	0e 94 8b 08 	call	0x1116	; 0x1116 <Master_PrintI2CErrorValues>
            UART_WriteString("\r\n");
    24c8:	88 e2       	ldi	r24, 0x28	; 40
    24ca:	97 e0       	ldi	r25, 0x07	; 7
    24cc:	0e 94 02 08 	call	0x1004	; 0x1004 <UART_WriteFlashString>
        }
        if (door_ok == 0U)
    24d0:	01 11       	cpse	r16, r1
    24d2:	0c c0       	rjmp	.+24     	; 0x24ec <Master_RunStartupI2CCheck+0x1b0>
        {
            UART_WriteString("    Servo puerta: ");
    24d4:	85 e1       	ldi	r24, 0x15	; 21
    24d6:	97 e0       	ldi	r25, 0x07	; 7
    24d8:	0e 94 02 08 	call	0x1004	; 0x1004 <UART_WriteFlashString>
            Master_PrintI2CErrorValues(door_error, door_twi);
    24dc:	6c 2d       	mov	r22, r12
    24de:	8d 2d       	mov	r24, r13
    24e0:	0e 94 8b 08 	call	0x1116	; 0x1116 <Master_PrintI2CErrorValues>
            UART_WriteString("\r\n");
    24e4:	82 e1       	ldi	r24, 0x12	; 18
    24e6:	97 e0       	ldi	r25, 0x07	; 7
    24e8:	0e 94 02 08 	call	0x1004	; 0x1004 <UART_WriteFlashString>
    return (uint8_t)((slave1_ok != 0U) &&
                      (slave2_ok != 0U) &&
                      (vl_ok != 0U) &&
                      (stop1_ok != 0U) &&
                      (stop2_ok != 0U) &&
                      (water_ok != 0U) &&
    24ec:	ff 20       	and	r15, r15
    24ee:	71 f0       	breq	.+28     	; 0x250c <Master_RunStartupI2CCheck+0x1d0>
            Master_PrintI2CErrorValues(door_error, door_twi);
            UART_WriteString("\r\n");
        }
    }

    return (uint8_t)((slave1_ok != 0U) &&
    24f0:	ee 20       	and	r14, r14
    24f2:	71 f0       	breq	.+28     	; 0x2510 <Master_RunStartupI2CCheck+0x1d4>
                      (slave2_ok != 0U) &&
    24f4:	55 20       	and	r5, r5
    24f6:	71 f0       	breq	.+28     	; 0x2514 <Master_RunStartupI2CCheck+0x1d8>
                      (vl_ok != 0U) &&
    24f8:	cc 23       	and	r28, r28
    24fa:	71 f0       	breq	.+28     	; 0x2518 <Master_RunStartupI2CCheck+0x1dc>
                      (stop1_ok != 0U) &&
    24fc:	dd 23       	and	r29, r29
    24fe:	71 f0       	breq	.+28     	; 0x251c <Master_RunStartupI2CCheck+0x1e0>
                      (stop2_ok != 0U) &&
    2500:	11 23       	and	r17, r17
    2502:	71 f0       	breq	.+28     	; 0x2520 <Master_RunStartupI2CCheck+0x1e4>
                      (water_ok != 0U) &&
    2504:	01 11       	cpse	r16, r1
    2506:	0e c0       	rjmp	.+28     	; 0x2524 <Master_RunStartupI2CCheck+0x1e8>
    2508:	80 e0       	ldi	r24, 0x00	; 0
    250a:	0d c0       	rjmp	.+26     	; 0x2526 <Master_RunStartupI2CCheck+0x1ea>
    250c:	80 e0       	ldi	r24, 0x00	; 0
    250e:	0b c0       	rjmp	.+22     	; 0x2526 <Master_RunStartupI2CCheck+0x1ea>
    2510:	80 e0       	ldi	r24, 0x00	; 0
    2512:	09 c0       	rjmp	.+18     	; 0x2526 <Master_RunStartupI2CCheck+0x1ea>
    2514:	80 e0       	ldi	r24, 0x00	; 0
    2516:	07 c0       	rjmp	.+14     	; 0x2526 <Master_RunStartupI2CCheck+0x1ea>
    2518:	80 e0       	ldi	r24, 0x00	; 0
    251a:	05 c0       	rjmp	.+10     	; 0x2526 <Master_RunStartupI2CCheck+0x1ea>
    251c:	80 e0       	ldi	r24, 0x00	; 0
    251e:	03 c0       	rjmp	.+6      	; 0x2526 <Master_RunStartupI2CCheck+0x1ea>
    2520:	80 e0       	ldi	r24, 0x00	; 0
    2522:	01 c0       	rjmp	.+2      	; 0x2526 <Master_RunStartupI2CCheck+0x1ea>
    2524:	81 e0       	ldi	r24, 0x01	; 1
                      (door_ok != 0U));
}
    2526:	df 91       	pop	r29
    2528:	cf 91       	pop	r28
    252a:	1f 91       	pop	r17
    252c:	0f 91       	pop	r16
    252e:	ff 90       	pop	r15
    2530:	ef 90       	pop	r14
    2532:	df 90       	pop	r13
    2534:	cf 90       	pop	r12
    2536:	bf 90       	pop	r11
    2538:	af 90       	pop	r10
    253a:	9f 90       	pop	r9
    253c:	8f 90       	pop	r8
    253e:	7f 90       	pop	r7
    2540:	6f 90       	pop	r6
    2542:	5f 90       	pop	r5
    2544:	08 95       	ret

00002546 <CarWash_ServiceStartupCheck>:
}

// Reintenta la revision inicial cuando falla.
static void CarWash_ServiceStartupCheck(uint32_t now)
{
    if (Master_TimeReached(now, carwash.next_startup_check_ms) == 0U)
    2546:	20 91 2b 01 	lds	r18, 0x012B	; 0x80012b <carwash+0x21>
    254a:	30 91 2c 01 	lds	r19, 0x012C	; 0x80012c <carwash+0x22>
    254e:	40 91 2d 01 	lds	r20, 0x012D	; 0x80012d <carwash+0x23>
    2552:	50 91 2e 01 	lds	r21, 0x012E	; 0x80012e <carwash+0x24>
    2556:	0e 94 a5 08 	call	0x114a	; 0x114a <Master_TimeReached>
    255a:	88 23       	and	r24, r24
    255c:	b9 f1       	breq	.+110    	; 0x25cc <CarWash_ServiceStartupCheck+0x86>
    {
        return;
    }

    Master_SetLCD(PSTR("Revisando I2C"), PSTR("Espere..."));
    255e:	6a e6       	ldi	r22, 0x6A	; 106
    2560:	78 e0       	ldi	r23, 0x08	; 8
    2562:	8c e5       	ldi	r24, 0x5C	; 92
    2564:	98 e0       	ldi	r25, 0x08	; 8
    2566:	0e 94 1a 0a 	call	0x1434	; 0x1434 <Master_SetLCD>
    if (Master_RunStartupI2CCheck() != 0U)
    256a:	0e 94 9e 11 	call	0x233c	; 0x233c <Master_RunStartupI2CCheck>
    256e:	88 23       	and	r24, r24
    2570:	69 f0       	breq	.+26     	; 0x258c <CarWash_ServiceStartupCheck+0x46>
    {
        UART_WriteString("Conexion I2C: EXITOSA\r\n");
    2572:	84 e4       	ldi	r24, 0x44	; 68
    2574:	98 e0       	ldi	r25, 0x08	; 8
    2576:	0e 94 02 08 	call	0x1004	; 0x1004 <UART_WriteFlashString>
        UART_WriteString("CarWash automatico habilitado.\r\n");
    257a:	83 e2       	ldi	r24, 0x23	; 35
    257c:	98 e0       	ldi	r25, 0x08	; 8
    257e:	0e 94 02 08 	call	0x1004	; 0x1004 <UART_WriteFlashString>
        CarWash_EnterIdle(Timebase_Millis());
    2582:	0e 94 09 18 	call	0x3012	; 0x3012 <Timebase_Millis>
    2586:	0e 94 7e 0c 	call	0x18fc	; 0x18fc <CarWash_EnterIdle>
        return;
    258a:	08 95       	ret
    }

    Master_ShutdownVL53L0X();
    258c:	0e 94 01 0a 	call	0x1402	; 0x1402 <Master_ShutdownVL53L0X>
    Master_SetLCD(PSTR("Error I2C"), PSTR("Reintentando"));
    2590:	66 e1       	ldi	r22, 0x16	; 22
    2592:	78 e0       	ldi	r23, 0x08	; 8
    2594:	8c e0       	ldi	r24, 0x0C	; 12
    2596:	98 e0       	ldi	r25, 0x08	; 8
    2598:	0e 94 1a 0a 	call	0x1434	; 0x1434 <Master_SetLCD>
    UART_WriteString("Conexion I2C: ERROR\r\n");
    259c:	86 ef       	ldi	r24, 0xF6	; 246
    259e:	97 e0       	ldi	r25, 0x07	; 7
    25a0:	0e 94 02 08 	call	0x1004	; 0x1004 <UART_WriteFlashString>
    UART_WriteString("Reintentando en 1000 ms...\r\n");
    25a4:	89 ed       	ldi	r24, 0xD9	; 217
    25a6:	97 e0       	ldi	r25, 0x07	; 7
    25a8:	0e 94 02 08 	call	0x1004	; 0x1004 <UART_WriteFlashString>
    carwash.next_startup_check_ms = Timebase_Millis() +
    25ac:	0e 94 09 18 	call	0x3012	; 0x3012 <Timebase_Millis>
    25b0:	dc 01       	movw	r26, r24
    25b2:	cb 01       	movw	r24, r22
    25b4:	88 51       	subi	r24, 0x18	; 24
    25b6:	9c 4f       	sbci	r25, 0xFC	; 252
    25b8:	af 4f       	sbci	r26, 0xFF	; 255
    25ba:	bf 4f       	sbci	r27, 0xFF	; 255
    25bc:	80 93 2b 01 	sts	0x012B, r24	; 0x80012b <carwash+0x21>
    25c0:	90 93 2c 01 	sts	0x012C, r25	; 0x80012c <carwash+0x22>
    25c4:	a0 93 2d 01 	sts	0x012D, r26	; 0x80012d <carwash+0x23>
    25c8:	b0 93 2e 01 	sts	0x012E, r27	; 0x80012e <carwash+0x24>
    25cc:	08 95       	ret

000025ce <Master_PollVL53L0X>:
}

// Atiende una medicion no bloqueante del VL53L0X.
static MasterVLResult Master_PollVL53L0X(uint32_t now,
                                         uint16_t *distance_mm)
{
    25ce:	cf 92       	push	r12
    25d0:	df 92       	push	r13
    25d2:	ef 92       	push	r14
    25d4:	ff 92       	push	r15
    25d6:	0f 93       	push	r16
    25d8:	1f 93       	push	r17
    25da:	cf 93       	push	r28
    25dc:	df 93       	push	r29
    25de:	1f 92       	push	r1
    25e0:	cd b7       	in	r28, 0x3d	; 61
    25e2:	de b7       	in	r29, 0x3e	; 62
    VL53L0X_Status_t status;
    uint8_t ready;

    if ((distance_mm == 0) || (carwash.vl_powered == 0U))
    25e4:	41 15       	cp	r20, r1
    25e6:	51 05       	cpc	r21, r1
    25e8:	09 f4       	brne	.+2      	; 0x25ec <Master_PollVL53L0X+0x1e>
    25ea:	9c c0       	rjmp	.+312    	; 0x2724 <Master_PollVL53L0X+0x156>
    25ec:	20 91 3c 01 	lds	r18, 0x013C	; 0x80013c <carwash+0x32>
    25f0:	22 23       	and	r18, r18
    25f2:	09 f4       	brne	.+2      	; 0x25f6 <Master_PollVL53L0X+0x28>
    25f4:	99 c0       	rjmp	.+306    	; 0x2728 <Master_PollVL53L0X+0x15a>
    25f6:	8a 01       	movw	r16, r20
    25f8:	6b 01       	movw	r12, r22
    25fa:	7c 01       	movw	r14, r24
    {
        return MASTER_VL_ERROR;
    }

    if (carwash.vl_pending == 0U)
    25fc:	80 91 3d 01 	lds	r24, 0x013D	; 0x80013d <carwash+0x33>
    2600:	81 11       	cpse	r24, r1
    2602:	31 c0       	rjmp	.+98     	; 0x2666 <Master_PollVL53L0X+0x98>
    {
        if (Master_TimeReached(now, carwash.next_vl_start_ms) == 0U)
    2604:	20 91 17 01 	lds	r18, 0x0117	; 0x800117 <carwash+0xd>
    2608:	30 91 18 01 	lds	r19, 0x0118	; 0x800118 <carwash+0xe>
    260c:	40 91 19 01 	lds	r20, 0x0119	; 0x800119 <carwash+0xf>
    2610:	50 91 1a 01 	lds	r21, 0x011A	; 0x80011a <carwash+0x10>
    2614:	c7 01       	movw	r24, r14
    2616:	b6 01       	movw	r22, r12
    2618:	0e 94 a5 08 	call	0x114a	; 0x114a <Master_TimeReached>
    261c:	88 23       	and	r24, r24
    261e:	09 f4       	brne	.+2      	; 0x2622 <Master_PollVL53L0X+0x54>
    2620:	85 c0       	rjmp	.+266    	; 0x272c <Master_PollVL53L0X+0x15e>
        {
            return MASTER_VL_NO_RESULT;
        }

        // Inicia una medicion y regresa para no bloquear el ciclo principal.
        status = VL53L0X_StartSingle(&vl53l0x_sensor);
    2622:	82 e4       	ldi	r24, 0x42	; 66
    2624:	91 e0       	ldi	r25, 0x01	; 1
    2626:	0e 94 db 1f 	call	0x3fb6	; 0x3fb6 <VL53L0X_StartSingle>
        if (status != VL53L0X_OK)
    262a:	81 11       	cpse	r24, r1
    262c:	81 c0       	rjmp	.+258    	; 0x2730 <Master_PollVL53L0X+0x162>
        {
            return MASTER_VL_ERROR;
        }

        carwash.vl_pending = 1U;
    262e:	ea e0       	ldi	r30, 0x0A	; 10
    2630:	f1 e0       	ldi	r31, 0x01	; 1
    2632:	81 e0       	ldi	r24, 0x01	; 1
    2634:	83 ab       	std	Z+51, r24	; 0x33
        carwash.vl_started_ms = now;
    2636:	c5 8a       	std	Z+21, r12	; 0x15
    2638:	d6 8a       	std	Z+22, r13	; 0x16
    263a:	e7 8a       	std	Z+23, r14	; 0x17
    263c:	f0 8e       	std	Z+24, r15	; 0x18
        carwash.next_vl_start_ms = now + CARWASH_VL_START_INTERVAL_MS;
    263e:	d7 01       	movw	r26, r14
    2640:	c6 01       	movw	r24, r12
    2642:	c2 96       	adiw	r24, 0x32	; 50
    2644:	a1 1d       	adc	r26, r1
    2646:	b1 1d       	adc	r27, r1
    2648:	85 87       	std	Z+13, r24	; 0x0d
    264a:	96 87       	std	Z+14, r25	; 0x0e
    264c:	a7 87       	std	Z+15, r26	; 0x0f
    264e:	b0 8b       	std	Z+16, r27	; 0x10
        carwash.next_vl_ready_ms = now + CARWASH_VL_READY_INTERVAL_MS;
    2650:	85 e0       	ldi	r24, 0x05	; 5
    2652:	c8 0e       	add	r12, r24
    2654:	d1 1c       	adc	r13, r1
    2656:	e1 1c       	adc	r14, r1
    2658:	f1 1c       	adc	r15, r1
    265a:	c1 8a       	std	Z+17, r12	; 0x11
    265c:	d2 8a       	std	Z+18, r13	; 0x12
    265e:	e3 8a       	std	Z+19, r14	; 0x13
    2660:	f4 8a       	std	Z+20, r15	; 0x14
        return MASTER_VL_NO_RESULT;
    2662:	80 e0       	ldi	r24, 0x00	; 0
    2664:	70 c0       	rjmp	.+224    	; 0x2746 <Master_PollVL53L0X+0x178>
    }

    if (Master_TimeReached(now, carwash.next_vl_ready_ms) == 0U)
    2666:	20 91 1b 01 	lds	r18, 0x011B	; 0x80011b <carwash+0x11>
    266a:	30 91 1c 01 	lds	r19, 0x011C	; 0x80011c <carwash+0x12>
    266e:	40 91 1d 01 	lds	r20, 0x011D	; 0x80011d <carwash+0x13>
    2672:	50 91 1e 01 	lds	r21, 0x011E	; 0x80011e <carwash+0x14>
    2676:	c7 01       	movw	r24, r14
    2678:	b6 01       	movw	r22, r12
    267a:	0e 94 a5 08 	call	0x114a	; 0x114a <Master_TimeReached>
    267e:	88 23       	and	r24, r24
    2680:	09 f4       	brne	.+2      	; 0x2684 <Master_PollVL53L0X+0xb6>
    2682:	58 c0       	rjmp	.+176    	; 0x2734 <Master_PollVL53L0X+0x166>
    {
        return MASTER_VL_NO_RESULT;
    }

    carwash.next_vl_ready_ms = now + CARWASH_VL_READY_INTERVAL_MS;
    2684:	d7 01       	movw	r26, r14
    2686:	c6 01       	movw	r24, r12
    2688:	05 96       	adiw	r24, 0x05	; 5
    268a:	a1 1d       	adc	r26, r1
    268c:	b1 1d       	adc	r27, r1
    268e:	80 93 1b 01 	sts	0x011B, r24	; 0x80011b <carwash+0x11>
    2692:	90 93 1c 01 	sts	0x011C, r25	; 0x80011c <carwash+0x12>
    2696:	a0 93 1d 01 	sts	0x011D, r26	; 0x80011d <carwash+0x13>
    269a:	b0 93 1e 01 	sts	0x011E, r27	; 0x80011e <carwash+0x14>
    // Consulta periodicamente hasta que el sensor anuncie un dato listo.
    status = VL53L0X_DataReady(&vl53l0x_sensor, &ready);
    269e:	be 01       	movw	r22, r28
    26a0:	6f 5f       	subi	r22, 0xFF	; 255
    26a2:	7f 4f       	sbci	r23, 0xFF	; 255
    26a4:	82 e4       	ldi	r24, 0x42	; 66
    26a6:	91 e0       	ldi	r25, 0x01	; 1
    26a8:	0e 94 31 20 	call	0x4062	; 0x4062 <VL53L0X_DataReady>
    if (status != VL53L0X_OK)
    26ac:	81 11       	cpse	r24, r1
    26ae:	44 c0       	rjmp	.+136    	; 0x2738 <Master_PollVL53L0X+0x16a>
    {
        return MASTER_VL_ERROR;
    }

    if (ready != 0U)
    26b0:	89 81       	ldd	r24, Y+1	; 0x01
    26b2:	88 23       	and	r24, r24
    26b4:	59 f0       	breq	.+22     	; 0x26cc <Master_PollVL53L0X+0xfe>
    {
        status = VL53L0X_ReadResult(&vl53l0x_sensor, distance_mm);
    26b6:	b8 01       	movw	r22, r16
    26b8:	82 e4       	ldi	r24, 0x42	; 66
    26ba:	91 e0       	ldi	r25, 0x01	; 1
    26bc:	0e 94 7e 20 	call	0x40fc	; 0x40fc <VL53L0X_ReadResult>
        carwash.vl_pending = 0U;
    26c0:	10 92 3d 01 	sts	0x013D, r1	; 0x80013d <carwash+0x33>
        return (status == VL53L0X_OK) ?
    26c4:	81 11       	cpse	r24, r1
    26c6:	3a c0       	rjmp	.+116    	; 0x273c <Master_PollVL53L0X+0x16e>
    26c8:	81 e0       	ldi	r24, 0x01	; 1
    26ca:	3d c0       	rjmp	.+122    	; 0x2746 <Master_PollVL53L0X+0x178>
               MASTER_VL_VALID_RESULT : MASTER_VL_ERROR;
    }

    if (Master_TimeReached(now,
                           carwash.vl_started_ms +
    26cc:	40 91 1f 01 	lds	r20, 0x011F	; 0x80011f <carwash+0x15>
    26d0:	50 91 20 01 	lds	r21, 0x0120	; 0x800120 <carwash+0x16>
    26d4:	60 91 21 01 	lds	r22, 0x0121	; 0x800121 <carwash+0x17>
    26d8:	70 91 22 01 	lds	r23, 0x0122	; 0x800122 <carwash+0x18>
                           (uint32_t)vl53l0x_sensor.timeout_ms) != 0U)
    26dc:	80 91 45 01 	lds	r24, 0x0145	; 0x800145 <vl53l0x_sensor+0x3>
    26e0:	90 91 46 01 	lds	r25, 0x0146	; 0x800146 <vl53l0x_sensor+0x4>
        carwash.vl_pending = 0U;
        return (status == VL53L0X_OK) ?
               MASTER_VL_VALID_RESULT : MASTER_VL_ERROR;
    }

    if (Master_TimeReached(now,
    26e4:	9a 01       	movw	r18, r20
    26e6:	ab 01       	movw	r20, r22
    26e8:	28 0f       	add	r18, r24
    26ea:	39 1f       	adc	r19, r25
    26ec:	41 1d       	adc	r20, r1
    26ee:	51 1d       	adc	r21, r1
    26f0:	c7 01       	movw	r24, r14
    26f2:	b6 01       	movw	r22, r12
    26f4:	0e 94 a5 08 	call	0x114a	; 0x114a <Master_TimeReached>
    26f8:	88 23       	and	r24, r24
    26fa:	11 f1       	breq	.+68     	; 0x2740 <Master_PollVL53L0X+0x172>
                           carwash.vl_started_ms +
                           (uint32_t)vl53l0x_sensor.timeout_ms) != 0U)
    {
        status = VL53L0X_ClearInterrupt(&vl53l0x_sensor);
    26fc:	82 e4       	ldi	r24, 0x42	; 66
    26fe:	91 e0       	ldi	r25, 0x01	; 1
    2700:	0e 94 75 20 	call	0x40ea	; 0x40ea <VL53L0X_ClearInterrupt>
        carwash.vl_pending = 0U;
    2704:	ea e0       	ldi	r30, 0x0A	; 10
    2706:	f1 e0       	ldi	r31, 0x01	; 1
    2708:	13 aa       	std	Z+51, r1	; 0x33
        carwash.next_vl_start_ms = now + CARWASH_VL_START_INTERVAL_MS;
    270a:	92 e3       	ldi	r25, 0x32	; 50
    270c:	c9 0e       	add	r12, r25
    270e:	d1 1c       	adc	r13, r1
    2710:	e1 1c       	adc	r14, r1
    2712:	f1 1c       	adc	r15, r1
    2714:	c5 86       	std	Z+13, r12	; 0x0d
    2716:	d6 86       	std	Z+14, r13	; 0x0e
    2718:	e7 86       	std	Z+15, r14	; 0x0f
    271a:	f0 8a       	std	Z+16, r15	; 0x10
        if (status == VL53L0X_ERROR_I2C)
    271c:	81 30       	cpi	r24, 0x01	; 1
    271e:	91 f4       	brne	.+36     	; 0x2744 <Master_PollVL53L0X+0x176>
        {
            return MASTER_VL_ERROR;
    2720:	82 e0       	ldi	r24, 0x02	; 2
    2722:	11 c0       	rjmp	.+34     	; 0x2746 <Master_PollVL53L0X+0x178>
    VL53L0X_Status_t status;
    uint8_t ready;

    if ((distance_mm == 0) || (carwash.vl_powered == 0U))
    {
        return MASTER_VL_ERROR;
    2724:	82 e0       	ldi	r24, 0x02	; 2
    2726:	0f c0       	rjmp	.+30     	; 0x2746 <Master_PollVL53L0X+0x178>
    2728:	82 e0       	ldi	r24, 0x02	; 2
    272a:	0d c0       	rjmp	.+26     	; 0x2746 <Master_PollVL53L0X+0x178>

    if (carwash.vl_pending == 0U)
    {
        if (Master_TimeReached(now, carwash.next_vl_start_ms) == 0U)
        {
            return MASTER_VL_NO_RESULT;
    272c:	80 e0       	ldi	r24, 0x00	; 0
    272e:	0b c0       	rjmp	.+22     	; 0x2746 <Master_PollVL53L0X+0x178>

        // Inicia una medicion y regresa para no bloquear el ciclo principal.
        status = VL53L0X_StartSingle(&vl53l0x_sensor);
        if (status != VL53L0X_OK)
        {
            return MASTER_VL_ERROR;
    2730:	82 e0       	ldi	r24, 0x02	; 2
    2732:	09 c0       	rjmp	.+18     	; 0x2746 <Master_PollVL53L0X+0x178>
        return MASTER_VL_NO_RESULT;
    }

    if (Master_TimeReached(now, carwash.next_vl_ready_ms) == 0U)
    {
        return MASTER_VL_NO_RESULT;
    2734:	80 e0       	ldi	r24, 0x00	; 0
    2736:	07 c0       	rjmp	.+14     	; 0x2746 <Master_PollVL53L0X+0x178>
    carwash.next_vl_ready_ms = now + CARWASH_VL_READY_INTERVAL_MS;
    // Consulta periodicamente hasta que el sensor anuncie un dato listo.
    status = VL53L0X_DataReady(&vl53l0x_sensor, &ready);
    if (status != VL53L0X_OK)
    {
        return MASTER_VL_ERROR;
    2738:	82 e0       	ldi	r24, 0x02	; 2
    273a:	05 c0       	rjmp	.+10     	; 0x2746 <Master_PollVL53L0X+0x178>

    if (ready != 0U)
    {
        status = VL53L0X_ReadResult(&vl53l0x_sensor, distance_mm);
        carwash.vl_pending = 0U;
        return (status == VL53L0X_OK) ?
    273c:	82 e0       	ldi	r24, 0x02	; 2
    273e:	03 c0       	rjmp	.+6      	; 0x2746 <Master_PollVL53L0X+0x178>
        {
            return MASTER_VL_ERROR;
        }
    }

    return MASTER_VL_NO_RESULT;
    2740:	80 e0       	ldi	r24, 0x00	; 0
    2742:	01 c0       	rjmp	.+2      	; 0x2746 <Master_PollVL53L0X+0x178>
    2744:	80 e0       	ldi	r24, 0x00	; 0
}
    2746:	0f 90       	pop	r0
    2748:	df 91       	pop	r29
    274a:	cf 91       	pop	r28
    274c:	1f 91       	pop	r17
    274e:	0f 91       	pop	r16
    2750:	ff 90       	pop	r15
    2752:	ef 90       	pop	r14
    2754:	df 90       	pop	r13
    2756:	cf 90       	pop	r12
    2758:	08 95       	ret

0000275a <CarWash_ServiceVL>:
    }
}

// Evalua la distancia VL53 para cambiar de etapa.
static void CarWash_ServiceVL(uint32_t now)
{
    275a:	cf 93       	push	r28
    275c:	df 93       	push	r29
    275e:	00 d0       	rcall	.+0      	; 0x2760 <CarWash_ServiceVL+0x6>
    2760:	cd b7       	in	r28, 0x3d	; 61
    2762:	de b7       	in	r29, 0x3e	; 62
    MasterVLResult result;
    uint16_t distance_mm;

    result = Master_PollVL53L0X(now, &distance_mm);
    2764:	ae 01       	movw	r20, r28
    2766:	4f 5f       	subi	r20, 0xFF	; 255
    2768:	5f 4f       	sbci	r21, 0xFF	; 255
    276a:	0e 94 e7 12 	call	0x25ce	; 0x25ce <Master_PollVL53L0X>
    if (result == MASTER_VL_ERROR)
    276e:	82 30       	cpi	r24, 0x02	; 2
    2770:	39 f4       	brne	.+14     	; 0x2780 <CarWash_ServiceVL+0x26>
    {
        CarWash_EnterError(Timebase_Millis(),
    2772:	0e 94 09 18 	call	0x3012	; 0x3012 <Timebase_Millis>
    2776:	45 ee       	ldi	r20, 0xE5	; 229
    2778:	55 e0       	ldi	r21, 0x05	; 5
    277a:	0e 94 ad 0b 	call	0x175a	; 0x175a <CarWash_EnterError>
                           PSTR("error I2C del VL53L0X"));
        return;
    277e:	3a c0       	rjmp	.+116    	; 0x27f4 <CarWash_ServiceVL+0x9a>
    }

    if (result != MASTER_VL_VALID_RESULT)
    2780:	81 30       	cpi	r24, 0x01	; 1
    2782:	c1 f5       	brne	.+112    	; 0x27f4 <CarWash_ServiceVL+0x9a>
    {
        return;
    }

    // Mantiene visible la distancia durante todas las busquedas.
    UART_WriteString("VL53L0X: ");
    2784:	8b ed       	ldi	r24, 0xDB	; 219
    2786:	95 e0       	ldi	r25, 0x05	; 5
    2788:	0e 94 02 08 	call	0x1004	; 0x1004 <UART_WriteFlashString>
    UART_WriteUInt16(distance_mm);
    278c:	89 81       	ldd	r24, Y+1	; 0x01
    278e:	9a 81       	ldd	r25, Y+2	; 0x02
    2790:	0e 94 1b 08 	call	0x1036	; 0x1036 <UART_WriteUInt16>
    UART_WriteString(" mm\r\n");
    2794:	85 ed       	ldi	r24, 0xD5	; 213
    2796:	95 e0       	ldi	r25, 0x05	; 5
    2798:	0e 94 02 08 	call	0x1004	; 0x1004 <UART_WriteFlashString>

    // Los valores fisicamente no validos se muestran, pero no cambian estado.
    if ((distance_mm < CARWASH_VL_MIN_MM) ||
    279c:	89 81       	ldd	r24, Y+1	; 0x01
    279e:	9a 81       	ldd	r25, Y+2	; 0x02
    27a0:	9c 01       	movw	r18, r24
    27a2:	24 51       	subi	r18, 0x14	; 20
    27a4:	31 09       	sbc	r19, r1
    27a6:	2d 3b       	cpi	r18, 0xBD	; 189
    27a8:	37 40       	sbci	r19, 0x07	; 7
    27aa:	20 f5       	brcc	.+72     	; 0x27f4 <CarWash_ServiceVL+0x9a>
        (distance_mm > CARWASH_VL_MAX_MM))
    {
        return;
    }

    carwash.last_vl_available = 1U;
    27ac:	ea e0       	ldi	r30, 0x0A	; 10
    27ae:	f1 e0       	ldi	r31, 0x01	; 1
    27b0:	21 e0       	ldi	r18, 0x01	; 1
    27b2:	21 a7       	std	Z+41, r18	; 0x29
    carwash.last_vl_mm = distance_mm;
    27b4:	90 a7       	std	Z+40, r25	; 0x28
    27b6:	87 a3       	std	Z+39, r24	; 0x27

    // Solo se evalua la ventana correspondiente a la etapa actual.
    if (carwash.state == CARWASH_SEEK_SOAP)
    27b8:	20 81       	ld	r18, Z
    27ba:	23 30       	cpi	r18, 0x03	; 3
    27bc:	39 f4       	brne	.+14     	; 0x27cc <CarWash_ServiceVL+0x72>
    {
        if ((distance_mm >= CARWASH_SOAP_MIN_MM) &&
    27be:	89 50       	subi	r24, 0x09	; 9
    27c0:	91 40       	sbci	r25, 0x01	; 1
    27c2:	06 97       	sbiw	r24, 0x06	; 6
    27c4:	b8 f4       	brcc	.+46     	; 0x27f4 <CarWash_ServiceVL+0x9a>
            (distance_mm <= CARWASH_SOAP_MAX_MM))
        {
            CarWash_EnterSoap();
    27c6:	0e 94 eb 0c 	call	0x19d6	; 0x19d6 <CarWash_EnterSoap>
    27ca:	14 c0       	rjmp	.+40     	; 0x27f4 <CarWash_ServiceVL+0x9a>
        }
    }
    else if (carwash.state == CARWASH_SEEK_WASH)
    27cc:	26 30       	cpi	r18, 0x06	; 6
    27ce:	39 f4       	brne	.+14     	; 0x27de <CarWash_ServiceVL+0x84>
    {
        if ((distance_mm >= CARWASH_WASH_MIN_MM) &&
    27d0:	8d 57       	subi	r24, 0x7D	; 125
    27d2:	91 09       	sbc	r25, r1
    27d4:	06 97       	sbiw	r24, 0x06	; 6
    27d6:	70 f4       	brcc	.+28     	; 0x27f4 <CarWash_ServiceVL+0x9a>
            (distance_mm <= CARWASH_WASH_MAX_MM))
        {
            CarWash_EnterWash();
    27d8:	0e 94 25 0d 	call	0x1a4a	; 0x1a4a <CarWash_EnterWash>
    27dc:	0b c0       	rjmp	.+22     	; 0x27f4 <CarWash_ServiceVL+0x9a>
        }
    }
    else if ((carwash.state == CARWASH_SEEK_FINISH) &&
    27de:	28 30       	cpi	r18, 0x08	; 8
    27e0:	49 f4       	brne	.+18     	; 0x27f4 <CarWash_ServiceVL+0x9a>
    27e2:	87 34       	cpi	r24, 0x47	; 71
    27e4:	91 05       	cpc	r25, r1
    27e6:	30 f4       	brcc	.+12     	; 0x27f4 <CarWash_ServiceVL+0x9a>
             (distance_mm <= CARWASH_FINISH_MAX_MM))
    {
        UART_WriteString("FIN\r\n");
    27e8:	8f ec       	ldi	r24, 0xCF	; 207
    27ea:	95 e0       	ldi	r25, 0x05	; 5
    27ec:	0e 94 02 08 	call	0x1004	; 0x1004 <UART_WriteFlashString>
        CarWash_EnterFinal();
    27f0:	0e 94 b3 0c 	call	0x1966	; 0x1966 <CarWash_EnterFinal>
    }
}
    27f4:	0f 90       	pop	r0
    27f6:	0f 90       	pop	r0
    27f8:	df 91       	pop	r29
    27fa:	cf 91       	pop	r28
    27fc:	08 95       	ret

000027fe <CarWash_CompleteWash>:
    CarWash_LogTransition(PSTR("Lavado"));
}

// Detiene el motor y termina el lavado.
static void CarWash_CompleteWash(void)
{
    27fe:	0f 93       	push	r16
    2800:	1f 93       	push	r17
    VL53L0X_Status_t vl_status;
    uint32_t now;

    if (Master_StopDevice(SLAVE1_I2C_ADDRESS,
    2802:	65 e0       	ldi	r22, 0x05	; 5
    2804:	81 e1       	ldi	r24, 0x11	; 17
    2806:	0e 94 75 0b 	call	0x16ea	; 0x16ea <Master_StopDevice>
    280a:	81 11       	cpse	r24, r1
    280c:	07 c0       	rjmp	.+14     	; 0x281c <CarWash_CompleteWash+0x1e>
                          (uint8_t)DC_MOTOR) == 0U)
    {
        CarWash_EnterError(Timebase_Millis(),
    280e:	0e 94 09 18 	call	0x3012	; 0x3012 <Timebase_Millis>
    2812:	48 e6       	ldi	r20, 0x68	; 104
    2814:	54 e0       	ldi	r21, 0x04	; 4
    2816:	0e 94 ad 0b 	call	0x175a	; 0x175a <CarWash_EnterError>
                           PSTR("motor DC no se detuvo"));
        return;
    281a:	45 c0       	rjmp	.+138    	; 0x28a6 <CarWash_CompleteWash+0xa8>
    }

    // Reinicia el ciclo de medicion antes de buscar la salida.
    vl_status = VL53L0X_ClearInterrupt(&vl53l0x_sensor);
    281c:	82 e4       	ldi	r24, 0x42	; 66
    281e:	91 e0       	ldi	r25, 0x01	; 1
    2820:	0e 94 75 20 	call	0x40ea	; 0x40ea <VL53L0X_ClearInterrupt>
    if (vl_status != VL53L0X_OK)
    2824:	88 23       	and	r24, r24
    2826:	39 f0       	breq	.+14     	; 0x2836 <CarWash_CompleteWash+0x38>
    {
        CarWash_EnterError(Timebase_Millis(),
    2828:	0e 94 09 18 	call	0x3012	; 0x3012 <Timebase_Millis>
    282c:	4b e4       	ldi	r20, 0x4B	; 75
    282e:	54 e0       	ldi	r21, 0x04	; 4
    2830:	0e 94 ad 0b 	call	0x175a	; 0x175a <CarWash_EnterError>
                           PSTR("VL53 no reinicio tras lavado"));
        return;
    2834:	38 c0       	rjmp	.+112    	; 0x28a6 <CarWash_CompleteWash+0xa8>
    }

    if (Master_StartStepper((uint8_t)PROTOCOL_DIRECTION_FORWARD) == 0U)
    2836:	81 e0       	ldi	r24, 0x01	; 1
    2838:	0e 94 39 0b 	call	0x1672	; 0x1672 <Master_StartStepper>
    283c:	81 11       	cpse	r24, r1
    283e:	07 c0       	rjmp	.+14     	; 0x284e <CarWash_CompleteWash+0x50>
    {
        CarWash_EnterError(Timebase_Millis(),
    2840:	0e 94 09 18 	call	0x3012	; 0x3012 <Timebase_Millis>
    2844:	47 e3       	ldi	r20, 0x37	; 55
    2846:	54 e0       	ldi	r21, 0x04	; 4
    2848:	0e 94 ad 0b 	call	0x175a	; 0x175a <CarWash_EnterError>
                           PSTR("stepper no reinicio"));
        return;
    284c:	2c c0       	rjmp	.+88     	; 0x28a6 <CarWash_CompleteWash+0xa8>
    }

    vl_status = VL53L0X_StartSingle(&vl53l0x_sensor);
    284e:	82 e4       	ldi	r24, 0x42	; 66
    2850:	91 e0       	ldi	r25, 0x01	; 1
    2852:	0e 94 db 1f 	call	0x3fb6	; 0x3fb6 <VL53L0X_StartSingle>
    if (vl_status != VL53L0X_OK)
    2856:	88 23       	and	r24, r24
    2858:	39 f0       	breq	.+14     	; 0x2868 <CarWash_CompleteWash+0x6a>
    {
        CarWash_EnterError(Timebase_Millis(),
    285a:	0e 94 09 18 	call	0x3012	; 0x3012 <Timebase_Millis>
    285e:	4c e1       	ldi	r20, 0x1C	; 28
    2860:	54 e0       	ldi	r21, 0x04	; 4
    2862:	0e 94 ad 0b 	call	0x175a	; 0x175a <CarWash_EnterError>
                           PSTR("VL53 no inicio tras lavado"));
        return;
    2866:	1f c0       	rjmp	.+62     	; 0x28a6 <CarWash_CompleteWash+0xa8>
    }

    now = Timebase_Millis();
    2868:	0e 94 09 18 	call	0x3012	; 0x3012 <Timebase_Millis>
    carwash.state = CARWASH_SEEK_FINISH;
    286c:	ea e0       	ldi	r30, 0x0A	; 10
    286e:	f1 e0       	ldi	r31, 0x01	; 1
    2870:	28 e0       	ldi	r18, 0x08	; 8
    2872:	20 83       	st	Z, r18
    carwash.vl_pending = 1U;
    2874:	21 e0       	ldi	r18, 0x01	; 1
    2876:	23 ab       	std	Z+51, r18	; 0x33
    carwash.vl_started_ms = now;
    2878:	65 8b       	std	Z+21, r22	; 0x15
    287a:	76 8b       	std	Z+22, r23	; 0x16
    287c:	87 8b       	std	Z+23, r24	; 0x17
    287e:	90 8f       	std	Z+24, r25	; 0x18
    carwash.next_vl_start_ms = now + CARWASH_VL_START_INTERVAL_MS;
    2880:	8b 01       	movw	r16, r22
    2882:	9c 01       	movw	r18, r24
    2884:	0e 5c       	subi	r16, 0xCE	; 206
    2886:	1f 4f       	sbci	r17, 0xFF	; 255
    2888:	2f 4f       	sbci	r18, 0xFF	; 255
    288a:	3f 4f       	sbci	r19, 0xFF	; 255
    288c:	05 87       	std	Z+13, r16	; 0x0d
    288e:	16 87       	std	Z+14, r17	; 0x0e
    2890:	27 87       	std	Z+15, r18	; 0x0f
    2892:	30 8b       	std	Z+16, r19	; 0x10
    carwash.next_vl_ready_ms = now + CARWASH_VL_READY_INTERVAL_MS;
    2894:	dc 01       	movw	r26, r24
    2896:	cb 01       	movw	r24, r22
    2898:	05 96       	adiw	r24, 0x05	; 5
    289a:	a1 1d       	adc	r26, r1
    289c:	b1 1d       	adc	r27, r1
    289e:	81 8b       	std	Z+17, r24	; 0x11
    28a0:	92 8b       	std	Z+18, r25	; 0x12
    28a2:	a3 8b       	std	Z+19, r26	; 0x13
    28a4:	b4 8b       	std	Z+20, r27	; 0x14
}
    28a6:	1f 91       	pop	r17
    28a8:	0f 91       	pop	r16
    28aa:	08 95       	ret

000028ac <CarWash_ServiceWash>:
}

// Mantiene el motor a velocidad fija durante cinco segundos.
static void CarWash_ServiceWash(uint32_t now)
{
    if (Master_TimeReached(now, carwash.deadline_ms) == 0U)
    28ac:	20 91 0b 01 	lds	r18, 0x010B	; 0x80010b <carwash+0x1>
    28b0:	30 91 0c 01 	lds	r19, 0x010C	; 0x80010c <carwash+0x2>
    28b4:	40 91 0d 01 	lds	r20, 0x010D	; 0x80010d <carwash+0x3>
    28b8:	50 91 0e 01 	lds	r21, 0x010E	; 0x80010e <carwash+0x4>
    28bc:	0e 94 a5 08 	call	0x114a	; 0x114a <Master_TimeReached>
    28c0:	88 23       	and	r24, r24
    28c2:	d1 f0       	breq	.+52     	; 0x28f8 <CarWash_ServiceWash+0x4c>
    {
        return;
    }

    // Cada fase dura un segundo; cinco fases completan el lavado.
    carwash.wash_phase++;
    28c4:	ea e0       	ldi	r30, 0x0A	; 10
    28c6:	f1 e0       	ldi	r31, 0x01	; 1
    28c8:	80 a9       	ldd	r24, Z+48	; 0x30
    28ca:	8f 5f       	subi	r24, 0xFF	; 255
    28cc:	80 ab       	std	Z+48, r24	; 0x30
    if (carwash.wash_phase >= 5U)
    28ce:	85 30       	cpi	r24, 0x05	; 5
    28d0:	18 f0       	brcs	.+6      	; 0x28d8 <CarWash_ServiceWash+0x2c>
    {
        CarWash_CompleteWash();
    28d2:	0e 94 ff 13 	call	0x27fe	; 0x27fe <CarWash_CompleteWash>
        return;
    28d6:	08 95       	ret
    }

    carwash.deadline_ms = Timebase_Millis() + CARWASH_WASH_PHASE_MS;
    28d8:	0e 94 09 18 	call	0x3012	; 0x3012 <Timebase_Millis>
    28dc:	dc 01       	movw	r26, r24
    28de:	cb 01       	movw	r24, r22
    28e0:	88 51       	subi	r24, 0x18	; 24
    28e2:	9c 4f       	sbci	r25, 0xFC	; 252
    28e4:	af 4f       	sbci	r26, 0xFF	; 255
    28e6:	bf 4f       	sbci	r27, 0xFF	; 255
    28e8:	80 93 0b 01 	sts	0x010B, r24	; 0x80010b <carwash+0x1>
    28ec:	90 93 0c 01 	sts	0x010C, r25	; 0x80010c <carwash+0x2>
    28f0:	a0 93 0d 01 	sts	0x010D, r26	; 0x80010d <carwash+0x3>
    28f4:	b0 93 0e 01 	sts	0x010E, r27	; 0x80010e <carwash+0x4>
    28f8:	08 95       	ret

000028fa <CarWash_Service>:
    CarWash_ServiceFinishWait(now);
}

// Ejecuta el servicio correspondiente al estado actual.
static void CarWash_Service(uint32_t now)
{
    28fa:	cf 92       	push	r12
    28fc:	df 92       	push	r13
    28fe:	ef 92       	push	r14
    2900:	ff 92       	push	r15
    2902:	6b 01       	movw	r12, r22
    2904:	7c 01       	movw	r14, r24
    if ((carwash.state != CARWASH_STARTUP_CHECK) &&
    2906:	80 91 0a 01 	lds	r24, 0x010A	; 0x80010a <carwash>
    290a:	88 23       	and	r24, r24
    290c:	59 f0       	breq	.+22     	; 0x2924 <CarWash_Service+0x2a>
    290e:	8b 30       	cpi	r24, 0x0B	; 11
    2910:	49 f0       	breq	.+18     	; 0x2924 <CarWash_Service+0x2a>
        (carwash.state != CARWASH_ERROR_LINKS) &&
    2912:	8c 30       	cpi	r24, 0x0C	; 12
    2914:	39 f0       	breq	.+14     	; 0x2924 <CarWash_Service+0x2a>
        (carwash.state != CARWASH_ERROR_WAIT_CLEAR))
    {
        if (CarWash_CheckNormalHealth(now) == 0U)
    2916:	c7 01       	movw	r24, r14
    2918:	b6 01       	movw	r22, r12
    291a:	0e 94 e7 0b 	call	0x17ce	; 0x17ce <CarWash_CheckNormalHealth>
    291e:	88 23       	and	r24, r24
    2920:	09 f4       	brne	.+2      	; 0x2924 <CarWash_Service+0x2a>
    2922:	77 c0       	rjmp	.+238    	; 0x2a12 <CarWash_Service+0x118>
            return;
        }
    }

    // Cada estado ejecuta solo una tarea corta y devuelve el control a main.
    switch (carwash.state)
    2924:	e0 91 0a 01 	lds	r30, 0x010A	; 0x80010a <carwash>
    2928:	8e 2f       	mov	r24, r30
    292a:	90 e0       	ldi	r25, 0x00	; 0
    292c:	8d 30       	cpi	r24, 0x0D	; 13
    292e:	91 05       	cpc	r25, r1
    2930:	08 f0       	brcs	.+2      	; 0x2934 <CarWash_Service+0x3a>
    2932:	69 c0       	rjmp	.+210    	; 0x2a06 <CarWash_Service+0x10c>
    2934:	fc 01       	movw	r30, r24
    2936:	ef 5b       	subi	r30, 0xBF	; 191
    2938:	ff 4f       	sbci	r31, 0xFF	; 255
    293a:	0c 94 be 20 	jmp	0x417c	; 0x417c <__tablejump2__>
    {
        case CARWASH_STARTUP_CHECK:
            CarWash_ServiceStartupCheck(now);
    293e:	c7 01       	movw	r24, r14
    2940:	b6 01       	movw	r22, r12
    2942:	0e 94 a3 12 	call	0x2546	; 0x2546 <CarWash_ServiceStartupCheck>
            break;
    2946:	65 c0       	rjmp	.+202    	; 0x2a12 <CarWash_Service+0x118>

        case CARWASH_IDLE:
            CarWash_ServiceIdleIR(now);
    2948:	c7 01       	movw	r24, r14
    294a:	b6 01       	movw	r22, r12
    294c:	0e 94 b9 0d 	call	0x1b72	; 0x1b72 <CarWash_ServiceIdleIR>
            break;
    2950:	60 c0       	rjmp	.+192    	; 0x2a12 <CarWash_Service+0x118>

        case CARWASH_ENTRY_WAIT:
            if (Master_TimeReached(now, carwash.deadline_ms) != 0U)
    2952:	20 91 0b 01 	lds	r18, 0x010B	; 0x80010b <carwash+0x1>
    2956:	30 91 0c 01 	lds	r19, 0x010C	; 0x80010c <carwash+0x2>
    295a:	40 91 0d 01 	lds	r20, 0x010D	; 0x80010d <carwash+0x3>
    295e:	50 91 0e 01 	lds	r21, 0x010E	; 0x80010e <carwash+0x4>
    2962:	c7 01       	movw	r24, r14
    2964:	b6 01       	movw	r22, r12
    2966:	0e 94 a5 08 	call	0x114a	; 0x114a <Master_TimeReached>
    296a:	88 23       	and	r24, r24
    296c:	09 f4       	brne	.+2      	; 0x2970 <CarWash_Service+0x76>
    296e:	51 c0       	rjmp	.+162    	; 0x2a12 <CarWash_Service+0x118>
            {
                CarWash_FinishEntry();
    2970:	0e 94 8e 10 	call	0x211c	; 0x211c <CarWash_FinishEntry>
    2974:	4e c0       	rjmp	.+156    	; 0x2a12 <CarWash_Service+0x118>
            break;

        case CARWASH_SEEK_SOAP:
        case CARWASH_SEEK_WASH:
        case CARWASH_SEEK_FINISH:
            CarWash_ServiceVL(now);
    2976:	c7 01       	movw	r24, r14
    2978:	b6 01       	movw	r22, r12
    297a:	0e 94 ad 13 	call	0x275a	; 0x275a <CarWash_ServiceVL>
            break;
    297e:	49 c0       	rjmp	.+146    	; 0x2a12 <CarWash_Service+0x118>

        case CARWASH_SOAP_REFERENCE:
        case CARWASH_SOAP_WATER:
            CarWash_ServiceHCSR04(now);
    2980:	c7 01       	movw	r24, r14
    2982:	b6 01       	movw	r22, r12
    2984:	0e 94 18 0f 	call	0x1e30	; 0x1e30 <CarWash_ServiceHCSR04>
            break;
    2988:	44 c0       	rjmp	.+136    	; 0x2a12 <CarWash_Service+0x118>

        case CARWASH_WASH:
            CarWash_ServiceWash(now);
    298a:	c7 01       	movw	r24, r14
    298c:	b6 01       	movw	r22, r12
    298e:	0e 94 56 14 	call	0x28ac	; 0x28ac <CarWash_ServiceWash>
            break;
    2992:	3f c0       	rjmp	.+126    	; 0x2a12 <CarWash_Service+0x118>

        case CARWASH_FINISH_REVERSE:
            if (Master_TimeReached(now, carwash.deadline_ms) != 0U)
    2994:	20 91 0b 01 	lds	r18, 0x010B	; 0x80010b <carwash+0x1>
    2998:	30 91 0c 01 	lds	r19, 0x010C	; 0x80010c <carwash+0x2>
    299c:	40 91 0d 01 	lds	r20, 0x010D	; 0x80010d <carwash+0x3>
    29a0:	50 91 0e 01 	lds	r21, 0x010E	; 0x80010e <carwash+0x4>
    29a4:	c7 01       	movw	r24, r14
    29a6:	b6 01       	movw	r22, r12
    29a8:	0e 94 a5 08 	call	0x114a	; 0x114a <Master_TimeReached>
    29ac:	88 23       	and	r24, r24
    29ae:	89 f1       	breq	.+98     	; 0x2a12 <CarWash_Service+0x118>
            {
                if (Master_StopDevice(SLAVE2_I2C_ADDRESS,
    29b0:	66 e0       	ldi	r22, 0x06	; 6
    29b2:	82 e1       	ldi	r24, 0x12	; 18
    29b4:	0e 94 75 0b 	call	0x16ea	; 0x16ea <Master_StopDevice>
    29b8:	81 11       	cpse	r24, r1
    29ba:	07 c0       	rjmp	.+14     	; 0x29ca <CarWash_Service+0xd0>
                                      (uint8_t)STEPPER) == 0U)
                {
                    CarWash_EnterError(Timebase_Millis(),
    29bc:	0e 94 09 18 	call	0x3012	; 0x3012 <Timebase_Millis>
    29c0:	43 eb       	ldi	r20, 0xB3	; 179
    29c2:	58 e0       	ldi	r21, 0x08	; 8
    29c4:	0e 94 ad 0b 	call	0x175a	; 0x175a <CarWash_EnterError>
                                       PSTR("stepper no detuvo retorno"));
                    return;
    29c8:	24 c0       	rjmp	.+72     	; 0x2a12 <CarWash_Service+0x118>
                }

                carwash.state = CARWASH_FINISH_WAIT_CLEAR;
    29ca:	ea e0       	ldi	r30, 0x0A	; 10
    29cc:	f1 e0       	ldi	r31, 0x01	; 1
    29ce:	8a e0       	ldi	r24, 0x0A	; 10
    29d0:	80 83       	st	Z, r24
                carwash.ir_free_count = 0U;
    29d2:	17 a6       	std	Z+47, r1	; 0x2f
                carwash.ir_counter_known = 0U;
    29d4:	12 a6       	std	Z+42, r1	; 0x2a
                carwash.next_ir_ms = now;
    29d6:	c5 82       	std	Z+5, r12	; 0x05
    29d8:	d6 82       	std	Z+6, r13	; 0x06
    29da:	e7 82       	std	Z+7, r14	; 0x07
    29dc:	f0 86       	std	Z+8, r15	; 0x08
                CarWash_LogTransition(PSTR("Esperando retiro"));
    29de:	82 ea       	ldi	r24, 0xA2	; 162
    29e0:	98 e0       	ldi	r25, 0x08	; 8
    29e2:	0e 94 d0 09 	call	0x13a0	; 0x13a0 <CarWash_LogTransition>
    29e6:	15 c0       	rjmp	.+42     	; 0x2a12 <CarWash_Service+0x118>
            }
            break;

        case CARWASH_FINISH_WAIT_CLEAR:
            CarWash_ServiceFinishWait(now);
    29e8:	c7 01       	movw	r24, r14
    29ea:	b6 01       	movw	r22, r12
    29ec:	0e 94 19 0e 	call	0x1c32	; 0x1c32 <CarWash_ServiceFinishWait>
            break;
    29f0:	10 c0       	rjmp	.+32     	; 0x2a12 <CarWash_Service+0x118>

        case CARWASH_ERROR_LINKS:
            CarWash_ServiceErrorLinks(now);
    29f2:	c7 01       	movw	r24, r14
    29f4:	b6 01       	movw	r22, r12
    29f6:	0e 94 ba 10 	call	0x2174	; 0x2174 <CarWash_ServiceErrorLinks>
            break;
    29fa:	0b c0       	rjmp	.+22     	; 0x2a12 <CarWash_Service+0x118>

        case CARWASH_ERROR_WAIT_CLEAR:
            CarWash_ServiceErrorWaitClear(now);
    29fc:	c7 01       	movw	r24, r14
    29fe:	b6 01       	movw	r22, r12
    2a00:	0e 94 79 0e 	call	0x1cf2	; 0x1cf2 <CarWash_ServiceErrorWaitClear>
            break;
    2a04:	06 c0       	rjmp	.+12     	; 0x2a12 <CarWash_Service+0x118>

        default:
            CarWash_EnterError(Timebase_Millis(),
    2a06:	0e 94 09 18 	call	0x3012	; 0x3012 <Timebase_Millis>
    2a0a:	47 e8       	ldi	r20, 0x87	; 135
    2a0c:	58 e0       	ldi	r21, 0x08	; 8
    2a0e:	0e 94 ad 0b 	call	0x175a	; 0x175a <CarWash_EnterError>
                               PSTR("estado interno desconocido"));
            break;
    }
}
    2a12:	ff 90       	pop	r15
    2a14:	ef 90       	pop	r14
    2a16:	df 90       	pop	r13
    2a18:	cf 90       	pop	r12
    2a1a:	08 95       	ret

00002a1c <Master_ServiceI2CScan>:
    UART_WriteString("Escaneo I2C 0x08-0x77 iniciado.\r\n");
}

// Procesa una direccion del escaneo I2C.
static void Master_ServiceI2CScan(void)
{
    2a1c:	cf 93       	push	r28
    2a1e:	df 93       	push	r29
    if (i2c_scan.active == 0U)
    2a20:	80 91 01 01 	lds	r24, 0x0101	; 0x800101 <i2c_scan>
    2a24:	88 23       	and	r24, r24
    2a26:	99 f1       	breq	.+102    	; 0x2a8e <Master_ServiceI2CScan+0x72>
    {
        return;
    }

    if (I2C_Master_ProbeAddress(i2c_scan.address) != 0U)
    2a28:	80 91 02 01 	lds	r24, 0x0102	; 0x800102 <i2c_scan+0x1>
    2a2c:	0e 94 8b 06 	call	0xd16	; 0xd16 <I2C_Master_ProbeAddress>
    2a30:	88 23       	and	r24, r24
    2a32:	79 f0       	breq	.+30     	; 0x2a52 <Master_ServiceI2CScan+0x36>
    {
        UART_WriteString("  encontrado ");
    2a34:	85 ef       	ldi	r24, 0xF5	; 245
    2a36:	90 e0       	ldi	r25, 0x00	; 0
    2a38:	0e 94 02 08 	call	0x1004	; 0x1004 <UART_WriteFlashString>
        UART_WriteHexByte(i2c_scan.address);
    2a3c:	c1 e0       	ldi	r28, 0x01	; 1
    2a3e:	d1 e0       	ldi	r29, 0x01	; 1
    2a40:	89 81       	ldd	r24, Y+1	; 0x01
    2a42:	0e 94 7b 08 	call	0x10f6	; 0x10f6 <UART_WriteHexByte>
        UART_WriteString("\r\n");
    2a46:	82 ef       	ldi	r24, 0xF2	; 242
    2a48:	90 e0       	ldi	r25, 0x00	; 0
    2a4a:	0e 94 02 08 	call	0x1004	; 0x1004 <UART_WriteFlashString>
        i2c_scan.found = 1U;
    2a4e:	81 e0       	ldi	r24, 0x01	; 1
    2a50:	8a 83       	std	Y+2, r24	; 0x02
    }

    if (i2c_scan.address >= 0x77U)
    2a52:	80 91 02 01 	lds	r24, 0x0102	; 0x800102 <i2c_scan+0x1>
    2a56:	87 37       	cpi	r24, 0x77	; 119
    2a58:	b8 f0       	brcs	.+46     	; 0x2a88 <Master_ServiceI2CScan+0x6c>
    {
        if (i2c_scan.found == 0U)
    2a5a:	80 91 03 01 	lds	r24, 0x0103	; 0x800103 <i2c_scan+0x2>
    2a5e:	81 11       	cpse	r24, r1
    2a60:	04 c0       	rjmp	.+8      	; 0x2a6a <Master_ServiceI2CScan+0x4e>
        {
            UART_WriteString("  ninguna direccion respondio\r\n");
    2a62:	82 ed       	ldi	r24, 0xD2	; 210
    2a64:	90 e0       	ldi	r25, 0x00	; 0
    2a66:	0e 94 02 08 	call	0x1004	; 0x1004 <UART_WriteFlashString>
        }
        if (carwash.vl_powered == 0U)
    2a6a:	80 91 3c 01 	lds	r24, 0x013C	; 0x80013c <carwash+0x32>
    2a6e:	81 11       	cpse	r24, r1
    2a70:	04 c0       	rjmp	.+8      	; 0x2a7a <Master_ServiceI2CScan+0x5e>
        {
            UART_WriteString("  0x29 esta apagado por XSHUT.\r\n");
    2a72:	81 eb       	ldi	r24, 0xB1	; 177
    2a74:	90 e0       	ldi	r25, 0x00	; 0
    2a76:	0e 94 02 08 	call	0x1004	; 0x1004 <UART_WriteFlashString>
        }
        UART_WriteString("Escaneo terminado.\r\n");
    2a7a:	8c e9       	ldi	r24, 0x9C	; 156
    2a7c:	90 e0       	ldi	r25, 0x00	; 0
    2a7e:	0e 94 02 08 	call	0x1004	; 0x1004 <UART_WriteFlashString>
        i2c_scan.active = 0U;
    2a82:	10 92 01 01 	sts	0x0101, r1	; 0x800101 <i2c_scan>
    2a86:	03 c0       	rjmp	.+6      	; 0x2a8e <Master_ServiceI2CScan+0x72>
    }
    else
    {
        i2c_scan.address++;
    2a88:	8f 5f       	subi	r24, 0xFF	; 255
    2a8a:	80 93 02 01 	sts	0x0102, r24	; 0x800102 <i2c_scan+0x1>
    }
}
    2a8e:	df 91       	pop	r29
    2a90:	cf 91       	pop	r28
    2a92:	08 95       	ret

00002a94 <Master_ServiceDiagnostics>:
}

// Ejecuta diagnosticos pendientes sin bloquear.
static void Master_ServiceDiagnostics(void)
{
    if (status_report_step != 0U)
    2a94:	80 91 09 01 	lds	r24, 0x0109	; 0x800109 <status_report_step>
    2a98:	88 23       	and	r24, r24
    2a9a:	19 f0       	breq	.+6      	; 0x2aa2 <Master_ServiceDiagnostics+0xe>
    {
        Master_PrintActuatorReportStep();
    2a9c:	0e 94 b2 0f 	call	0x1f64	; 0x1f64 <Master_PrintActuatorReportStep>
    2aa0:	08 95       	ret
    }
    else
    {
        Master_ServiceI2CScan();
    2aa2:	0e 94 0e 15 	call	0x2a1c	; 0x2a1c <Master_ServiceI2CScan>
    2aa6:	08 95       	ret

00002aa8 <__vector_19>:
/****************************************/
// Interrupt routines

// Transmite el siguiente byte pendiente por UART.
ISR(USART_UDRE_vect)
{
    2aa8:	1f 92       	push	r1
    2aaa:	0f 92       	push	r0
    2aac:	0f b6       	in	r0, 0x3f	; 63
    2aae:	0f 92       	push	r0
    2ab0:	11 24       	eor	r1, r1
    2ab2:	8f 93       	push	r24
    2ab4:	9f 93       	push	r25
    2ab6:	ef 93       	push	r30
    2ab8:	ff 93       	push	r31
    if (uart_tx_tail == uart_tx_head)
    2aba:	90 91 57 01 	lds	r25, 0x0157	; 0x800157 <uart_tx_tail>
    2abe:	80 91 58 01 	lds	r24, 0x0158	; 0x800158 <uart_tx_head>
    2ac2:	98 13       	cpse	r25, r24
    2ac4:	06 c0       	rjmp	.+12     	; 0x2ad2 <__vector_19+0x2a>
    {
        UCSR0B &= (uint8_t)~(1U << UDRIE0);
    2ac6:	e1 ec       	ldi	r30, 0xC1	; 193
    2ac8:	f0 e0       	ldi	r31, 0x00	; 0
    2aca:	80 81       	ld	r24, Z
    2acc:	8f 7d       	andi	r24, 0xDF	; 223
    2ace:	80 83       	st	Z, r24
    2ad0:	0d c0       	rjmp	.+26     	; 0x2aec <__vector_19+0x44>
    }
    else
    {
        UDR0 = uart_tx_buffer[uart_tx_tail];
    2ad2:	e0 91 57 01 	lds	r30, 0x0157	; 0x800157 <uart_tx_tail>
    2ad6:	f0 e0       	ldi	r31, 0x00	; 0
    2ad8:	e7 5a       	subi	r30, 0xA7	; 167
    2ada:	fe 4f       	sbci	r31, 0xFE	; 254
    2adc:	80 81       	ld	r24, Z
    2ade:	80 93 c6 00 	sts	0x00C6, r24	; 0x8000c6 <__TEXT_REGION_LENGTH__+0x7f80c6>
        uart_tx_tail = (uint8_t)(uart_tx_tail + 1U);
    2ae2:	80 91 57 01 	lds	r24, 0x0157	; 0x800157 <uart_tx_tail>
    2ae6:	8f 5f       	subi	r24, 0xFF	; 255
    2ae8:	80 93 57 01 	sts	0x0157, r24	; 0x800157 <uart_tx_tail>
    }
}
    2aec:	ff 91       	pop	r31
    2aee:	ef 91       	pop	r30
    2af0:	9f 91       	pop	r25
    2af2:	8f 91       	pop	r24
    2af4:	0f 90       	pop	r0
    2af6:	0f be       	out	0x3f, r0	; 63
    2af8:	0f 90       	pop	r0
    2afa:	1f 90       	pop	r1
    2afc:	18 95       	reti

00002afe <main>:
// Main Function

// Inicializa perifericos y ejecuta el ciclo principal.
int main(void)
{
    uint8_t reset_cause = MCUSR;
    2afe:	c4 b7       	in	r28, 0x34	; 52

    MCUSR = 0U;
    2b00:	14 be       	out	0x34, r1	; 52

    // Configura interfaces, sensor ToF apagado y base de tiempo.
    UART_Init();
    2b02:	0e 94 e1 07 	call	0xfc2	; 0xfc2 <UART_Init>
    initLCD8bits();
    2b06:	0e 94 b4 07 	call	0xf68	; 0xf68 <initLCD8bits>
    I2C_Master_Init(100000UL, 1U);
    2b0a:	41 e0       	ldi	r20, 0x01	; 1
    2b0c:	60 ea       	ldi	r22, 0xA0	; 160
    2b0e:	76 e8       	ldi	r23, 0x86	; 134
    2b10:	81 e0       	ldi	r24, 0x01	; 1
    2b12:	90 e0       	ldi	r25, 0x00	; 0
    2b14:	0e 94 20 05 	call	0xa40	; 0xa40 <I2C_Master_Init>
    VL53L0X_ObjectInit(&vl53l0x_sensor);
    2b18:	82 e4       	ldi	r24, 0x42	; 66
    2b1a:	91 e0       	ldi	r25, 0x01	; 1
    2b1c:	0e 94 3f 1d 	call	0x3a7e	; 0x3a7e <VL53L0X_ObjectInit>
    (void)VL53L0X_AttachXSHUT(&vl53l0x_sensor,
    2b20:	22 e0       	ldi	r18, 0x02	; 2
    2b22:	45 e2       	ldi	r20, 0x25	; 37
    2b24:	50 e0       	ldi	r21, 0x00	; 0
    2b26:	64 e2       	ldi	r22, 0x24	; 36
    2b28:	70 e0       	ldi	r23, 0x00	; 0
    2b2a:	82 e4       	ldi	r24, 0x42	; 66
    2b2c:	91 e0       	ldi	r25, 0x01	; 1
    2b2e:	0e 94 5b 1d 	call	0x3ab6	; 0x3ab6 <VL53L0X_AttachXSHUT>
                              &DDRB,
                              &PORTB,
                              PB2);
    (void)VL53L0X_Shutdown(&vl53l0x_sensor);
    2b32:	82 e4       	ldi	r24, 0x42	; 66
    2b34:	91 e0       	ldi	r25, 0x01	; 1
    2b36:	0e 94 92 1d 	call	0x3b24	; 0x3b24 <VL53L0X_Shutdown>
    Timebase_Init();
    2b3a:	0e 94 fc 17 	call	0x2ff8	; 0x2ff8 <Timebase_Init>
    sei();
    2b3e:	78 94       	sei

    UART_WriteString("MASTER12C listo.\r\n");
    2b40:	85 e1       	ldi	r24, 0x15	; 21
    2b42:	99 e0       	ldi	r25, 0x09	; 9
    2b44:	0e 94 02 08 	call	0x1004	; 0x1004 <UART_WriteFlashString>
    UART_WriteString("Reset MCUSR: ");
    2b48:	87 e0       	ldi	r24, 0x07	; 7
    2b4a:	99 e0       	ldi	r25, 0x09	; 9
    2b4c:	0e 94 02 08 	call	0x1004	; 0x1004 <UART_WriteFlashString>
    UART_WriteHexByte(reset_cause);
    2b50:	8c 2f       	mov	r24, r28
    2b52:	0e 94 7b 08 	call	0x10f6	; 0x10f6 <UART_WriteHexByte>
    UART_WriteString("\r\n");
    2b56:	84 e0       	ldi	r24, 0x04	; 4
    2b58:	99 e0       	ldi	r25, 0x09	; 9
    2b5a:	0e 94 02 08 	call	0x1004	; 0x1004 <UART_WriteFlashString>
    UART_WriteString("p: estado  s: escaneo I2C\r\n");
    2b5e:	88 ee       	ldi	r24, 0xE8	; 232
    2b60:	98 e0       	ldi	r25, 0x08	; 8
    2b62:	0e 94 02 08 	call	0x1004	; 0x1004 <UART_WriteFlashString>
    CarWash_EnterStartupCheck(Timebase_Millis());
    2b66:	0e 94 09 18 	call	0x3012	; 0x3012 <Timebase_Millis>
    2b6a:	0e 94 35 0a 	call	0x146a	; 0x146a <CarWash_EnterStartupCheck>

    // Atiende continuamente control automatico, UART y diagnosticos.
    while (1)
    {
        CarWash_Service(Timebase_Millis());
    2b6e:	0e 94 09 18 	call	0x3012	; 0x3012 <Timebase_Millis>
    2b72:	0e 94 7d 14 	call	0x28fa	; 0x28fa <CarWash_Service>
        Master_ServiceUART();
    2b76:	0e 94 e1 09 	call	0x13c2	; 0x13c2 <Master_ServiceUART>
        Master_ServiceDiagnostics();
    2b7a:	0e 94 4a 15 	call	0x2a94	; 0x2a94 <Master_ServiceDiagnostics>
    2b7e:	f7 cf       	rjmp	.-18     	; 0x2b6e <main+0x70>

00002b80 <Protocol_Clear>:
    {
        request->data[index] = frame[index + 3U];
    }

    return Protocol_ValidateRequest(request);
}
    2b80:	9c 01       	movw	r18, r24
    2b82:	90 e0       	ldi	r25, 0x00	; 0
    2b84:	05 c0       	rjmp	.+10     	; 0x2b90 <Protocol_Clear+0x10>
    2b86:	f9 01       	movw	r30, r18
    2b88:	e9 0f       	add	r30, r25
    2b8a:	f1 1d       	adc	r31, r1
    2b8c:	10 82       	st	Z, r1
    2b8e:	9f 5f       	subi	r25, 0xFF	; 255
    2b90:	96 17       	cp	r25, r22
    2b92:	c8 f3       	brcs	.-14     	; 0x2b86 <Protocol_Clear+0x6>
    2b94:	08 95       	ret

00002b96 <Protocol_Copy>:
    2b96:	cf 93       	push	r28
    2b98:	df 93       	push	r29
    2b9a:	dc 01       	movw	r26, r24
    2b9c:	90 e0       	ldi	r25, 0x00	; 0
    2b9e:	0b c0       	rjmp	.+22     	; 0x2bb6 <Protocol_Copy+0x20>
    2ba0:	29 2f       	mov	r18, r25
    2ba2:	30 e0       	ldi	r19, 0x00	; 0
    2ba4:	fd 01       	movw	r30, r26
    2ba6:	e2 0f       	add	r30, r18
    2ba8:	f3 1f       	adc	r31, r19
    2baa:	eb 01       	movw	r28, r22
    2bac:	c2 0f       	add	r28, r18
    2bae:	d3 1f       	adc	r29, r19
    2bb0:	28 81       	ld	r18, Y
    2bb2:	20 83       	st	Z, r18
    2bb4:	9f 5f       	subi	r25, 0xFF	; 255
    2bb6:	94 17       	cp	r25, r20
    2bb8:	98 f3       	brcs	.-26     	; 0x2ba0 <Protocol_Copy+0xa>
    2bba:	df 91       	pop	r29
    2bbc:	cf 91       	pop	r28
    2bbe:	08 95       	ret

00002bc0 <Protocol_IsKnownCommand>:
    2bc0:	81 50       	subi	r24, 0x01	; 1
    2bc2:	86 30       	cpi	r24, 0x06	; 6
    2bc4:	10 f4       	brcc	.+4      	; 0x2bca <Protocol_IsKnownCommand+0xa>
    2bc6:	81 e0       	ldi	r24, 0x01	; 1
    2bc8:	08 95       	ret
    2bca:	80 e0       	ldi	r24, 0x00	; 0
    2bcc:	08 95       	ret

00002bce <Protocol_IsKnownDevice>:
    2bce:	9f ef       	ldi	r25, 0xFF	; 255
    2bd0:	98 0f       	add	r25, r24
    2bd2:	96 30       	cpi	r25, 0x06	; 6
    2bd4:	20 f0       	brcs	.+8      	; 0x2bde <Protocol_IsKnownDevice+0x10>
    2bd6:	8f 37       	cpi	r24, 0x7F	; 127
    2bd8:	21 f4       	brne	.+8      	; 0x2be2 <Protocol_IsKnownDevice+0x14>
    2bda:	81 e0       	ldi	r24, 0x01	; 1
    2bdc:	08 95       	ret
    2bde:	81 e0       	ldi	r24, 0x01	; 1
    2be0:	08 95       	ret
    2be2:	80 e0       	ldi	r24, 0x00	; 0
    2be4:	08 95       	ret

00002be6 <Protocol_IsKnownStatus>:
    2be6:	89 30       	cpi	r24, 0x09	; 9
    2be8:	10 f4       	brcc	.+4      	; 0x2bee <Protocol_IsKnownStatus+0x8>
    2bea:	81 e0       	ldi	r24, 0x01	; 1
    2bec:	08 95       	ret
    2bee:	80 e0       	ldi	r24, 0x00	; 0
    2bf0:	08 95       	ret

00002bf2 <Protocol_ValidateRequest>:
    2bf2:	0f 93       	push	r16
    2bf4:	1f 93       	push	r17
    2bf6:	cf 93       	push	r28
    2bf8:	df 93       	push	r29
    2bfa:	00 97       	sbiw	r24, 0x00	; 0
    2bfc:	09 f4       	brne	.+2      	; 0x2c00 <Protocol_ValidateRequest+0xe>
    2bfe:	66 c0       	rjmp	.+204    	; 0x2ccc <Protocol_ValidateRequest+0xda>
    2c00:	ec 01       	movw	r28, r24
    2c02:	18 81       	ld	r17, Y
    2c04:	81 2f       	mov	r24, r17
    2c06:	0e 94 e0 15 	call	0x2bc0	; 0x2bc0 <Protocol_IsKnownCommand>
    2c0a:	88 23       	and	r24, r24
    2c0c:	09 f4       	brne	.+2      	; 0x2c10 <Protocol_ValidateRequest+0x1e>
    2c0e:	60 c0       	rjmp	.+192    	; 0x2cd0 <Protocol_ValidateRequest+0xde>
    2c10:	09 81       	ldd	r16, Y+1	; 0x01
    2c12:	80 2f       	mov	r24, r16
    2c14:	0e 94 e7 15 	call	0x2bce	; 0x2bce <Protocol_IsKnownDevice>
    2c18:	88 23       	and	r24, r24
    2c1a:	09 f4       	brne	.+2      	; 0x2c1e <Protocol_ValidateRequest+0x2c>
    2c1c:	5b c0       	rjmp	.+182    	; 0x2cd4 <Protocol_ValidateRequest+0xe2>
    2c1e:	2a 81       	ldd	r18, Y+2	; 0x02
    2c20:	26 30       	cpi	r18, 0x06	; 6
    2c22:	08 f0       	brcs	.+2      	; 0x2c26 <Protocol_ValidateRequest+0x34>
    2c24:	59 c0       	rjmp	.+178    	; 0x2cd8 <Protocol_ValidateRequest+0xe6>
    2c26:	82 2f       	mov	r24, r18
    2c28:	07 c0       	rjmp	.+14     	; 0x2c38 <Protocol_ValidateRequest+0x46>
    2c2a:	fe 01       	movw	r30, r28
    2c2c:	e8 0f       	add	r30, r24
    2c2e:	f1 1d       	adc	r31, r1
    2c30:	93 81       	ldd	r25, Z+3	; 0x03
    2c32:	91 11       	cpse	r25, r1
    2c34:	53 c0       	rjmp	.+166    	; 0x2cdc <Protocol_ValidateRequest+0xea>
    2c36:	8f 5f       	subi	r24, 0xFF	; 255
    2c38:	85 30       	cpi	r24, 0x05	; 5
    2c3a:	b8 f3       	brcs	.-18     	; 0x2c2a <Protocol_ValidateRequest+0x38>
    2c3c:	13 30       	cpi	r17, 0x03	; 3
    2c3e:	c1 f0       	breq	.+48     	; 0x2c70 <Protocol_ValidateRequest+0x7e>
    2c40:	28 f4       	brcc	.+10     	; 0x2c4c <Protocol_ValidateRequest+0x5a>
    2c42:	11 30       	cpi	r17, 0x01	; 1
    2c44:	49 f0       	breq	.+18     	; 0x2c58 <Protocol_ValidateRequest+0x66>
    2c46:	12 30       	cpi	r17, 0x02	; 2
    2c48:	59 f0       	breq	.+22     	; 0x2c60 <Protocol_ValidateRequest+0x6e>
    2c4a:	4a c0       	rjmp	.+148    	; 0x2ce0 <Protocol_ValidateRequest+0xee>
    2c4c:	15 30       	cpi	r17, 0x05	; 5
    2c4e:	19 f1       	breq	.+70     	; 0x2c96 <Protocol_ValidateRequest+0xa4>
    2c50:	c8 f0       	brcs	.+50     	; 0x2c84 <Protocol_ValidateRequest+0x92>
    2c52:	16 30       	cpi	r17, 0x06	; 6
    2c54:	89 f1       	breq	.+98     	; 0x2cb8 <Protocol_ValidateRequest+0xc6>
    2c56:	44 c0       	rjmp	.+136    	; 0x2ce0 <Protocol_ValidateRequest+0xee>
    2c58:	21 11       	cpse	r18, r1
    2c5a:	44 c0       	rjmp	.+136    	; 0x2ce4 <Protocol_ValidateRequest+0xf2>
    2c5c:	80 e0       	ldi	r24, 0x00	; 0
    2c5e:	5f c0       	rjmp	.+190    	; 0x2d1e <Protocol_ValidateRequest+0x12c>
    2c60:	01 50       	subi	r16, 0x01	; 1
    2c62:	02 30       	cpi	r16, 0x02	; 2
    2c64:	08 f0       	brcs	.+2      	; 0x2c68 <Protocol_ValidateRequest+0x76>
    2c66:	40 c0       	rjmp	.+128    	; 0x2ce8 <Protocol_ValidateRequest+0xf6>
    2c68:	21 11       	cpse	r18, r1
    2c6a:	40 c0       	rjmp	.+128    	; 0x2cec <Protocol_ValidateRequest+0xfa>
    2c6c:	80 e0       	ldi	r24, 0x00	; 0
    2c6e:	57 c0       	rjmp	.+174    	; 0x2d1e <Protocol_ValidateRequest+0x12c>
    2c70:	03 50       	subi	r16, 0x03	; 3
    2c72:	02 30       	cpi	r16, 0x02	; 2
    2c74:	e8 f5       	brcc	.+122    	; 0x2cf0 <Protocol_ValidateRequest+0xfe>
    2c76:	21 30       	cpi	r18, 0x01	; 1
    2c78:	e9 f5       	brne	.+122    	; 0x2cf4 <Protocol_ValidateRequest+0x102>
    2c7a:	8b 81       	ldd	r24, Y+3	; 0x03
    2c7c:	85 3b       	cpi	r24, 0xB5	; 181
    2c7e:	e0 f5       	brcc	.+120    	; 0x2cf8 <Protocol_ValidateRequest+0x106>
    2c80:	80 e0       	ldi	r24, 0x00	; 0
    2c82:	4d c0       	rjmp	.+154    	; 0x2d1e <Protocol_ValidateRequest+0x12c>
    2c84:	05 30       	cpi	r16, 0x05	; 5
    2c86:	d1 f5       	brne	.+116    	; 0x2cfc <Protocol_ValidateRequest+0x10a>
    2c88:	22 30       	cpi	r18, 0x02	; 2
    2c8a:	d1 f5       	brne	.+116    	; 0x2d00 <Protocol_ValidateRequest+0x10e>
    2c8c:	8b 81       	ldd	r24, Y+3	; 0x03
    2c8e:	82 30       	cpi	r24, 0x02	; 2
    2c90:	c8 f5       	brcc	.+114    	; 0x2d04 <Protocol_ValidateRequest+0x112>
    2c92:	80 e0       	ldi	r24, 0x00	; 0
    2c94:	44 c0       	rjmp	.+136    	; 0x2d1e <Protocol_ValidateRequest+0x12c>
    2c96:	06 30       	cpi	r16, 0x06	; 6
    2c98:	b9 f5       	brne	.+110    	; 0x2d08 <Protocol_ValidateRequest+0x116>
    2c9a:	25 30       	cpi	r18, 0x05	; 5
    2c9c:	b9 f5       	brne	.+110    	; 0x2d0c <Protocol_ValidateRequest+0x11a>
    2c9e:	8b 81       	ldd	r24, Y+3	; 0x03
    2ca0:	82 30       	cpi	r24, 0x02	; 2
    2ca2:	b0 f5       	brcc	.+108    	; 0x2d10 <Protocol_ValidateRequest+0x11e>
    2ca4:	8e 81       	ldd	r24, Y+6	; 0x06
    2ca6:	90 e0       	ldi	r25, 0x00	; 0
    2ca8:	98 2f       	mov	r25, r24
    2caa:	88 27       	eor	r24, r24
    2cac:	2f 81       	ldd	r18, Y+7	; 0x07
    2cae:	82 2b       	or	r24, r18
    2cb0:	89 2b       	or	r24, r25
    2cb2:	81 f1       	breq	.+96     	; 0x2d14 <Protocol_ValidateRequest+0x122>
    2cb4:	80 e0       	ldi	r24, 0x00	; 0
    2cb6:	33 c0       	rjmp	.+102    	; 0x2d1e <Protocol_ValidateRequest+0x12c>
    2cb8:	8b ef       	ldi	r24, 0xFB	; 251
    2cba:	80 0f       	add	r24, r16
    2cbc:	82 30       	cpi	r24, 0x02	; 2
    2cbe:	10 f0       	brcs	.+4      	; 0x2cc4 <Protocol_ValidateRequest+0xd2>
    2cc0:	0f 37       	cpi	r16, 0x7F	; 127
    2cc2:	51 f5       	brne	.+84     	; 0x2d18 <Protocol_ValidateRequest+0x126>
    2cc4:	21 11       	cpse	r18, r1
    2cc6:	2a c0       	rjmp	.+84     	; 0x2d1c <Protocol_ValidateRequest+0x12a>
    2cc8:	80 e0       	ldi	r24, 0x00	; 0
    2cca:	29 c0       	rjmp	.+82     	; 0x2d1e <Protocol_ValidateRequest+0x12c>
    2ccc:	86 e0       	ldi	r24, 0x06	; 6
    2cce:	27 c0       	rjmp	.+78     	; 0x2d1e <Protocol_ValidateRequest+0x12c>
    2cd0:	83 e0       	ldi	r24, 0x03	; 3
    2cd2:	25 c0       	rjmp	.+74     	; 0x2d1e <Protocol_ValidateRequest+0x12c>
    2cd4:	84 e0       	ldi	r24, 0x04	; 4
    2cd6:	23 c0       	rjmp	.+70     	; 0x2d1e <Protocol_ValidateRequest+0x12c>
    2cd8:	85 e0       	ldi	r24, 0x05	; 5
    2cda:	21 c0       	rjmp	.+66     	; 0x2d1e <Protocol_ValidateRequest+0x12c>
    2cdc:	86 e0       	ldi	r24, 0x06	; 6
    2cde:	1f c0       	rjmp	.+62     	; 0x2d1e <Protocol_ValidateRequest+0x12c>
    2ce0:	83 e0       	ldi	r24, 0x03	; 3
    2ce2:	1d c0       	rjmp	.+58     	; 0x2d1e <Protocol_ValidateRequest+0x12c>
    2ce4:	85 e0       	ldi	r24, 0x05	; 5
    2ce6:	1b c0       	rjmp	.+54     	; 0x2d1e <Protocol_ValidateRequest+0x12c>
    2ce8:	84 e0       	ldi	r24, 0x04	; 4
    2cea:	19 c0       	rjmp	.+50     	; 0x2d1e <Protocol_ValidateRequest+0x12c>
    2cec:	85 e0       	ldi	r24, 0x05	; 5
    2cee:	17 c0       	rjmp	.+46     	; 0x2d1e <Protocol_ValidateRequest+0x12c>
    2cf0:	84 e0       	ldi	r24, 0x04	; 4
    2cf2:	15 c0       	rjmp	.+42     	; 0x2d1e <Protocol_ValidateRequest+0x12c>
    2cf4:	85 e0       	ldi	r24, 0x05	; 5
    2cf6:	13 c0       	rjmp	.+38     	; 0x2d1e <Protocol_ValidateRequest+0x12c>
    2cf8:	86 e0       	ldi	r24, 0x06	; 6
    2cfa:	11 c0       	rjmp	.+34     	; 0x2d1e <Protocol_ValidateRequest+0x12c>
    2cfc:	84 e0       	ldi	r24, 0x04	; 4
    2cfe:	0f c0       	rjmp	.+30     	; 0x2d1e <Protocol_ValidateRequest+0x12c>
    2d00:	85 e0       	ldi	r24, 0x05	; 5
    2d02:	0d c0       	rjmp	.+26     	; 0x2d1e <Protocol_ValidateRequest+0x12c>
    2d04:	86 e0       	ldi	r24, 0x06	; 6
    2d06:	0b c0       	rjmp	.+22     	; 0x2d1e <Protocol_ValidateRequest+0x12c>
    2d08:	84 e0       	ldi	r24, 0x04	; 4
    2d0a:	09 c0       	rjmp	.+18     	; 0x2d1e <Protocol_ValidateRequest+0x12c>
    2d0c:	85 e0       	ldi	r24, 0x05	; 5
    2d0e:	07 c0       	rjmp	.+14     	; 0x2d1e <Protocol_ValidateRequest+0x12c>
    2d10:	86 e0       	ldi	r24, 0x06	; 6
    2d12:	05 c0       	rjmp	.+10     	; 0x2d1e <Protocol_ValidateRequest+0x12c>
    2d14:	86 e0       	ldi	r24, 0x06	; 6
    2d16:	03 c0       	rjmp	.+6      	; 0x2d1e <Protocol_ValidateRequest+0x12c>
    2d18:	84 e0       	ldi	r24, 0x04	; 4
    2d1a:	01 c0       	rjmp	.+2      	; 0x2d1e <Protocol_ValidateRequest+0x12c>
    2d1c:	85 e0       	ldi	r24, 0x05	; 5
    2d1e:	df 91       	pop	r29
    2d20:	cf 91       	pop	r28
    2d22:	1f 91       	pop	r17
    2d24:	0f 91       	pop	r16
    2d26:	08 95       	ret

00002d28 <Protocol_CreateRequest>:
    2d28:	cf 92       	push	r12
    2d2a:	df 92       	push	r13
    2d2c:	ef 92       	push	r14
    2d2e:	ff 92       	push	r15
    2d30:	0f 93       	push	r16
    2d32:	1f 93       	push	r17
    2d34:	cf 93       	push	r28
    2d36:	df 93       	push	r29
    2d38:	00 97       	sbiw	r24, 0x00	; 0
    2d3a:	01 f1       	breq	.+64     	; 0x2d7c <Protocol_CreateRequest+0x54>
    2d3c:	26 30       	cpi	r18, 0x06	; 6
    2d3e:	00 f5       	brcc	.+64     	; 0x2d80 <Protocol_CreateRequest+0x58>
    2d40:	22 23       	and	r18, r18
    2d42:	19 f0       	breq	.+6      	; 0x2d4a <Protocol_CreateRequest+0x22>
    2d44:	01 15       	cp	r16, r1
    2d46:	11 05       	cpc	r17, r1
    2d48:	e9 f0       	breq	.+58     	; 0x2d84 <Protocol_CreateRequest+0x5c>
    2d4a:	78 01       	movw	r14, r16
    2d4c:	12 2f       	mov	r17, r18
    2d4e:	ec 01       	movw	r28, r24
    2d50:	68 83       	st	Y, r22
    2d52:	49 83       	std	Y+1, r20	; 0x01
    2d54:	2a 83       	std	Y+2, r18	; 0x02
    2d56:	6c 01       	movw	r12, r24
    2d58:	83 e0       	ldi	r24, 0x03	; 3
    2d5a:	c8 0e       	add	r12, r24
    2d5c:	d1 1c       	adc	r13, r1
    2d5e:	65 e0       	ldi	r22, 0x05	; 5
    2d60:	c6 01       	movw	r24, r12
    2d62:	0e 94 c0 15 	call	0x2b80	; 0x2b80 <Protocol_Clear>
    2d66:	11 23       	and	r17, r17
    2d68:	29 f0       	breq	.+10     	; 0x2d74 <Protocol_CreateRequest+0x4c>
    2d6a:	41 2f       	mov	r20, r17
    2d6c:	b7 01       	movw	r22, r14
    2d6e:	c6 01       	movw	r24, r12
    2d70:	0e 94 cb 15 	call	0x2b96	; 0x2b96 <Protocol_Copy>
    2d74:	ce 01       	movw	r24, r28
    2d76:	0e 94 f9 15 	call	0x2bf2	; 0x2bf2 <Protocol_ValidateRequest>
    2d7a:	05 c0       	rjmp	.+10     	; 0x2d86 <Protocol_CreateRequest+0x5e>
    2d7c:	86 e0       	ldi	r24, 0x06	; 6
    2d7e:	03 c0       	rjmp	.+6      	; 0x2d86 <Protocol_CreateRequest+0x5e>
    2d80:	85 e0       	ldi	r24, 0x05	; 5
    2d82:	01 c0       	rjmp	.+2      	; 0x2d86 <Protocol_CreateRequest+0x5e>
    2d84:	86 e0       	ldi	r24, 0x06	; 6
    2d86:	df 91       	pop	r29
    2d88:	cf 91       	pop	r28
    2d8a:	1f 91       	pop	r17
    2d8c:	0f 91       	pop	r16
    2d8e:	ff 90       	pop	r15
    2d90:	ef 90       	pop	r14
    2d92:	df 90       	pop	r13
    2d94:	cf 90       	pop	r12
    2d96:	08 95       	ret

00002d98 <Protocol_EncodeRequest>:
    2d98:	cf 93       	push	r28
    2d9a:	df 93       	push	r29
    2d9c:	dc 01       	movw	r26, r24
    2d9e:	eb 01       	movw	r28, r22
    2da0:	89 2b       	or	r24, r25
    2da2:	f1 f0       	breq	.+60     	; 0x2de0 <Protocol_EncodeRequest+0x48>
    2da4:	20 97       	sbiw	r28, 0x00	; 0
    2da6:	e1 f0       	breq	.+56     	; 0x2de0 <Protocol_EncodeRequest+0x48>
    2da8:	8c 91       	ld	r24, X
    2daa:	88 83       	st	Y, r24
    2dac:	11 96       	adiw	r26, 0x01	; 1
    2dae:	8c 91       	ld	r24, X
    2db0:	11 97       	sbiw	r26, 0x01	; 1
    2db2:	89 83       	std	Y+1, r24	; 0x01
    2db4:	12 96       	adiw	r26, 0x02	; 2
    2db6:	8c 91       	ld	r24, X
    2db8:	12 97       	sbiw	r26, 0x02	; 2
    2dba:	8a 83       	std	Y+2, r24	; 0x02
    2dbc:	90 e0       	ldi	r25, 0x00	; 0
    2dbe:	0e c0       	rjmp	.+28     	; 0x2ddc <Protocol_EncodeRequest+0x44>
    2dc0:	29 2f       	mov	r18, r25
    2dc2:	30 e0       	ldi	r19, 0x00	; 0
    2dc4:	f9 01       	movw	r30, r18
    2dc6:	33 96       	adiw	r30, 0x03	; 3
    2dc8:	af 01       	movw	r20, r30
    2dca:	4c 0f       	add	r20, r28
    2dcc:	5d 1f       	adc	r21, r29
    2dce:	2a 0f       	add	r18, r26
    2dd0:	3b 1f       	adc	r19, r27
    2dd2:	f9 01       	movw	r30, r18
    2dd4:	83 81       	ldd	r24, Z+3	; 0x03
    2dd6:	fa 01       	movw	r30, r20
    2dd8:	80 83       	st	Z, r24
    2dda:	9f 5f       	subi	r25, 0xFF	; 255
    2ddc:	95 30       	cpi	r25, 0x05	; 5
    2dde:	80 f3       	brcs	.-32     	; 0x2dc0 <Protocol_EncodeRequest+0x28>
    2de0:	df 91       	pop	r29
    2de2:	cf 91       	pop	r28
    2de4:	08 95       	ret

00002de6 <Protocol_DecodeResponse>:

// Separa los ocho bytes recibidos y valida su formato de respuesta.
ProtocolStatus Protocol_DecodeResponse(
    const uint8_t frame[PROTOCOL_FRAME_SIZE],
    ProtocolResponse *response)
{
    2de6:	1f 93       	push	r17
    2de8:	cf 93       	push	r28
    2dea:	df 93       	push	r29
    2dec:	fc 01       	movw	r30, r24
    2dee:	db 01       	movw	r26, r22
    uint8_t index;

    if ((frame == NULL) || (response == NULL))
    2df0:	89 2b       	or	r24, r25
    2df2:	39 f1       	breq	.+78     	; 0x2e42 <Protocol_DecodeResponse+0x5c>
    2df4:	10 97       	sbiw	r26, 0x00	; 0
    2df6:	39 f1       	breq	.+78     	; 0x2e46 <Protocol_DecodeResponse+0x60>
    {
        return INVALID_VALUE;
    }

    response->command = frame[0];
    2df8:	80 81       	ld	r24, Z
    2dfa:	8c 93       	st	X, r24
    response->device = frame[1];
    2dfc:	81 81       	ldd	r24, Z+1	; 0x01
    2dfe:	11 96       	adiw	r26, 0x01	; 1
    2e00:	8c 93       	st	X, r24
    2e02:	11 97       	sbiw	r26, 0x01	; 1
    response->status = frame[2];
    2e04:	82 81       	ldd	r24, Z+2	; 0x02
    2e06:	12 96       	adiw	r26, 0x02	; 2
    2e08:	8c 93       	st	X, r24
    2e0a:	12 97       	sbiw	r26, 0x02	; 2
    response->length = frame[3];
    2e0c:	13 81       	ldd	r17, Z+3	; 0x03
    2e0e:	13 96       	adiw	r26, 0x03	; 3
    2e10:	1c 93       	st	X, r17
    2e12:	13 97       	sbiw	r26, 0x03	; 3

    for (index = 0U; index < PROTOCOL_RESPONSE_DATA_SIZE; index++)
    2e14:	90 e0       	ldi	r25, 0x00	; 0
    2e16:	0b c0       	rjmp	.+22     	; 0x2e2e <Protocol_DecodeResponse+0x48>
    {
        response->data[index] = frame[index + 4U];
    2e18:	29 2f       	mov	r18, r25
    2e1a:	30 e0       	ldi	r19, 0x00	; 0
    2e1c:	ef 01       	movw	r28, r30
    2e1e:	c2 0f       	add	r28, r18
    2e20:	d3 1f       	adc	r29, r19
    2e22:	4c 81       	ldd	r20, Y+4	; 0x04
    2e24:	ed 01       	movw	r28, r26
    2e26:	c2 0f       	add	r28, r18
    2e28:	d3 1f       	adc	r29, r19
    2e2a:	4c 83       	std	Y+4, r20	; 0x04
    response->command = frame[0];
    response->device = frame[1];
    response->status = frame[2];
    response->length = frame[3];

    for (index = 0U; index < PROTOCOL_RESPONSE_DATA_SIZE; index++)
    2e2c:	9f 5f       	subi	r25, 0xFF	; 255
    2e2e:	94 30       	cpi	r25, 0x04	; 4
    2e30:	98 f3       	brcs	.-26     	; 0x2e18 <Protocol_DecodeResponse+0x32>
    {
        response->data[index] = frame[index + 4U];
    }

    if (Protocol_IsKnownStatus(response->status) == 0U)
    2e32:	0e 94 f3 15 	call	0x2be6	; 0x2be6 <Protocol_IsKnownStatus>
    2e36:	88 23       	and	r24, r24
    2e38:	41 f0       	breq	.+16     	; 0x2e4a <Protocol_DecodeResponse+0x64>
    {
        return INVALID_VALUE;
    }

    if (response->length > PROTOCOL_RESPONSE_DATA_SIZE)
    2e3a:	15 30       	cpi	r17, 0x05	; 5
    2e3c:	40 f0       	brcs	.+16     	; 0x2e4e <Protocol_DecodeResponse+0x68>
    {
        return INVALID_LENGTH;
    2e3e:	85 e0       	ldi	r24, 0x05	; 5
    2e40:	07 c0       	rjmp	.+14     	; 0x2e50 <Protocol_DecodeResponse+0x6a>
{
    uint8_t index;

    if ((frame == NULL) || (response == NULL))
    {
        return INVALID_VALUE;
    2e42:	86 e0       	ldi	r24, 0x06	; 6
    2e44:	05 c0       	rjmp	.+10     	; 0x2e50 <Protocol_DecodeResponse+0x6a>
    2e46:	86 e0       	ldi	r24, 0x06	; 6
    2e48:	03 c0       	rjmp	.+6      	; 0x2e50 <Protocol_DecodeResponse+0x6a>
        response->data[index] = frame[index + 4U];
    }

    if (Protocol_IsKnownStatus(response->status) == 0U)
    {
        return INVALID_VALUE;
    2e4a:	86 e0       	ldi	r24, 0x06	; 6
    2e4c:	01 c0       	rjmp	.+2      	; 0x2e50 <Protocol_DecodeResponse+0x6a>
    if (response->length > PROTOCOL_RESPONSE_DATA_SIZE)
    {
        return INVALID_LENGTH;
    }

    return OK;
    2e4e:	80 e0       	ldi	r24, 0x00	; 0
}
    2e50:	df 91       	pop	r29
    2e52:	cf 91       	pop	r28
    2e54:	1f 91       	pop	r17
    2e56:	08 95       	ret

00002e58 <Protocol_ValidateResponse>:

// Confirma formato, comando y dispositivo contra la solicitud original.
ProtocolStatus Protocol_ValidateResponse(
    const ProtocolRequest *request,
    const ProtocolResponse *response)
{
    2e58:	ff 92       	push	r15
    2e5a:	0f 93       	push	r16
    2e5c:	1f 93       	push	r17
    2e5e:	cf 93       	push	r28
    2e60:	df 93       	push	r29
    uint8_t expected_length;
    uint8_t index;

    if ((request == NULL) || (response == NULL))
    2e62:	00 97       	sbiw	r24, 0x00	; 0
    2e64:	09 f4       	brne	.+2      	; 0x2e68 <Protocol_ValidateResponse+0x10>
    2e66:	8f c0       	rjmp	.+286    	; 0x2f86 <Protocol_ValidateResponse+0x12e>
    2e68:	61 15       	cp	r22, r1
    2e6a:	71 05       	cpc	r23, r1
    2e6c:	09 f4       	brne	.+2      	; 0x2e70 <Protocol_ValidateResponse+0x18>
    2e6e:	8d c0       	rjmp	.+282    	; 0x2f8a <Protocol_ValidateResponse+0x132>
    {
        return INVALID_VALUE;
    }

    if ((response->command != request->command) ||
    2e70:	fb 01       	movw	r30, r22
    2e72:	20 81       	ld	r18, Z
    2e74:	fc 01       	movw	r30, r24
    2e76:	10 81       	ld	r17, Z
    2e78:	21 13       	cpse	r18, r17
    2e7a:	89 c0       	rjmp	.+274    	; 0x2f8e <Protocol_ValidateResponse+0x136>
        (response->device != request->device))
    2e7c:	fb 01       	movw	r30, r22
    2e7e:	21 81       	ldd	r18, Z+1	; 0x01
    2e80:	fc 01       	movw	r30, r24
    2e82:	01 81       	ldd	r16, Z+1	; 0x01
    if ((request == NULL) || (response == NULL))
    {
        return INVALID_VALUE;
    }

    if ((response->command != request->command) ||
    2e84:	20 13       	cpse	r18, r16
    2e86:	85 c0       	rjmp	.+266    	; 0x2f92 <Protocol_ValidateResponse+0x13a>
    2e88:	eb 01       	movw	r28, r22
        (response->device != request->device))
    {
        return INVALID_VALUE;
    }

    if (Protocol_IsKnownStatus(response->status) == 0U)
    2e8a:	fa 80       	ldd	r15, Y+2	; 0x02
    2e8c:	8f 2d       	mov	r24, r15
    2e8e:	0e 94 f3 15 	call	0x2be6	; 0x2be6 <Protocol_IsKnownStatus>
    2e92:	88 23       	and	r24, r24
    2e94:	09 f4       	brne	.+2      	; 0x2e98 <Protocol_ValidateResponse+0x40>
    2e96:	7f c0       	rjmp	.+254    	; 0x2f96 <Protocol_ValidateResponse+0x13e>
    {
        return INVALID_VALUE;
    }

    if (response->length > PROTOCOL_RESPONSE_DATA_SIZE)
    2e98:	2b 81       	ldd	r18, Y+3	; 0x03
    2e9a:	25 30       	cpi	r18, 0x05	; 5
    2e9c:	08 f0       	brcs	.+2      	; 0x2ea0 <Protocol_ValidateResponse+0x48>
    2e9e:	7d c0       	rjmp	.+250    	; 0x2f9a <Protocol_ValidateResponse+0x142>
    2ea0:	82 2f       	mov	r24, r18
    2ea2:	07 c0       	rjmp	.+14     	; 0x2eb2 <Protocol_ValidateResponse+0x5a>

    for (index = response->length;
         index < PROTOCOL_RESPONSE_DATA_SIZE;
         index++)
    {
        if (response->data[index] != 0U)
    2ea4:	fe 01       	movw	r30, r28
    2ea6:	e8 0f       	add	r30, r24
    2ea8:	f1 1d       	adc	r31, r1
    2eaa:	94 81       	ldd	r25, Z+4	; 0x04
    2eac:	91 11       	cpse	r25, r1
    2eae:	77 c0       	rjmp	.+238    	; 0x2f9e <Protocol_ValidateResponse+0x146>
        return INVALID_LENGTH;
    }

    for (index = response->length;
         index < PROTOCOL_RESPONSE_DATA_SIZE;
         index++)
    2eb0:	8f 5f       	subi	r24, 0xFF	; 255
    if (response->length > PROTOCOL_RESPONSE_DATA_SIZE)
    {
        return INVALID_LENGTH;
    }

    for (index = response->length;
    2eb2:	84 30       	cpi	r24, 0x04	; 4
    2eb4:	b8 f3       	brcs	.-18     	; 0x2ea4 <Protocol_ValidateResponse+0x4c>
        {
            return INVALID_VALUE;
        }
    }

    switch ((ProtocolStatus)response->status)
    2eb6:	f6 e0       	ldi	r31, 0x06	; 6
    2eb8:	ff 15       	cp	r31, r15
    2eba:	48 f0       	brcs	.+18     	; 0x2ece <Protocol_ValidateResponse+0x76>
    2ebc:	82 e0       	ldi	r24, 0x02	; 2
    2ebe:	f8 16       	cp	r15, r24
    2ec0:	60 f4       	brcc	.+24     	; 0x2eda <Protocol_ValidateResponse+0x82>
    2ec2:	ff 20       	and	r15, r15
    2ec4:	01 f1       	breq	.+64     	; 0x2f06 <Protocol_ValidateResponse+0xae>
    2ec6:	e1 e0       	ldi	r30, 0x01	; 1
    2ec8:	fe 16       	cp	r15, r30
    2eca:	a9 f0       	breq	.+42     	; 0x2ef6 <Protocol_ValidateResponse+0x9e>
    2ecc:	6a c0       	rjmp	.+212    	; 0x2fa2 <Protocol_ValidateResponse+0x14a>
    2ece:	f7 e0       	ldi	r31, 0x07	; 7
    2ed0:	ff 16       	cp	r15, r31
    2ed2:	39 f0       	breq	.+14     	; 0x2ee2 <Protocol_ValidateResponse+0x8a>
    2ed4:	88 e0       	ldi	r24, 0x08	; 8
    2ed6:	f8 12       	cpse	r15, r24
    2ed8:	64 c0       	rjmp	.+200    	; 0x2fa2 <Protocol_ValidateResponse+0x14a>
        case UNKNOWN_COMMAND:
        case UNKNOWN_DEVICE:
        case INVALID_LENGTH:
        case INVALID_VALUE:
        case UNSUPPORTED:
            return (response->length == 0U) ? OK : INVALID_LENGTH;
    2eda:	21 11       	cpse	r18, r1
    2edc:	64 c0       	rjmp	.+200    	; 0x2fa6 <Protocol_ValidateResponse+0x14e>
    2ede:	80 e0       	ldi	r24, 0x00	; 0
    2ee0:	85 c0       	rjmp	.+266    	; 0x2fec <Protocol_ValidateResponse+0x194>

        case NO_SAMPLE:
            if ((request->command != (uint8_t)CMD_READ_SENSOR) ||
    2ee2:	12 30       	cpi	r17, 0x02	; 2
    2ee4:	09 f0       	breq	.+2      	; 0x2ee8 <Protocol_ValidateResponse+0x90>
    2ee6:	61 c0       	rjmp	.+194    	; 0x2faa <Protocol_ValidateResponse+0x152>
    2ee8:	24 30       	cpi	r18, 0x04	; 4
    2eea:	09 f0       	breq	.+2      	; 0x2eee <Protocol_ValidateResponse+0x96>
    2eec:	60 c0       	rjmp	.+192    	; 0x2fae <Protocol_ValidateResponse+0x156>
                (response->length != 4U))
            {
                return INVALID_LENGTH;
            }

            return (response->data[0] == 0U) ? OK : INVALID_VALUE;
    2eee:	8c 81       	ldd	r24, Y+4	; 0x04
    2ef0:	81 11       	cpse	r24, r1
    2ef2:	5f c0       	rjmp	.+190    	; 0x2fb2 <Protocol_ValidateResponse+0x15a>
    2ef4:	7b c0       	rjmp	.+246    	; 0x2fec <Protocol_ValidateResponse+0x194>

        case ACCEPTED:
            if ((request->command != (uint8_t)CMD_SERVO_POSITION) &&
                (request->command != (uint8_t)CMD_DC_MOTOR) &&
                (request->command != (uint8_t)CMD_STEPPER_MOVE) &&
    2ef6:	13 50       	subi	r17, 0x03	; 3
            }

            return (response->data[0] == 0U) ? OK : INVALID_VALUE;

        case ACCEPTED:
            if ((request->command != (uint8_t)CMD_SERVO_POSITION) &&
    2ef8:	14 30       	cpi	r17, 0x04	; 4
    2efa:	08 f0       	brcs	.+2      	; 0x2efe <Protocol_ValidateResponse+0xa6>
    2efc:	5c c0       	rjmp	.+184    	; 0x2fb6 <Protocol_ValidateResponse+0x15e>
                (request->command != (uint8_t)CMD_STOP))
            {
                return INVALID_VALUE;
            }

            return (response->length == 0U) ? OK : INVALID_LENGTH;
    2efe:	21 11       	cpse	r18, r1
    2f00:	5c c0       	rjmp	.+184    	; 0x2fba <Protocol_ValidateResponse+0x162>
    2f02:	80 e0       	ldi	r24, 0x00	; 0
    2f04:	73 c0       	rjmp	.+230    	; 0x2fec <Protocol_ValidateResponse+0x194>

        default:
            return INVALID_VALUE;
    }

    if (request->command == (uint8_t)CMD_READ_SENSOR)
    2f06:	12 30       	cpi	r17, 0x02	; 2
    2f08:	81 f4       	brne	.+32     	; 0x2f2a <Protocol_ValidateResponse+0xd2>
    {
        if (response->length != 4U)
    2f0a:	24 30       	cpi	r18, 0x04	; 4
    2f0c:	09 f0       	breq	.+2      	; 0x2f10 <Protocol_ValidateResponse+0xb8>
    2f0e:	57 c0       	rjmp	.+174    	; 0x2fbe <Protocol_ValidateResponse+0x166>
        {
            return INVALID_LENGTH;
        }

        if (response->data[0] != 1U)
    2f10:	8c 81       	ldd	r24, Y+4	; 0x04
    2f12:	81 30       	cpi	r24, 0x01	; 1
    2f14:	09 f0       	breq	.+2      	; 0x2f18 <Protocol_ValidateResponse+0xc0>
    2f16:	55 c0       	rjmp	.+170    	; 0x2fc2 <Protocol_ValidateResponse+0x16a>
        {
            return INVALID_VALUE;
        }

        if ((request->device == (uint8_t)IR) &&
    2f18:	02 30       	cpi	r16, 0x02	; 2
    2f1a:	09 f0       	breq	.+2      	; 0x2f1e <Protocol_ValidateResponse+0xc6>
    2f1c:	54 c0       	rjmp	.+168    	; 0x2fc6 <Protocol_ValidateResponse+0x16e>
            (response->data[1] > 1U))
    2f1e:	8d 81       	ldd	r24, Y+5	; 0x05
        if (response->data[0] != 1U)
        {
            return INVALID_VALUE;
        }

        if ((request->device == (uint8_t)IR) &&
    2f20:	82 30       	cpi	r24, 0x02	; 2
    2f22:	08 f0       	brcs	.+2      	; 0x2f26 <Protocol_ValidateResponse+0xce>
    2f24:	52 c0       	rjmp	.+164    	; 0x2fca <Protocol_ValidateResponse+0x172>
            (response->data[1] > 1U))
        {
            return INVALID_VALUE;
        }

        return OK;
    2f26:	80 e0       	ldi	r24, 0x00	; 0
    2f28:	61 c0       	rjmp	.+194    	; 0x2fec <Protocol_ValidateResponse+0x194>
    }

    if (request->command != (uint8_t)CMD_PING)
    2f2a:	11 30       	cpi	r17, 0x01	; 1
    2f2c:	09 f0       	breq	.+2      	; 0x2f30 <Protocol_ValidateResponse+0xd8>
    2f2e:	4f c0       	rjmp	.+158    	; 0x2fce <Protocol_ValidateResponse+0x176>
    {
        return INVALID_VALUE;
    }

    switch ((ProtocolDevice)request->device)
    2f30:	05 30       	cpi	r16, 0x05	; 5
    2f32:	69 f0       	breq	.+26     	; 0x2f4e <Protocol_ValidateResponse+0xf6>
    2f34:	18 f4       	brcc	.+6      	; 0x2f3c <Protocol_ValidateResponse+0xe4>
    2f36:	03 30       	cpi	r16, 0x03	; 3
    2f38:	20 f4       	brcc	.+8      	; 0x2f42 <Protocol_ValidateResponse+0xea>
    2f3a:	07 c0       	rjmp	.+14     	; 0x2f4a <Protocol_ValidateResponse+0xf2>
    2f3c:	06 30       	cpi	r16, 0x06	; 6
    2f3e:	19 f0       	breq	.+6      	; 0x2f46 <Protocol_ValidateResponse+0xee>
    2f40:	04 c0       	rjmp	.+8      	; 0x2f4a <Protocol_ValidateResponse+0xf2>
    {
        case SERVO_WATER:
        case SERVO_DOOR:
            expected_length = 1U;
    2f42:	81 e0       	ldi	r24, 0x01	; 1
    2f44:	05 c0       	rjmp	.+10     	; 0x2f50 <Protocol_ValidateResponse+0xf8>
        case DC_MOTOR:
            expected_length = 3U;
            break;

        case STEPPER:
            expected_length = 4U;
    2f46:	84 e0       	ldi	r24, 0x04	; 4
            break;
    2f48:	03 c0       	rjmp	.+6      	; 0x2f50 <Protocol_ValidateResponse+0xf8>

        default:
            expected_length = 0U;
    2f4a:	80 e0       	ldi	r24, 0x00	; 0
            break;
    2f4c:	01 c0       	rjmp	.+2      	; 0x2f50 <Protocol_ValidateResponse+0xf8>
        case SERVO_DOOR:
            expected_length = 1U;
            break;

        case DC_MOTOR:
            expected_length = 3U;
    2f4e:	83 e0       	ldi	r24, 0x03	; 3
        default:
            expected_length = 0U;
            break;
    }

    if (response->length != expected_length)
    2f50:	82 13       	cpse	r24, r18
    2f52:	3f c0       	rjmp	.+126    	; 0x2fd2 <Protocol_ValidateResponse+0x17a>
    {
        return INVALID_LENGTH;
    }

    if (((request->device == (uint8_t)SERVO_WATER) ||
    2f54:	8d ef       	ldi	r24, 0xFD	; 253
    2f56:	80 0f       	add	r24, r16
    2f58:	82 30       	cpi	r24, 0x02	; 2
    2f5a:	18 f4       	brcc	.+6      	; 0x2f62 <Protocol_ValidateResponse+0x10a>
         (request->device == (uint8_t)SERVO_DOOR)) &&
        (response->data[0] > 180U))
    2f5c:	8c 81       	ldd	r24, Y+4	; 0x04
    {
        return INVALID_LENGTH;
    }

    if (((request->device == (uint8_t)SERVO_WATER) ||
         (request->device == (uint8_t)SERVO_DOOR)) &&
    2f5e:	85 3b       	cpi	r24, 0xB5	; 181
    2f60:	d0 f5       	brcc	.+116    	; 0x2fd6 <Protocol_ValidateResponse+0x17e>
        (response->data[0] > 180U))
    {
        return INVALID_VALUE;
    }

    if ((request->device == (uint8_t)DC_MOTOR) &&
    2f62:	05 30       	cpi	r16, 0x05	; 5
    2f64:	31 f4       	brne	.+12     	; 0x2f72 <Protocol_ValidateResponse+0x11a>
        ((response->data[0] >
    2f66:	8c 81       	ldd	r24, Y+4	; 0x04
        (response->data[0] > 180U))
    {
        return INVALID_VALUE;
    }

    if ((request->device == (uint8_t)DC_MOTOR) &&
    2f68:	82 30       	cpi	r24, 0x02	; 2
    2f6a:	b8 f5       	brcc	.+110    	; 0x2fda <Protocol_ValidateResponse+0x182>
        ((response->data[0] >
          (uint8_t)PROTOCOL_DIRECTION_FORWARD) ||
         (response->data[2] > 1U)))
    2f6c:	8e 81       	ldd	r24, Y+6	; 0x06
        return INVALID_VALUE;
    }

    if ((request->device == (uint8_t)DC_MOTOR) &&
        ((response->data[0] >
          (uint8_t)PROTOCOL_DIRECTION_FORWARD) ||
    2f6e:	82 30       	cpi	r24, 0x02	; 2
    2f70:	b0 f5       	brcc	.+108    	; 0x2fde <Protocol_ValidateResponse+0x186>
         (response->data[2] > 1U)))
    {
        return INVALID_VALUE;
    }

    if ((request->device == (uint8_t)STEPPER) &&
    2f72:	06 30       	cpi	r16, 0x06	; 6
    2f74:	b1 f5       	brne	.+108    	; 0x2fe2 <Protocol_ValidateResponse+0x18a>
        ((response->data[0] > 1U) ||
    2f76:	8c 81       	ldd	r24, Y+4	; 0x04
         (response->data[2] > 1U)))
    {
        return INVALID_VALUE;
    }

    if ((request->device == (uint8_t)STEPPER) &&
    2f78:	82 30       	cpi	r24, 0x02	; 2
    2f7a:	a8 f5       	brcc	.+106    	; 0x2fe6 <Protocol_ValidateResponse+0x18e>
        ((response->data[0] > 1U) ||
         (response->data[1] >
    2f7c:	8d 81       	ldd	r24, Y+5	; 0x05
    {
        return INVALID_VALUE;
    }

    if ((request->device == (uint8_t)STEPPER) &&
        ((response->data[0] > 1U) ||
    2f7e:	82 30       	cpi	r24, 0x02	; 2
    2f80:	a0 f5       	brcc	.+104    	; 0x2fea <Protocol_ValidateResponse+0x192>
          (uint8_t)PROTOCOL_DIRECTION_FORWARD)))
    {
        return INVALID_VALUE;
    }

    return OK;
    2f82:	80 e0       	ldi	r24, 0x00	; 0
    2f84:	33 c0       	rjmp	.+102    	; 0x2fec <Protocol_ValidateResponse+0x194>
    uint8_t expected_length;
    uint8_t index;

    if ((request == NULL) || (response == NULL))
    {
        return INVALID_VALUE;
    2f86:	86 e0       	ldi	r24, 0x06	; 6
    2f88:	31 c0       	rjmp	.+98     	; 0x2fec <Protocol_ValidateResponse+0x194>
    2f8a:	86 e0       	ldi	r24, 0x06	; 6
    2f8c:	2f c0       	rjmp	.+94     	; 0x2fec <Protocol_ValidateResponse+0x194>
    }

    if ((response->command != request->command) ||
        (response->device != request->device))
    {
        return INVALID_VALUE;
    2f8e:	86 e0       	ldi	r24, 0x06	; 6
    2f90:	2d c0       	rjmp	.+90     	; 0x2fec <Protocol_ValidateResponse+0x194>
    2f92:	86 e0       	ldi	r24, 0x06	; 6
    2f94:	2b c0       	rjmp	.+86     	; 0x2fec <Protocol_ValidateResponse+0x194>
    }

    if (Protocol_IsKnownStatus(response->status) == 0U)
    {
        return INVALID_VALUE;
    2f96:	86 e0       	ldi	r24, 0x06	; 6
    2f98:	29 c0       	rjmp	.+82     	; 0x2fec <Protocol_ValidateResponse+0x194>
    }

    if (response->length > PROTOCOL_RESPONSE_DATA_SIZE)
    {
        return INVALID_LENGTH;
    2f9a:	85 e0       	ldi	r24, 0x05	; 5
    2f9c:	27 c0       	rjmp	.+78     	; 0x2fec <Protocol_ValidateResponse+0x194>
         index < PROTOCOL_RESPONSE_DATA_SIZE;
         index++)
    {
        if (response->data[index] != 0U)
        {
            return INVALID_VALUE;
    2f9e:	86 e0       	ldi	r24, 0x06	; 6
    2fa0:	25 c0       	rjmp	.+74     	; 0x2fec <Protocol_ValidateResponse+0x194>

        case OK:
            break;

        default:
            return INVALID_VALUE;
    2fa2:	86 e0       	ldi	r24, 0x06	; 6
    2fa4:	23 c0       	rjmp	.+70     	; 0x2fec <Protocol_ValidateResponse+0x194>
        case UNKNOWN_COMMAND:
        case UNKNOWN_DEVICE:
        case INVALID_LENGTH:
        case INVALID_VALUE:
        case UNSUPPORTED:
            return (response->length == 0U) ? OK : INVALID_LENGTH;
    2fa6:	85 e0       	ldi	r24, 0x05	; 5
    2fa8:	21 c0       	rjmp	.+66     	; 0x2fec <Protocol_ValidateResponse+0x194>

        case NO_SAMPLE:
            if ((request->command != (uint8_t)CMD_READ_SENSOR) ||
                (response->length != 4U))
            {
                return INVALID_LENGTH;
    2faa:	85 e0       	ldi	r24, 0x05	; 5
    2fac:	1f c0       	rjmp	.+62     	; 0x2fec <Protocol_ValidateResponse+0x194>
    2fae:	85 e0       	ldi	r24, 0x05	; 5
    2fb0:	1d c0       	rjmp	.+58     	; 0x2fec <Protocol_ValidateResponse+0x194>
            }

            return (response->data[0] == 0U) ? OK : INVALID_VALUE;
    2fb2:	86 e0       	ldi	r24, 0x06	; 6
    2fb4:	1b c0       	rjmp	.+54     	; 0x2fec <Protocol_ValidateResponse+0x194>
            if ((request->command != (uint8_t)CMD_SERVO_POSITION) &&
                (request->command != (uint8_t)CMD_DC_MOTOR) &&
                (request->command != (uint8_t)CMD_STEPPER_MOVE) &&
                (request->command != (uint8_t)CMD_STOP))
            {
                return INVALID_VALUE;
    2fb6:	86 e0       	ldi	r24, 0x06	; 6
    2fb8:	19 c0       	rjmp	.+50     	; 0x2fec <Protocol_ValidateResponse+0x194>
            }

            return (response->length == 0U) ? OK : INVALID_LENGTH;
    2fba:	85 e0       	ldi	r24, 0x05	; 5
    2fbc:	17 c0       	rjmp	.+46     	; 0x2fec <Protocol_ValidateResponse+0x194>

    if (request->command == (uint8_t)CMD_READ_SENSOR)
    {
        if (response->length != 4U)
        {
            return INVALID_LENGTH;
    2fbe:	85 e0       	ldi	r24, 0x05	; 5
    2fc0:	15 c0       	rjmp	.+42     	; 0x2fec <Protocol_ValidateResponse+0x194>
        }

        if (response->data[0] != 1U)
        {
            return INVALID_VALUE;
    2fc2:	86 e0       	ldi	r24, 0x06	; 6
    2fc4:	13 c0       	rjmp	.+38     	; 0x2fec <Protocol_ValidateResponse+0x194>
            (response->data[1] > 1U))
        {
            return INVALID_VALUE;
        }

        return OK;
    2fc6:	80 e0       	ldi	r24, 0x00	; 0
    2fc8:	11 c0       	rjmp	.+34     	; 0x2fec <Protocol_ValidateResponse+0x194>
        }

        if ((request->device == (uint8_t)IR) &&
            (response->data[1] > 1U))
        {
            return INVALID_VALUE;
    2fca:	86 e0       	ldi	r24, 0x06	; 6
    2fcc:	0f c0       	rjmp	.+30     	; 0x2fec <Protocol_ValidateResponse+0x194>
        return OK;
    }

    if (request->command != (uint8_t)CMD_PING)
    {
        return INVALID_VALUE;
    2fce:	86 e0       	ldi	r24, 0x06	; 6
    2fd0:	0d c0       	rjmp	.+26     	; 0x2fec <Protocol_ValidateResponse+0x194>
            break;
    }

    if (response->length != expected_length)
    {
        return INVALID_LENGTH;
    2fd2:	85 e0       	ldi	r24, 0x05	; 5
    2fd4:	0b c0       	rjmp	.+22     	; 0x2fec <Protocol_ValidateResponse+0x194>

    if (((request->device == (uint8_t)SERVO_WATER) ||
         (request->device == (uint8_t)SERVO_DOOR)) &&
        (response->data[0] > 180U))
    {
        return INVALID_VALUE;
    2fd6:	86 e0       	ldi	r24, 0x06	; 6
    2fd8:	09 c0       	rjmp	.+18     	; 0x2fec <Protocol_ValidateResponse+0x194>
    if ((request->device == (uint8_t)DC_MOTOR) &&
        ((response->data[0] >
          (uint8_t)PROTOCOL_DIRECTION_FORWARD) ||
         (response->data[2] > 1U)))
    {
        return INVALID_VALUE;
    2fda:	86 e0       	ldi	r24, 0x06	; 6
    2fdc:	07 c0       	rjmp	.+14     	; 0x2fec <Protocol_ValidateResponse+0x194>
    2fde:	86 e0       	ldi	r24, 0x06	; 6
    2fe0:	05 c0       	rjmp	.+10     	; 0x2fec <Protocol_ValidateResponse+0x194>
          (uint8_t)PROTOCOL_DIRECTION_FORWARD)))
    {
        return INVALID_VALUE;
    }

    return OK;
    2fe2:	80 e0       	ldi	r24, 0x00	; 0
    2fe4:	03 c0       	rjmp	.+6      	; 0x2fec <Protocol_ValidateResponse+0x194>
    if ((request->device == (uint8_t)STEPPER) &&
        ((response->data[0] > 1U) ||
         (response->data[1] >
          (uint8_t)PROTOCOL_DIRECTION_FORWARD)))
    {
        return INVALID_VALUE;
    2fe6:	86 e0       	ldi	r24, 0x06	; 6
    2fe8:	01 c0       	rjmp	.+2      	; 0x2fec <Protocol_ValidateResponse+0x194>
    2fea:	86 e0       	ldi	r24, 0x06	; 6
    }

    return OK;
}
    2fec:	df 91       	pop	r29
    2fee:	cf 91       	pop	r28
    2ff0:	1f 91       	pop	r17
    2ff2:	0f 91       	pop	r16
    2ff4:	ff 90       	pop	r15
    2ff6:	08 95       	ret

00002ff8 <Timebase_Init>:
// NON-Interrupt subroutines

// Configura Timer0 en CTC para generar una interrupcion cada 1 ms.
void Timebase_Init(void)
{
    TCCR0A = (1U << WGM01);
    2ff8:	82 e0       	ldi	r24, 0x02	; 2
    2ffa:	84 bd       	out	0x24, r24	; 36
    TCCR0B = (1U << CS01) | (1U << CS00);
    2ffc:	83 e0       	ldi	r24, 0x03	; 3
    2ffe:	85 bd       	out	0x25, r24	; 37
    OCR0A = 249U;
    3000:	89 ef       	ldi	r24, 0xF9	; 249
    3002:	87 bd       	out	0x27, r24	; 39
    TCNT0 = 0U;
    3004:	16 bc       	out	0x26, r1	; 38
    TIMSK0 |= (1U << OCIE0A);
    3006:	ee e6       	ldi	r30, 0x6E	; 110
    3008:	f0 e0       	ldi	r31, 0x00	; 0
    300a:	80 81       	ld	r24, Z
    300c:	82 60       	ori	r24, 0x02	; 2
    300e:	80 83       	st	Z, r24
    3010:	08 95       	ret

00003012 <Timebase_Millis>:
// Copia atomicamente los milisegundos transcurridos desde el inicio.
uint32_t Timebase_Millis(void)
{
    uint32_t milliseconds;

    ATOMIC_BLOCK(ATOMIC_RESTORESTATE)
    3012:	2f b7       	in	r18, 0x3f	; 63
    return 1;
}

static __inline__ uint8_t __iCliRetVal(void)
{
    cli();
    3014:	f8 94       	cli
    3016:	31 e0       	ldi	r19, 0x01	; 1
    3018:	09 c0       	rjmp	.+18     	; 0x302c <Timebase_Millis+0x1a>
    {
        milliseconds = timebase_milliseconds;
    301a:	60 91 59 02 	lds	r22, 0x0259	; 0x800259 <timebase_milliseconds>
    301e:	70 91 5a 02 	lds	r23, 0x025A	; 0x80025a <timebase_milliseconds+0x1>
    3022:	80 91 5b 02 	lds	r24, 0x025B	; 0x80025b <timebase_milliseconds+0x2>
    3026:	90 91 5c 02 	lds	r25, 0x025C	; 0x80025c <timebase_milliseconds+0x3>
// Copia atomicamente los milisegundos transcurridos desde el inicio.
uint32_t Timebase_Millis(void)
{
    uint32_t milliseconds;

    ATOMIC_BLOCK(ATOMIC_RESTORESTATE)
    302a:	30 e0       	ldi	r19, 0x00	; 0
    302c:	31 11       	cpse	r19, r1
    302e:	f5 cf       	rjmp	.-22     	; 0x301a <Timebase_Millis+0x8>
    (void)__s;
}

static __inline__ void __iRestore(const  uint8_t *__s)
{
    SREG = *__s;
    3030:	2f bf       	out	0x3f, r18	; 63
    {
        milliseconds = timebase_milliseconds;
    }

    return milliseconds;
}
    3032:	08 95       	ret

00003034 <__vector_14>:
/****************************************/
// Interrupt routines

// Incrementa el contador global en cada milisegundo.
ISR(TIMER0_COMPA_vect)
{
    3034:	1f 92       	push	r1
    3036:	0f 92       	push	r0
    3038:	0f b6       	in	r0, 0x3f	; 63
    303a:	0f 92       	push	r0
    303c:	11 24       	eor	r1, r1
    303e:	8f 93       	push	r24
    3040:	9f 93       	push	r25
    3042:	af 93       	push	r26
    3044:	bf 93       	push	r27
    timebase_milliseconds++;
    3046:	80 91 59 02 	lds	r24, 0x0259	; 0x800259 <timebase_milliseconds>
    304a:	90 91 5a 02 	lds	r25, 0x025A	; 0x80025a <timebase_milliseconds+0x1>
    304e:	a0 91 5b 02 	lds	r26, 0x025B	; 0x80025b <timebase_milliseconds+0x2>
    3052:	b0 91 5c 02 	lds	r27, 0x025C	; 0x80025c <timebase_milliseconds+0x3>
    3056:	01 96       	adiw	r24, 0x01	; 1
    3058:	a1 1d       	adc	r26, r1
    305a:	b1 1d       	adc	r27, r1
    305c:	80 93 59 02 	sts	0x0259, r24	; 0x800259 <timebase_milliseconds>
    3060:	90 93 5a 02 	sts	0x025A, r25	; 0x80025a <timebase_milliseconds+0x1>
    3064:	a0 93 5b 02 	sts	0x025B, r26	; 0x80025b <timebase_milliseconds+0x2>
    3068:	b0 93 5c 02 	sts	0x025C, r27	; 0x80025c <timebase_milliseconds+0x3>
}
    306c:	bf 91       	pop	r27
    306e:	af 91       	pop	r26
    3070:	9f 91       	pop	r25
    3072:	8f 91       	pop	r24
    3074:	0f 90       	pop	r0
    3076:	0f be       	out	0x3f, r0	; 63
    3078:	0f 90       	pop	r0
    307a:	1f 90       	pop	r1
    307c:	18 95       	reti

0000307e <VL53_DecodeTimeout>:
     */
    *port &= (uint8_t)~sensor->gpio1.mask;
    *ddr  &= (uint8_t)~sensor->gpio1.mask;

    return VL53L0X_OK;
}
    307e:	9c 01       	movw	r18, r24
    3080:	33 27       	eor	r19, r19
    3082:	a9 01       	movw	r20, r18
    3084:	02 c0       	rjmp	.+4      	; 0x308a <VL53_DecodeTimeout+0xc>
    3086:	44 0f       	add	r20, r20
    3088:	55 1f       	adc	r21, r21
    308a:	9a 95       	dec	r25
    308c:	e2 f7       	brpl	.-8      	; 0x3086 <VL53_DecodeTimeout+0x8>
    308e:	ca 01       	movw	r24, r20
    3090:	01 96       	adiw	r24, 0x01	; 1
    3092:	08 95       	ret

00003094 <VL53_EncodeTimeout>:
    3094:	cf 92       	push	r12
    3096:	df 92       	push	r13
    3098:	ef 92       	push	r14
    309a:	ff 92       	push	r15
    309c:	61 15       	cp	r22, r1
    309e:	71 05       	cpc	r23, r1
    30a0:	81 05       	cpc	r24, r1
    30a2:	91 05       	cpc	r25, r1
    30a4:	e9 f0       	breq	.+58     	; 0x30e0 <VL53_EncodeTimeout+0x4c>
    30a6:	dc 01       	movw	r26, r24
    30a8:	cb 01       	movw	r24, r22
    30aa:	01 97       	sbiw	r24, 0x01	; 1
    30ac:	a1 09       	sbc	r26, r1
    30ae:	b1 09       	sbc	r27, r1
    30b0:	20 e0       	ldi	r18, 0x00	; 0
    30b2:	30 e0       	ldi	r19, 0x00	; 0
    30b4:	06 c0       	rjmp	.+12     	; 0x30c2 <VL53_EncodeTimeout+0x2e>
    30b6:	b6 95       	lsr	r27
    30b8:	a7 95       	ror	r26
    30ba:	97 95       	ror	r25
    30bc:	87 95       	ror	r24
    30be:	2f 5f       	subi	r18, 0xFF	; 255
    30c0:	3f 4f       	sbci	r19, 0xFF	; 255
    30c2:	6c 01       	movw	r12, r24
    30c4:	7d 01       	movw	r14, r26
    30c6:	cc 24       	eor	r12, r12
    30c8:	cd 28       	or	r12, r13
    30ca:	ce 28       	or	r12, r14
    30cc:	cf 28       	or	r12, r15
    30ce:	99 f7       	brne	.-26     	; 0x30b6 <VL53_EncodeTimeout+0x22>
    30d0:	32 2f       	mov	r19, r18
    30d2:	22 27       	eor	r18, r18
    30d4:	bc 01       	movw	r22, r24
    30d6:	77 27       	eor	r23, r23
    30d8:	cb 01       	movw	r24, r22
    30da:	82 2b       	or	r24, r18
    30dc:	93 2b       	or	r25, r19
    30de:	02 c0       	rjmp	.+4      	; 0x30e4 <VL53_EncodeTimeout+0x50>
    30e0:	80 e0       	ldi	r24, 0x00	; 0
    30e2:	90 e0       	ldi	r25, 0x00	; 0
    30e4:	ff 90       	pop	r15
    30e6:	ef 90       	pop	r14
    30e8:	df 90       	pop	r13
    30ea:	cf 90       	pop	r12
    30ec:	08 95       	ret

000030ee <VL53_MacroPeriodNs>:
    30ee:	a8 2f       	mov	r26, r24
    30f0:	b0 e0       	ldi	r27, 0x00	; 0
    30f2:	20 e0       	ldi	r18, 0x00	; 0
    30f4:	3f e2       	ldi	r19, 0x2F	; 47
    30f6:	4a e3       	ldi	r20, 0x3A	; 58
    30f8:	50 e0       	ldi	r21, 0x00	; 0
    30fa:	0e 94 d3 20 	call	0x41a6	; 0x41a6 <__muluhisi3>
    30fe:	6c 50       	subi	r22, 0x0C	; 12
    3100:	7e 4f       	sbci	r23, 0xFE	; 254
    3102:	8f 4f       	sbci	r24, 0xFF	; 255
    3104:	9f 4f       	sbci	r25, 0xFF	; 255
    3106:	28 ee       	ldi	r18, 0xE8	; 232
    3108:	33 e0       	ldi	r19, 0x03	; 3
    310a:	40 e0       	ldi	r20, 0x00	; 0
    310c:	50 e0       	ldi	r21, 0x00	; 0
    310e:	0e 94 9c 20 	call	0x4138	; 0x4138 <__udivmodsi4>
    3112:	ca 01       	movw	r24, r20
    3114:	b9 01       	movw	r22, r18
    3116:	08 95       	ret

00003118 <VL53_TimeoutMclksToUs>:
    3118:	cf 93       	push	r28
    311a:	df 93       	push	r29
    311c:	ec 01       	movw	r28, r24
    311e:	86 2f       	mov	r24, r22
    3120:	0e 94 77 18 	call	0x30ee	; 0x30ee <VL53_MacroPeriodNs>
    3124:	9b 01       	movw	r18, r22
    3126:	ac 01       	movw	r20, r24
    3128:	de 01       	movw	r26, r28
    312a:	0e 94 d3 20 	call	0x41a6	; 0x41a6 <__muluhisi3>
    312e:	6c 50       	subi	r22, 0x0C	; 12
    3130:	7e 4f       	sbci	r23, 0xFE	; 254
    3132:	8f 4f       	sbci	r24, 0xFF	; 255
    3134:	9f 4f       	sbci	r25, 0xFF	; 255
    3136:	28 ee       	ldi	r18, 0xE8	; 232
    3138:	33 e0       	ldi	r19, 0x03	; 3
    313a:	40 e0       	ldi	r20, 0x00	; 0
    313c:	50 e0       	ldi	r21, 0x00	; 0
    313e:	0e 94 9c 20 	call	0x4138	; 0x4138 <__udivmodsi4>
    3142:	ca 01       	movw	r24, r20
    3144:	b9 01       	movw	r22, r18
    3146:	df 91       	pop	r29
    3148:	cf 91       	pop	r28
    314a:	08 95       	ret

0000314c <VL53_TimeoutUsToMclks>:
    314c:	8f 92       	push	r8
    314e:	9f 92       	push	r9
    3150:	af 92       	push	r10
    3152:	bf 92       	push	r11
    3154:	cf 92       	push	r12
    3156:	df 92       	push	r13
    3158:	ef 92       	push	r14
    315a:	ff 92       	push	r15
    315c:	4b 01       	movw	r8, r22
    315e:	5c 01       	movw	r10, r24
    3160:	84 2f       	mov	r24, r20
    3162:	0e 94 77 18 	call	0x30ee	; 0x30ee <VL53_MacroPeriodNs>
    3166:	6b 01       	movw	r12, r22
    3168:	7c 01       	movw	r14, r24
    316a:	a8 ee       	ldi	r26, 0xE8	; 232
    316c:	b3 e0       	ldi	r27, 0x03	; 3
    316e:	a5 01       	movw	r20, r10
    3170:	94 01       	movw	r18, r8
    3172:	0e 94 d3 20 	call	0x41a6	; 0x41a6 <__muluhisi3>
    3176:	46 01       	movw	r8, r12
    3178:	57 01       	movw	r10, r14
    317a:	b6 94       	lsr	r11
    317c:	a7 94       	ror	r10
    317e:	97 94       	ror	r9
    3180:	87 94       	ror	r8
    3182:	68 0d       	add	r22, r8
    3184:	79 1d       	adc	r23, r9
    3186:	8a 1d       	adc	r24, r10
    3188:	9b 1d       	adc	r25, r11
    318a:	a7 01       	movw	r20, r14
    318c:	96 01       	movw	r18, r12
    318e:	0e 94 9c 20 	call	0x4138	; 0x4138 <__udivmodsi4>
    3192:	ca 01       	movw	r24, r20
    3194:	b9 01       	movw	r22, r18
    3196:	ff 90       	pop	r15
    3198:	ef 90       	pop	r14
    319a:	df 90       	pop	r13
    319c:	cf 90       	pop	r12
    319e:	bf 90       	pop	r11
    31a0:	af 90       	pop	r10
    31a2:	9f 90       	pop	r9
    31a4:	8f 90       	pop	r8
    31a6:	08 95       	ret

000031a8 <VL53_WriteMulti>:
    31a8:	ef 92       	push	r14
    31aa:	ff 92       	push	r15
    31ac:	0f 93       	push	r16
    31ae:	1f 93       	push	r17
    31b0:	cf 93       	push	r28
    31b2:	df 93       	push	r29
    31b4:	00 97       	sbiw	r24, 0x00	; 0
    31b6:	b1 f1       	breq	.+108    	; 0x3224 <VL53_WriteMulti+0x7c>
    31b8:	41 15       	cp	r20, r1
    31ba:	51 05       	cpc	r21, r1
    31bc:	11 f4       	brne	.+4      	; 0x31c2 <VL53_WriteMulti+0x1a>
    31be:	21 11       	cpse	r18, r1
    31c0:	33 c0       	rjmp	.+102    	; 0x3228 <VL53_WriteMulti+0x80>
    31c2:	d2 2f       	mov	r29, r18
    31c4:	7a 01       	movw	r14, r20
    31c6:	c6 2f       	mov	r28, r22
    31c8:	8c 01       	movw	r16, r24
    31ca:	0e 94 8b 05 	call	0xb16	; 0xb16 <I2C_Master_Start>
    31ce:	88 23       	and	r24, r24
    31d0:	69 f1       	breq	.+90     	; 0x322c <VL53_WriteMulti+0x84>
    31d2:	f8 01       	movw	r30, r16
    31d4:	80 81       	ld	r24, Z
    31d6:	88 0f       	add	r24, r24
    31d8:	0e 94 d7 05 	call	0xbae	; 0xbae <I2C_Master_Write>
    31dc:	81 11       	cpse	r24, r1
    31de:	04 c0       	rjmp	.+8      	; 0x31e8 <VL53_WriteMulti+0x40>
    31e0:	0e 94 b7 05 	call	0xb6e	; 0xb6e <I2C_Master_Stop>
    31e4:	81 e0       	ldi	r24, 0x01	; 1
    31e6:	23 c0       	rjmp	.+70     	; 0x322e <VL53_WriteMulti+0x86>
    31e8:	8c 2f       	mov	r24, r28
    31ea:	0e 94 d7 05 	call	0xbae	; 0xbae <I2C_Master_Write>
    31ee:	81 11       	cpse	r24, r1
    31f0:	12 c0       	rjmp	.+36     	; 0x3216 <VL53_WriteMulti+0x6e>
    31f2:	0e 94 b7 05 	call	0xb6e	; 0xb6e <I2C_Master_Stop>
    31f6:	81 e0       	ldi	r24, 0x01	; 1
    31f8:	1a c0       	rjmp	.+52     	; 0x322e <VL53_WriteMulti+0x86>
    31fa:	f7 01       	movw	r30, r14
    31fc:	ec 0f       	add	r30, r28
    31fe:	f1 1d       	adc	r31, r1
    3200:	80 81       	ld	r24, Z
    3202:	0e 94 d7 05 	call	0xbae	; 0xbae <I2C_Master_Write>
    3206:	81 11       	cpse	r24, r1
    3208:	04 c0       	rjmp	.+8      	; 0x3212 <VL53_WriteMulti+0x6a>
    320a:	0e 94 b7 05 	call	0xb6e	; 0xb6e <I2C_Master_Stop>
    320e:	81 e0       	ldi	r24, 0x01	; 1
    3210:	0e c0       	rjmp	.+28     	; 0x322e <VL53_WriteMulti+0x86>
    3212:	cf 5f       	subi	r28, 0xFF	; 255
    3214:	01 c0       	rjmp	.+2      	; 0x3218 <VL53_WriteMulti+0x70>
    3216:	c0 e0       	ldi	r28, 0x00	; 0
    3218:	cd 17       	cp	r28, r29
    321a:	78 f3       	brcs	.-34     	; 0x31fa <VL53_WriteMulti+0x52>
    321c:	0e 94 b7 05 	call	0xb6e	; 0xb6e <I2C_Master_Stop>
    3220:	80 e0       	ldi	r24, 0x00	; 0
    3222:	05 c0       	rjmp	.+10     	; 0x322e <VL53_WriteMulti+0x86>
    3224:	84 e0       	ldi	r24, 0x04	; 4
    3226:	03 c0       	rjmp	.+6      	; 0x322e <VL53_WriteMulti+0x86>
    3228:	84 e0       	ldi	r24, 0x04	; 4
    322a:	01 c0       	rjmp	.+2      	; 0x322e <VL53_WriteMulti+0x86>
    322c:	81 e0       	ldi	r24, 0x01	; 1
    322e:	df 91       	pop	r29
    3230:	cf 91       	pop	r28
    3232:	1f 91       	pop	r17
    3234:	0f 91       	pop	r16
    3236:	ff 90       	pop	r15
    3238:	ef 90       	pop	r14
    323a:	08 95       	ret

0000323c <VL53_WriteReg16>:
    323c:	cf 93       	push	r28
    323e:	df 93       	push	r29
    3240:	00 d0       	rcall	.+0      	; 0x3242 <VL53_WriteReg16+0x6>
    3242:	cd b7       	in	r28, 0x3d	; 61
    3244:	de b7       	in	r29, 0x3e	; 62
    3246:	59 83       	std	Y+1, r21	; 0x01
    3248:	4a 83       	std	Y+2, r20	; 0x02
    324a:	22 e0       	ldi	r18, 0x02	; 2
    324c:	ae 01       	movw	r20, r28
    324e:	4f 5f       	subi	r20, 0xFF	; 255
    3250:	5f 4f       	sbci	r21, 0xFF	; 255
    3252:	0e 94 d4 18 	call	0x31a8	; 0x31a8 <VL53_WriteMulti>
    3256:	0f 90       	pop	r0
    3258:	0f 90       	pop	r0
    325a:	df 91       	pop	r29
    325c:	cf 91       	pop	r28
    325e:	08 95       	ret

00003260 <VL53_WriteReg>:
    3260:	0f 93       	push	r16
    3262:	1f 93       	push	r17
    3264:	cf 93       	push	r28
    3266:	df 93       	push	r29
    3268:	00 97       	sbiw	r24, 0x00	; 0
    326a:	39 f1       	breq	.+78     	; 0x32ba <VL53_WriteReg+0x5a>
    326c:	04 2f       	mov	r16, r20
    326e:	16 2f       	mov	r17, r22
    3270:	ec 01       	movw	r28, r24
    3272:	0e 94 8b 05 	call	0xb16	; 0xb16 <I2C_Master_Start>
    3276:	88 23       	and	r24, r24
    3278:	11 f1       	breq	.+68     	; 0x32be <VL53_WriteReg+0x5e>
    327a:	88 81       	ld	r24, Y
    327c:	88 0f       	add	r24, r24
    327e:	0e 94 d7 05 	call	0xbae	; 0xbae <I2C_Master_Write>
    3282:	81 11       	cpse	r24, r1
    3284:	04 c0       	rjmp	.+8      	; 0x328e <VL53_WriteReg+0x2e>
    3286:	0e 94 b7 05 	call	0xb6e	; 0xb6e <I2C_Master_Stop>
    328a:	81 e0       	ldi	r24, 0x01	; 1
    328c:	19 c0       	rjmp	.+50     	; 0x32c0 <VL53_WriteReg+0x60>
    328e:	81 2f       	mov	r24, r17
    3290:	0e 94 d7 05 	call	0xbae	; 0xbae <I2C_Master_Write>
    3294:	81 11       	cpse	r24, r1
    3296:	04 c0       	rjmp	.+8      	; 0x32a0 <VL53_WriteReg+0x40>
    3298:	0e 94 b7 05 	call	0xb6e	; 0xb6e <I2C_Master_Stop>
    329c:	81 e0       	ldi	r24, 0x01	; 1
    329e:	10 c0       	rjmp	.+32     	; 0x32c0 <VL53_WriteReg+0x60>
    32a0:	80 2f       	mov	r24, r16
    32a2:	0e 94 d7 05 	call	0xbae	; 0xbae <I2C_Master_Write>
    32a6:	81 11       	cpse	r24, r1
    32a8:	04 c0       	rjmp	.+8      	; 0x32b2 <VL53_WriteReg+0x52>
    32aa:	0e 94 b7 05 	call	0xb6e	; 0xb6e <I2C_Master_Stop>
    32ae:	81 e0       	ldi	r24, 0x01	; 1
    32b0:	07 c0       	rjmp	.+14     	; 0x32c0 <VL53_WriteReg+0x60>
    32b2:	0e 94 b7 05 	call	0xb6e	; 0xb6e <I2C_Master_Stop>
    32b6:	80 e0       	ldi	r24, 0x00	; 0
    32b8:	03 c0       	rjmp	.+6      	; 0x32c0 <VL53_WriteReg+0x60>
    32ba:	84 e0       	ldi	r24, 0x04	; 4
    32bc:	01 c0       	rjmp	.+2      	; 0x32c0 <VL53_WriteReg+0x60>
    32be:	81 e0       	ldi	r24, 0x01	; 1
    32c0:	df 91       	pop	r29
    32c2:	cf 91       	pop	r28
    32c4:	1f 91       	pop	r17
    32c6:	0f 91       	pop	r16
    32c8:	08 95       	ret

000032ca <VL53_ReadMulti>:
    32ca:	ef 92       	push	r14
    32cc:	ff 92       	push	r15
    32ce:	0f 93       	push	r16
    32d0:	1f 93       	push	r17
    32d2:	cf 93       	push	r28
    32d4:	df 93       	push	r29
    32d6:	00 97       	sbiw	r24, 0x00	; 0
    32d8:	09 f4       	brne	.+2      	; 0x32dc <VL53_ReadMulti+0x12>
    32da:	51 c0       	rjmp	.+162    	; 0x337e <VL53_ReadMulti+0xb4>
    32dc:	41 15       	cp	r20, r1
    32de:	51 05       	cpc	r21, r1
    32e0:	09 f4       	brne	.+2      	; 0x32e4 <VL53_ReadMulti+0x1a>
    32e2:	4f c0       	rjmp	.+158    	; 0x3382 <VL53_ReadMulti+0xb8>
    32e4:	22 23       	and	r18, r18
    32e6:	09 f4       	brne	.+2      	; 0x32ea <VL53_ReadMulti+0x20>
    32e8:	4e c0       	rjmp	.+156    	; 0x3386 <VL53_ReadMulti+0xbc>
    32ea:	12 2f       	mov	r17, r18
    32ec:	7a 01       	movw	r14, r20
    32ee:	06 2f       	mov	r16, r22
    32f0:	ec 01       	movw	r28, r24
    32f2:	0e 94 8b 05 	call	0xb16	; 0xb16 <I2C_Master_Start>
    32f6:	88 23       	and	r24, r24
    32f8:	09 f4       	brne	.+2      	; 0x32fc <VL53_ReadMulti+0x32>
    32fa:	47 c0       	rjmp	.+142    	; 0x338a <VL53_ReadMulti+0xc0>
    32fc:	88 81       	ld	r24, Y
    32fe:	88 0f       	add	r24, r24
    3300:	0e 94 d7 05 	call	0xbae	; 0xbae <I2C_Master_Write>
    3304:	81 11       	cpse	r24, r1
    3306:	04 c0       	rjmp	.+8      	; 0x3310 <VL53_ReadMulti+0x46>
    3308:	0e 94 b7 05 	call	0xb6e	; 0xb6e <I2C_Master_Stop>
    330c:	81 e0       	ldi	r24, 0x01	; 1
    330e:	3e c0       	rjmp	.+124    	; 0x338c <VL53_ReadMulti+0xc2>
    3310:	80 2f       	mov	r24, r16
    3312:	0e 94 d7 05 	call	0xbae	; 0xbae <I2C_Master_Write>
    3316:	81 11       	cpse	r24, r1
    3318:	04 c0       	rjmp	.+8      	; 0x3322 <VL53_ReadMulti+0x58>
    331a:	0e 94 b7 05 	call	0xb6e	; 0xb6e <I2C_Master_Stop>
    331e:	81 e0       	ldi	r24, 0x01	; 1
    3320:	35 c0       	rjmp	.+106    	; 0x338c <VL53_ReadMulti+0xc2>
    3322:	0e 94 a2 05 	call	0xb44	; 0xb44 <I2C_Master_RepeatedStart>
    3326:	81 11       	cpse	r24, r1
    3328:	04 c0       	rjmp	.+8      	; 0x3332 <VL53_ReadMulti+0x68>
    332a:	0e 94 b7 05 	call	0xb6e	; 0xb6e <I2C_Master_Stop>
    332e:	81 e0       	ldi	r24, 0x01	; 1
    3330:	2d c0       	rjmp	.+90     	; 0x338c <VL53_ReadMulti+0xc2>
    3332:	88 81       	ld	r24, Y
    3334:	88 0f       	add	r24, r24
    3336:	81 60       	ori	r24, 0x01	; 1
    3338:	0e 94 d7 05 	call	0xbae	; 0xbae <I2C_Master_Write>
    333c:	81 11       	cpse	r24, r1
    333e:	18 c0       	rjmp	.+48     	; 0x3370 <VL53_ReadMulti+0xa6>
    3340:	0e 94 b7 05 	call	0xb6e	; 0xb6e <I2C_Master_Stop>
    3344:	81 e0       	ldi	r24, 0x01	; 1
    3346:	22 c0       	rjmp	.+68     	; 0x338c <VL53_ReadMulti+0xc2>
    3348:	8f ef       	ldi	r24, 0xFF	; 255
    334a:	81 0f       	add	r24, r17
    334c:	c8 17       	cp	r28, r24
    334e:	10 f4       	brcc	.+4      	; 0x3354 <VL53_ReadMulti+0x8a>
    3350:	61 e0       	ldi	r22, 0x01	; 1
    3352:	01 c0       	rjmp	.+2      	; 0x3356 <VL53_ReadMulti+0x8c>
    3354:	60 e0       	ldi	r22, 0x00	; 0
    3356:	c7 01       	movw	r24, r14
    3358:	8c 0f       	add	r24, r28
    335a:	91 1d       	adc	r25, r1
    335c:	0e 94 28 06 	call	0xc50	; 0xc50 <I2C_Master_Read>
    3360:	81 11       	cpse	r24, r1
    3362:	04 c0       	rjmp	.+8      	; 0x336c <VL53_ReadMulti+0xa2>
    3364:	0e 94 b7 05 	call	0xb6e	; 0xb6e <I2C_Master_Stop>
    3368:	81 e0       	ldi	r24, 0x01	; 1
    336a:	10 c0       	rjmp	.+32     	; 0x338c <VL53_ReadMulti+0xc2>
    336c:	cf 5f       	subi	r28, 0xFF	; 255
    336e:	01 c0       	rjmp	.+2      	; 0x3372 <VL53_ReadMulti+0xa8>
    3370:	c0 e0       	ldi	r28, 0x00	; 0
    3372:	c1 17       	cp	r28, r17
    3374:	48 f3       	brcs	.-46     	; 0x3348 <VL53_ReadMulti+0x7e>
    3376:	0e 94 b7 05 	call	0xb6e	; 0xb6e <I2C_Master_Stop>
    337a:	80 e0       	ldi	r24, 0x00	; 0
    337c:	07 c0       	rjmp	.+14     	; 0x338c <VL53_ReadMulti+0xc2>
    337e:	84 e0       	ldi	r24, 0x04	; 4
    3380:	05 c0       	rjmp	.+10     	; 0x338c <VL53_ReadMulti+0xc2>
    3382:	84 e0       	ldi	r24, 0x04	; 4
    3384:	03 c0       	rjmp	.+6      	; 0x338c <VL53_ReadMulti+0xc2>
    3386:	84 e0       	ldi	r24, 0x04	; 4
    3388:	01 c0       	rjmp	.+2      	; 0x338c <VL53_ReadMulti+0xc2>
    338a:	81 e0       	ldi	r24, 0x01	; 1
    338c:	df 91       	pop	r29
    338e:	cf 91       	pop	r28
    3390:	1f 91       	pop	r17
    3392:	0f 91       	pop	r16
    3394:	ff 90       	pop	r15
    3396:	ef 90       	pop	r14
    3398:	08 95       	ret

0000339a <VL53_ReadReg>:
    339a:	21 e0       	ldi	r18, 0x01	; 1
    339c:	0e 94 65 19 	call	0x32ca	; 0x32ca <VL53_ReadMulti>
    33a0:	08 95       	ret

000033a2 <VL53_GetSpadInfo>:
    33a2:	af 92       	push	r10
    33a4:	bf 92       	push	r11
    33a6:	cf 92       	push	r12
    33a8:	df 92       	push	r13
    33aa:	ef 92       	push	r14
    33ac:	ff 92       	push	r15
    33ae:	0f 93       	push	r16
    33b0:	1f 93       	push	r17
    33b2:	cf 93       	push	r28
    33b4:	df 93       	push	r29
    33b6:	1f 92       	push	r1
    33b8:	cd b7       	in	r28, 0x3d	; 61
    33ba:	de b7       	in	r29, 0x3e	; 62
    33bc:	61 15       	cp	r22, r1
    33be:	71 05       	cpc	r23, r1
    33c0:	09 f4       	brne	.+2      	; 0x33c4 <VL53_GetSpadInfo+0x22>
    33c2:	cc c0       	rjmp	.+408    	; 0x355c <VL53_GetSpadInfo+0x1ba>
    33c4:	41 15       	cp	r20, r1
    33c6:	51 05       	cpc	r21, r1
    33c8:	09 f4       	brne	.+2      	; 0x33cc <VL53_GetSpadInfo+0x2a>
    33ca:	ca c0       	rjmp	.+404    	; 0x3560 <VL53_GetSpadInfo+0x1be>
    33cc:	7a 01       	movw	r14, r20
    33ce:	6b 01       	movw	r12, r22
    33d0:	8c 01       	movw	r16, r24
    33d2:	41 e0       	ldi	r20, 0x01	; 1
    33d4:	60 e8       	ldi	r22, 0x80	; 128
    33d6:	0e 94 30 19 	call	0x3260	; 0x3260 <VL53_WriteReg>
    33da:	81 11       	cpse	r24, r1
    33dc:	c3 c0       	rjmp	.+390    	; 0x3564 <VL53_GetSpadInfo+0x1c2>
    33de:	41 e0       	ldi	r20, 0x01	; 1
    33e0:	6f ef       	ldi	r22, 0xFF	; 255
    33e2:	c8 01       	movw	r24, r16
    33e4:	0e 94 30 19 	call	0x3260	; 0x3260 <VL53_WriteReg>
    33e8:	81 11       	cpse	r24, r1
    33ea:	be c0       	rjmp	.+380    	; 0x3568 <VL53_GetSpadInfo+0x1c6>
    33ec:	40 e0       	ldi	r20, 0x00	; 0
    33ee:	60 e0       	ldi	r22, 0x00	; 0
    33f0:	c8 01       	movw	r24, r16
    33f2:	0e 94 30 19 	call	0x3260	; 0x3260 <VL53_WriteReg>
    33f6:	81 11       	cpse	r24, r1
    33f8:	b9 c0       	rjmp	.+370    	; 0x356c <VL53_GetSpadInfo+0x1ca>
    33fa:	46 e0       	ldi	r20, 0x06	; 6
    33fc:	6f ef       	ldi	r22, 0xFF	; 255
    33fe:	c8 01       	movw	r24, r16
    3400:	0e 94 30 19 	call	0x3260	; 0x3260 <VL53_WriteReg>
    3404:	81 11       	cpse	r24, r1
    3406:	b4 c0       	rjmp	.+360    	; 0x3570 <VL53_GetSpadInfo+0x1ce>
    3408:	ae 01       	movw	r20, r28
    340a:	4f 5f       	subi	r20, 0xFF	; 255
    340c:	5f 4f       	sbci	r21, 0xFF	; 255
    340e:	63 e8       	ldi	r22, 0x83	; 131
    3410:	c8 01       	movw	r24, r16
    3412:	0e 94 cd 19 	call	0x339a	; 0x339a <VL53_ReadReg>
    3416:	81 11       	cpse	r24, r1
    3418:	ad c0       	rjmp	.+346    	; 0x3574 <VL53_GetSpadInfo+0x1d2>
    341a:	49 81       	ldd	r20, Y+1	; 0x01
    341c:	44 60       	ori	r20, 0x04	; 4
    341e:	63 e8       	ldi	r22, 0x83	; 131
    3420:	c8 01       	movw	r24, r16
    3422:	0e 94 30 19 	call	0x3260	; 0x3260 <VL53_WriteReg>
    3426:	81 11       	cpse	r24, r1
    3428:	a7 c0       	rjmp	.+334    	; 0x3578 <VL53_GetSpadInfo+0x1d6>
    342a:	47 e0       	ldi	r20, 0x07	; 7
    342c:	6f ef       	ldi	r22, 0xFF	; 255
    342e:	c8 01       	movw	r24, r16
    3430:	0e 94 30 19 	call	0x3260	; 0x3260 <VL53_WriteReg>
    3434:	81 11       	cpse	r24, r1
    3436:	a2 c0       	rjmp	.+324    	; 0x357c <VL53_GetSpadInfo+0x1da>
    3438:	41 e0       	ldi	r20, 0x01	; 1
    343a:	61 e8       	ldi	r22, 0x81	; 129
    343c:	c8 01       	movw	r24, r16
    343e:	0e 94 30 19 	call	0x3260	; 0x3260 <VL53_WriteReg>
    3442:	81 11       	cpse	r24, r1
    3444:	9d c0       	rjmp	.+314    	; 0x3580 <VL53_GetSpadInfo+0x1de>
    3446:	41 e0       	ldi	r20, 0x01	; 1
    3448:	60 e8       	ldi	r22, 0x80	; 128
    344a:	c8 01       	movw	r24, r16
    344c:	0e 94 30 19 	call	0x3260	; 0x3260 <VL53_WriteReg>
    3450:	81 11       	cpse	r24, r1
    3452:	98 c0       	rjmp	.+304    	; 0x3584 <VL53_GetSpadInfo+0x1e2>
    3454:	4b e6       	ldi	r20, 0x6B	; 107
    3456:	64 e9       	ldi	r22, 0x94	; 148
    3458:	c8 01       	movw	r24, r16
    345a:	0e 94 30 19 	call	0x3260	; 0x3260 <VL53_WriteReg>
    345e:	81 11       	cpse	r24, r1
    3460:	93 c0       	rjmp	.+294    	; 0x3588 <VL53_GetSpadInfo+0x1e6>
    3462:	40 e0       	ldi	r20, 0x00	; 0
    3464:	63 e8       	ldi	r22, 0x83	; 131
    3466:	c8 01       	movw	r24, r16
    3468:	0e 94 30 19 	call	0x3260	; 0x3260 <VL53_WriteReg>
    346c:	81 11       	cpse	r24, r1
    346e:	8e c0       	rjmp	.+284    	; 0x358c <VL53_GetSpadInfo+0x1ea>
    3470:	a1 2c       	mov	r10, r1
    3472:	b1 2c       	mov	r11, r1
    3474:	ae 01       	movw	r20, r28
    3476:	4f 5f       	subi	r20, 0xFF	; 255
    3478:	5f 4f       	sbci	r21, 0xFF	; 255
    347a:	63 e8       	ldi	r22, 0x83	; 131
    347c:	c8 01       	movw	r24, r16
    347e:	0e 94 cd 19 	call	0x339a	; 0x339a <VL53_ReadReg>
    3482:	81 11       	cpse	r24, r1
    3484:	85 c0       	rjmp	.+266    	; 0x3590 <VL53_GetSpadInfo+0x1ee>
    3486:	89 81       	ldd	r24, Y+1	; 0x01
    3488:	81 11       	cpse	r24, r1
    348a:	11 c0       	rjmp	.+34     	; 0x34ae <VL53_GetSpadInfo+0x10c>
    348c:	f8 01       	movw	r30, r16
    348e:	83 81       	ldd	r24, Z+3	; 0x03
    3490:	94 81       	ldd	r25, Z+4	; 0x04
    3492:	a8 16       	cp	r10, r24
    3494:	b9 06       	cpc	r11, r25
    3496:	08 f0       	brcs	.+2      	; 0x349a <VL53_GetSpadInfo+0xf8>
    3498:	7d c0       	rjmp	.+250    	; 0x3594 <VL53_GetSpadInfo+0x1f2>
    349a:	8f e9       	ldi	r24, 0x9F	; 159
    349c:	9f e0       	ldi	r25, 0x0F	; 15
    349e:	01 97       	sbiw	r24, 0x01	; 1
    34a0:	f1 f7       	brne	.-4      	; 0x349e <VL53_GetSpadInfo+0xfc>
    34a2:	00 c0       	rjmp	.+0      	; 0x34a4 <VL53_GetSpadInfo+0x102>
    34a4:	00 00       	nop
    34a6:	9f ef       	ldi	r25, 0xFF	; 255
    34a8:	a9 1a       	sub	r10, r25
    34aa:	b9 0a       	sbc	r11, r25
    34ac:	e3 cf       	rjmp	.-58     	; 0x3474 <VL53_GetSpadInfo+0xd2>
    34ae:	41 e0       	ldi	r20, 0x01	; 1
    34b0:	63 e8       	ldi	r22, 0x83	; 131
    34b2:	c8 01       	movw	r24, r16
    34b4:	0e 94 30 19 	call	0x3260	; 0x3260 <VL53_WriteReg>
    34b8:	81 11       	cpse	r24, r1
    34ba:	6e c0       	rjmp	.+220    	; 0x3598 <VL53_GetSpadInfo+0x1f6>
    34bc:	ae 01       	movw	r20, r28
    34be:	4f 5f       	subi	r20, 0xFF	; 255
    34c0:	5f 4f       	sbci	r21, 0xFF	; 255
    34c2:	62 e9       	ldi	r22, 0x92	; 146
    34c4:	c8 01       	movw	r24, r16
    34c6:	0e 94 cd 19 	call	0x339a	; 0x339a <VL53_ReadReg>
    34ca:	81 11       	cpse	r24, r1
    34cc:	67 c0       	rjmp	.+206    	; 0x359c <VL53_GetSpadInfo+0x1fa>
    34ce:	89 81       	ldd	r24, Y+1	; 0x01
    34d0:	98 2f       	mov	r25, r24
    34d2:	9f 77       	andi	r25, 0x7F	; 127
    34d4:	f6 01       	movw	r30, r12
    34d6:	90 83       	st	Z, r25
    34d8:	88 1f       	adc	r24, r24
    34da:	88 27       	eor	r24, r24
    34dc:	88 1f       	adc	r24, r24
    34de:	f7 01       	movw	r30, r14
    34e0:	80 83       	st	Z, r24
    34e2:	40 e0       	ldi	r20, 0x00	; 0
    34e4:	61 e8       	ldi	r22, 0x81	; 129
    34e6:	c8 01       	movw	r24, r16
    34e8:	0e 94 30 19 	call	0x3260	; 0x3260 <VL53_WriteReg>
    34ec:	81 11       	cpse	r24, r1
    34ee:	58 c0       	rjmp	.+176    	; 0x35a0 <VL53_GetSpadInfo+0x1fe>
    34f0:	46 e0       	ldi	r20, 0x06	; 6
    34f2:	6f ef       	ldi	r22, 0xFF	; 255
    34f4:	c8 01       	movw	r24, r16
    34f6:	0e 94 30 19 	call	0x3260	; 0x3260 <VL53_WriteReg>
    34fa:	81 11       	cpse	r24, r1
    34fc:	53 c0       	rjmp	.+166    	; 0x35a4 <VL53_GetSpadInfo+0x202>
    34fe:	ae 01       	movw	r20, r28
    3500:	4f 5f       	subi	r20, 0xFF	; 255
    3502:	5f 4f       	sbci	r21, 0xFF	; 255
    3504:	63 e8       	ldi	r22, 0x83	; 131
    3506:	c8 01       	movw	r24, r16
    3508:	0e 94 cd 19 	call	0x339a	; 0x339a <VL53_ReadReg>
    350c:	81 11       	cpse	r24, r1
    350e:	4c c0       	rjmp	.+152    	; 0x35a8 <VL53_GetSpadInfo+0x206>
    3510:	49 81       	ldd	r20, Y+1	; 0x01
    3512:	4b 7f       	andi	r20, 0xFB	; 251
    3514:	63 e8       	ldi	r22, 0x83	; 131
    3516:	c8 01       	movw	r24, r16
    3518:	0e 94 30 19 	call	0x3260	; 0x3260 <VL53_WriteReg>
    351c:	81 11       	cpse	r24, r1
    351e:	46 c0       	rjmp	.+140    	; 0x35ac <VL53_GetSpadInfo+0x20a>
    3520:	41 e0       	ldi	r20, 0x01	; 1
    3522:	6f ef       	ldi	r22, 0xFF	; 255
    3524:	c8 01       	movw	r24, r16
    3526:	0e 94 30 19 	call	0x3260	; 0x3260 <VL53_WriteReg>
    352a:	81 11       	cpse	r24, r1
    352c:	41 c0       	rjmp	.+130    	; 0x35b0 <VL53_GetSpadInfo+0x20e>
    352e:	41 e0       	ldi	r20, 0x01	; 1
    3530:	60 e0       	ldi	r22, 0x00	; 0
    3532:	c8 01       	movw	r24, r16
    3534:	0e 94 30 19 	call	0x3260	; 0x3260 <VL53_WriteReg>
    3538:	81 11       	cpse	r24, r1
    353a:	3c c0       	rjmp	.+120    	; 0x35b4 <VL53_GetSpadInfo+0x212>
    353c:	40 e0       	ldi	r20, 0x00	; 0
    353e:	6f ef       	ldi	r22, 0xFF	; 255
    3540:	c8 01       	movw	r24, r16
    3542:	0e 94 30 19 	call	0x3260	; 0x3260 <VL53_WriteReg>
    3546:	81 11       	cpse	r24, r1
    3548:	37 c0       	rjmp	.+110    	; 0x35b8 <VL53_GetSpadInfo+0x216>
    354a:	40 e0       	ldi	r20, 0x00	; 0
    354c:	60 e8       	ldi	r22, 0x80	; 128
    354e:	c8 01       	movw	r24, r16
    3550:	0e 94 30 19 	call	0x3260	; 0x3260 <VL53_WriteReg>
    3554:	88 23       	and	r24, r24
    3556:	89 f1       	breq	.+98     	; 0x35ba <VL53_GetSpadInfo+0x218>
    3558:	81 e0       	ldi	r24, 0x01	; 1
    355a:	2f c0       	rjmp	.+94     	; 0x35ba <VL53_GetSpadInfo+0x218>
    355c:	84 e0       	ldi	r24, 0x04	; 4
    355e:	2d c0       	rjmp	.+90     	; 0x35ba <VL53_GetSpadInfo+0x218>
    3560:	84 e0       	ldi	r24, 0x04	; 4
    3562:	2b c0       	rjmp	.+86     	; 0x35ba <VL53_GetSpadInfo+0x218>
    3564:	81 e0       	ldi	r24, 0x01	; 1
    3566:	29 c0       	rjmp	.+82     	; 0x35ba <VL53_GetSpadInfo+0x218>
    3568:	81 e0       	ldi	r24, 0x01	; 1
    356a:	27 c0       	rjmp	.+78     	; 0x35ba <VL53_GetSpadInfo+0x218>
    356c:	81 e0       	ldi	r24, 0x01	; 1
    356e:	25 c0       	rjmp	.+74     	; 0x35ba <VL53_GetSpadInfo+0x218>
    3570:	81 e0       	ldi	r24, 0x01	; 1
    3572:	23 c0       	rjmp	.+70     	; 0x35ba <VL53_GetSpadInfo+0x218>
    3574:	81 e0       	ldi	r24, 0x01	; 1
    3576:	21 c0       	rjmp	.+66     	; 0x35ba <VL53_GetSpadInfo+0x218>
    3578:	81 e0       	ldi	r24, 0x01	; 1
    357a:	1f c0       	rjmp	.+62     	; 0x35ba <VL53_GetSpadInfo+0x218>
    357c:	81 e0       	ldi	r24, 0x01	; 1
    357e:	1d c0       	rjmp	.+58     	; 0x35ba <VL53_GetSpadInfo+0x218>
    3580:	81 e0       	ldi	r24, 0x01	; 1
    3582:	1b c0       	rjmp	.+54     	; 0x35ba <VL53_GetSpadInfo+0x218>
    3584:	81 e0       	ldi	r24, 0x01	; 1
    3586:	19 c0       	rjmp	.+50     	; 0x35ba <VL53_GetSpadInfo+0x218>
    3588:	81 e0       	ldi	r24, 0x01	; 1
    358a:	17 c0       	rjmp	.+46     	; 0x35ba <VL53_GetSpadInfo+0x218>
    358c:	81 e0       	ldi	r24, 0x01	; 1
    358e:	15 c0       	rjmp	.+42     	; 0x35ba <VL53_GetSpadInfo+0x218>
    3590:	81 e0       	ldi	r24, 0x01	; 1
    3592:	13 c0       	rjmp	.+38     	; 0x35ba <VL53_GetSpadInfo+0x218>
    3594:	83 e0       	ldi	r24, 0x03	; 3
    3596:	11 c0       	rjmp	.+34     	; 0x35ba <VL53_GetSpadInfo+0x218>
    3598:	81 e0       	ldi	r24, 0x01	; 1
    359a:	0f c0       	rjmp	.+30     	; 0x35ba <VL53_GetSpadInfo+0x218>
    359c:	81 e0       	ldi	r24, 0x01	; 1
    359e:	0d c0       	rjmp	.+26     	; 0x35ba <VL53_GetSpadInfo+0x218>
    35a0:	81 e0       	ldi	r24, 0x01	; 1
    35a2:	0b c0       	rjmp	.+22     	; 0x35ba <VL53_GetSpadInfo+0x218>
    35a4:	81 e0       	ldi	r24, 0x01	; 1
    35a6:	09 c0       	rjmp	.+18     	; 0x35ba <VL53_GetSpadInfo+0x218>
    35a8:	81 e0       	ldi	r24, 0x01	; 1
    35aa:	07 c0       	rjmp	.+14     	; 0x35ba <VL53_GetSpadInfo+0x218>
    35ac:	81 e0       	ldi	r24, 0x01	; 1
    35ae:	05 c0       	rjmp	.+10     	; 0x35ba <VL53_GetSpadInfo+0x218>
    35b0:	81 e0       	ldi	r24, 0x01	; 1
    35b2:	03 c0       	rjmp	.+6      	; 0x35ba <VL53_GetSpadInfo+0x218>
    35b4:	81 e0       	ldi	r24, 0x01	; 1
    35b6:	01 c0       	rjmp	.+2      	; 0x35ba <VL53_GetSpadInfo+0x218>
    35b8:	81 e0       	ldi	r24, 0x01	; 1
    35ba:	0f 90       	pop	r0
    35bc:	df 91       	pop	r29
    35be:	cf 91       	pop	r28
    35c0:	1f 91       	pop	r17
    35c2:	0f 91       	pop	r16
    35c4:	ff 90       	pop	r15
    35c6:	ef 90       	pop	r14
    35c8:	df 90       	pop	r13
    35ca:	cf 90       	pop	r12
    35cc:	bf 90       	pop	r11
    35ce:	af 90       	pop	r10
    35d0:	08 95       	ret

000035d2 <VL53_GetSequenceEnables>:
    35d2:	0f 93       	push	r16
    35d4:	1f 93       	push	r17
    35d6:	cf 93       	push	r28
    35d8:	df 93       	push	r29
    35da:	1f 92       	push	r1
    35dc:	cd b7       	in	r28, 0x3d	; 61
    35de:	de b7       	in	r29, 0x3e	; 62
    35e0:	8b 01       	movw	r16, r22
    35e2:	19 82       	std	Y+1, r1	; 0x01
    35e4:	ae 01       	movw	r20, r28
    35e6:	4f 5f       	subi	r20, 0xFF	; 255
    35e8:	5f 4f       	sbci	r21, 0xFF	; 255
    35ea:	61 e0       	ldi	r22, 0x01	; 1
    35ec:	0e 94 cd 19 	call	0x339a	; 0x339a <VL53_ReadReg>
    35f0:	89 81       	ldd	r24, Y+1	; 0x01
    35f2:	84 fb       	bst	r24, 4
    35f4:	99 27       	eor	r25, r25
    35f6:	90 f9       	bld	r25, 0
    35f8:	f8 01       	movw	r30, r16
    35fa:	90 83       	st	Z, r25
    35fc:	83 fb       	bst	r24, 3
    35fe:	99 27       	eor	r25, r25
    3600:	90 f9       	bld	r25, 0
    3602:	91 83       	std	Z+1, r25	; 0x01
    3604:	82 fb       	bst	r24, 2
    3606:	99 27       	eor	r25, r25
    3608:	90 f9       	bld	r25, 0
    360a:	92 83       	std	Z+2, r25	; 0x02
    360c:	86 fb       	bst	r24, 6
    360e:	99 27       	eor	r25, r25
    3610:	90 f9       	bld	r25, 0
    3612:	93 83       	std	Z+3, r25	; 0x03
    3614:	88 1f       	adc	r24, r24
    3616:	88 27       	eor	r24, r24
    3618:	88 1f       	adc	r24, r24
    361a:	84 83       	std	Z+4, r24	; 0x04
    361c:	0f 90       	pop	r0
    361e:	df 91       	pop	r29
    3620:	cf 91       	pop	r28
    3622:	1f 91       	pop	r17
    3624:	0f 91       	pop	r16
    3626:	08 95       	ret

00003628 <VL53_GetVcselPeriod>:
    3628:	cf 93       	push	r28
    362a:	df 93       	push	r29
    362c:	1f 92       	push	r1
    362e:	cd b7       	in	r28, 0x3d	; 61
    3630:	de b7       	in	r29, 0x3e	; 62
    3632:	19 82       	std	Y+1, r1	; 0x01
    3634:	66 23       	and	r22, r22
    3636:	39 f0       	breq	.+14     	; 0x3646 <VL53_GetVcselPeriod+0x1e>
    3638:	ae 01       	movw	r20, r28
    363a:	4f 5f       	subi	r20, 0xFF	; 255
    363c:	5f 4f       	sbci	r21, 0xFF	; 255
    363e:	60 e7       	ldi	r22, 0x70	; 112
    3640:	0e 94 cd 19 	call	0x339a	; 0x339a <VL53_ReadReg>
    3644:	06 c0       	rjmp	.+12     	; 0x3652 <VL53_GetVcselPeriod+0x2a>
    3646:	ae 01       	movw	r20, r28
    3648:	4f 5f       	subi	r20, 0xFF	; 255
    364a:	5f 4f       	sbci	r21, 0xFF	; 255
    364c:	60 e5       	ldi	r22, 0x50	; 80
    364e:	0e 94 cd 19 	call	0x339a	; 0x339a <VL53_ReadReg>
    3652:	89 81       	ldd	r24, Y+1	; 0x01
    3654:	8f 5f       	subi	r24, 0xFF	; 255
    3656:	88 0f       	add	r24, r24
    3658:	0f 90       	pop	r0
    365a:	df 91       	pop	r29
    365c:	cf 91       	pop	r28
    365e:	08 95       	ret

00003660 <VL53_ReferenceCalibration>:
    3660:	ef 92       	push	r14
    3662:	ff 92       	push	r15
    3664:	0f 93       	push	r16
    3666:	1f 93       	push	r17
    3668:	cf 93       	push	r28
    366a:	df 93       	push	r29
    366c:	1f 92       	push	r1
    366e:	cd b7       	in	r28, 0x3d	; 61
    3670:	de b7       	in	r29, 0x3e	; 62
    3672:	8c 01       	movw	r16, r24
    3674:	46 2f       	mov	r20, r22
    3676:	41 60       	ori	r20, 0x01	; 1
    3678:	60 e0       	ldi	r22, 0x00	; 0
    367a:	0e 94 30 19 	call	0x3260	; 0x3260 <VL53_WriteReg>
    367e:	81 11       	cpse	r24, r1
    3680:	2e c0       	rjmp	.+92     	; 0x36de <VL53_ReferenceCalibration+0x7e>
    3682:	e1 2c       	mov	r14, r1
    3684:	f1 2c       	mov	r15, r1
    3686:	ae 01       	movw	r20, r28
    3688:	4f 5f       	subi	r20, 0xFF	; 255
    368a:	5f 4f       	sbci	r21, 0xFF	; 255
    368c:	63 e1       	ldi	r22, 0x13	; 19
    368e:	c8 01       	movw	r24, r16
    3690:	0e 94 cd 19 	call	0x339a	; 0x339a <VL53_ReadReg>
    3694:	81 11       	cpse	r24, r1
    3696:	25 c0       	rjmp	.+74     	; 0x36e2 <VL53_ReferenceCalibration+0x82>
    3698:	89 81       	ldd	r24, Y+1	; 0x01
    369a:	87 70       	andi	r24, 0x07	; 7
    369c:	81 f4       	brne	.+32     	; 0x36be <VL53_ReferenceCalibration+0x5e>
    369e:	f8 01       	movw	r30, r16
    36a0:	83 81       	ldd	r24, Z+3	; 0x03
    36a2:	94 81       	ldd	r25, Z+4	; 0x04
    36a4:	e8 16       	cp	r14, r24
    36a6:	f9 06       	cpc	r15, r25
    36a8:	f0 f4       	brcc	.+60     	; 0x36e6 <VL53_ReferenceCalibration+0x86>
    36aa:	8f e9       	ldi	r24, 0x9F	; 159
    36ac:	9f e0       	ldi	r25, 0x0F	; 15
    36ae:	01 97       	sbiw	r24, 0x01	; 1
    36b0:	f1 f7       	brne	.-4      	; 0x36ae <VL53_ReferenceCalibration+0x4e>
    36b2:	00 c0       	rjmp	.+0      	; 0x36b4 <VL53_ReferenceCalibration+0x54>
    36b4:	00 00       	nop
    36b6:	9f ef       	ldi	r25, 0xFF	; 255
    36b8:	e9 1a       	sub	r14, r25
    36ba:	f9 0a       	sbc	r15, r25
    36bc:	e4 cf       	rjmp	.-56     	; 0x3686 <VL53_ReferenceCalibration+0x26>
    36be:	41 e0       	ldi	r20, 0x01	; 1
    36c0:	6b e0       	ldi	r22, 0x0B	; 11
    36c2:	c8 01       	movw	r24, r16
    36c4:	0e 94 30 19 	call	0x3260	; 0x3260 <VL53_WriteReg>
    36c8:	81 11       	cpse	r24, r1
    36ca:	0f c0       	rjmp	.+30     	; 0x36ea <VL53_ReferenceCalibration+0x8a>
    36cc:	40 e0       	ldi	r20, 0x00	; 0
    36ce:	60 e0       	ldi	r22, 0x00	; 0
    36d0:	c8 01       	movw	r24, r16
    36d2:	0e 94 30 19 	call	0x3260	; 0x3260 <VL53_WriteReg>
    36d6:	88 23       	and	r24, r24
    36d8:	49 f0       	breq	.+18     	; 0x36ec <VL53_ReferenceCalibration+0x8c>
    36da:	81 e0       	ldi	r24, 0x01	; 1
    36dc:	07 c0       	rjmp	.+14     	; 0x36ec <VL53_ReferenceCalibration+0x8c>
    36de:	81 e0       	ldi	r24, 0x01	; 1
    36e0:	05 c0       	rjmp	.+10     	; 0x36ec <VL53_ReferenceCalibration+0x8c>
    36e2:	81 e0       	ldi	r24, 0x01	; 1
    36e4:	03 c0       	rjmp	.+6      	; 0x36ec <VL53_ReferenceCalibration+0x8c>
    36e6:	83 e0       	ldi	r24, 0x03	; 3
    36e8:	01 c0       	rjmp	.+2      	; 0x36ec <VL53_ReferenceCalibration+0x8c>
    36ea:	81 e0       	ldi	r24, 0x01	; 1
    36ec:	0f 90       	pop	r0
    36ee:	df 91       	pop	r29
    36f0:	cf 91       	pop	r28
    36f2:	1f 91       	pop	r17
    36f4:	0f 91       	pop	r16
    36f6:	ff 90       	pop	r15
    36f8:	ef 90       	pop	r14
    36fa:	08 95       	ret

000036fc <VL53_ReadReg16>:
    36fc:	0f 93       	push	r16
    36fe:	1f 93       	push	r17
    3700:	cf 93       	push	r28
    3702:	df 93       	push	r29
    3704:	00 d0       	rcall	.+0      	; 0x3706 <VL53_ReadReg16+0xa>
    3706:	cd b7       	in	r28, 0x3d	; 61
    3708:	de b7       	in	r29, 0x3e	; 62
    370a:	41 15       	cp	r20, r1
    370c:	51 05       	cpc	r21, r1
    370e:	a1 f0       	breq	.+40     	; 0x3738 <VL53_ReadReg16+0x3c>
    3710:	8a 01       	movw	r16, r20
    3712:	22 e0       	ldi	r18, 0x02	; 2
    3714:	ae 01       	movw	r20, r28
    3716:	4f 5f       	subi	r20, 0xFF	; 255
    3718:	5f 4f       	sbci	r21, 0xFF	; 255
    371a:	0e 94 65 19 	call	0x32ca	; 0x32ca <VL53_ReadMulti>
    371e:	81 11       	cpse	r24, r1
    3720:	0c c0       	rjmp	.+24     	; 0x373a <VL53_ReadReg16+0x3e>
    3722:	89 81       	ldd	r24, Y+1	; 0x01
    3724:	90 e0       	ldi	r25, 0x00	; 0
    3726:	98 2f       	mov	r25, r24
    3728:	88 27       	eor	r24, r24
    372a:	2a 81       	ldd	r18, Y+2	; 0x02
    372c:	82 2b       	or	r24, r18
    372e:	f8 01       	movw	r30, r16
    3730:	91 83       	std	Z+1, r25	; 0x01
    3732:	80 83       	st	Z, r24
    3734:	80 e0       	ldi	r24, 0x00	; 0
    3736:	01 c0       	rjmp	.+2      	; 0x373a <VL53_ReadReg16+0x3e>
    3738:	84 e0       	ldi	r24, 0x04	; 4
    373a:	0f 90       	pop	r0
    373c:	0f 90       	pop	r0
    373e:	df 91       	pop	r29
    3740:	cf 91       	pop	r28
    3742:	1f 91       	pop	r17
    3744:	0f 91       	pop	r16
    3746:	08 95       	ret

00003748 <VL53_GetSequenceTimeouts>:
    3748:	cf 92       	push	r12
    374a:	df 92       	push	r13
    374c:	ef 92       	push	r14
    374e:	ff 92       	push	r15
    3750:	0f 93       	push	r16
    3752:	1f 93       	push	r17
    3754:	cf 93       	push	r28
    3756:	df 93       	push	r29
    3758:	00 d0       	rcall	.+0      	; 0x375a <VL53_GetSequenceTimeouts+0x12>
    375a:	1f 92       	push	r1
    375c:	cd b7       	in	r28, 0x3d	; 61
    375e:	de b7       	in	r29, 0x3e	; 62
    3760:	7c 01       	movw	r14, r24
    3762:	6b 01       	movw	r12, r22
    3764:	8a 01       	movw	r16, r20
    3766:	19 82       	std	Y+1, r1	; 0x01
    3768:	1b 82       	std	Y+3, r1	; 0x03
    376a:	1a 82       	std	Y+2, r1	; 0x02
    376c:	60 e0       	ldi	r22, 0x00	; 0
    376e:	0e 94 14 1b 	call	0x3628	; 0x3628 <VL53_GetVcselPeriod>
    3772:	f8 01       	movw	r30, r16
    3774:	80 83       	st	Z, r24
    3776:	ae 01       	movw	r20, r28
    3778:	4f 5f       	subi	r20, 0xFF	; 255
    377a:	5f 4f       	sbci	r21, 0xFF	; 255
    377c:	66 e4       	ldi	r22, 0x46	; 70
    377e:	c7 01       	movw	r24, r14
    3780:	0e 94 cd 19 	call	0x339a	; 0x339a <VL53_ReadReg>
    3784:	89 81       	ldd	r24, Y+1	; 0x01
    3786:	90 e0       	ldi	r25, 0x00	; 0
    3788:	01 96       	adiw	r24, 0x01	; 1
    378a:	f8 01       	movw	r30, r16
    378c:	93 83       	std	Z+3, r25	; 0x03
    378e:	82 83       	std	Z+2, r24	; 0x02
    3790:	60 81       	ld	r22, Z
    3792:	0e 94 8c 18 	call	0x3118	; 0x3118 <VL53_TimeoutMclksToUs>
    3796:	f8 01       	movw	r30, r16
    3798:	60 87       	std	Z+8, r22	; 0x08
    379a:	71 87       	std	Z+9, r23	; 0x09
    379c:	82 87       	std	Z+10, r24	; 0x0a
    379e:	93 87       	std	Z+11, r25	; 0x0b
    37a0:	ae 01       	movw	r20, r28
    37a2:	4e 5f       	subi	r20, 0xFE	; 254
    37a4:	5f 4f       	sbci	r21, 0xFF	; 255
    37a6:	61 e5       	ldi	r22, 0x51	; 81
    37a8:	c7 01       	movw	r24, r14
    37aa:	0e 94 7e 1b 	call	0x36fc	; 0x36fc <VL53_ReadReg16>
    37ae:	8a 81       	ldd	r24, Y+2	; 0x02
    37b0:	9b 81       	ldd	r25, Y+3	; 0x03
    37b2:	0e 94 3f 18 	call	0x307e	; 0x307e <VL53_DecodeTimeout>
    37b6:	f8 01       	movw	r30, r16
    37b8:	95 83       	std	Z+5, r25	; 0x05
    37ba:	84 83       	std	Z+4, r24	; 0x04
    37bc:	60 81       	ld	r22, Z
    37be:	0e 94 8c 18 	call	0x3118	; 0x3118 <VL53_TimeoutMclksToUs>
    37c2:	f8 01       	movw	r30, r16
    37c4:	64 87       	std	Z+12, r22	; 0x0c
    37c6:	75 87       	std	Z+13, r23	; 0x0d
    37c8:	86 87       	std	Z+14, r24	; 0x0e
    37ca:	97 87       	std	Z+15, r25	; 0x0f
    37cc:	61 e0       	ldi	r22, 0x01	; 1
    37ce:	c7 01       	movw	r24, r14
    37d0:	0e 94 14 1b 	call	0x3628	; 0x3628 <VL53_GetVcselPeriod>
    37d4:	f8 01       	movw	r30, r16
    37d6:	81 83       	std	Z+1, r24	; 0x01
    37d8:	ae 01       	movw	r20, r28
    37da:	4e 5f       	subi	r20, 0xFE	; 254
    37dc:	5f 4f       	sbci	r21, 0xFF	; 255
    37de:	61 e7       	ldi	r22, 0x71	; 113
    37e0:	c7 01       	movw	r24, r14
    37e2:	0e 94 7e 1b 	call	0x36fc	; 0x36fc <VL53_ReadReg16>
    37e6:	8a 81       	ldd	r24, Y+2	; 0x02
    37e8:	9b 81       	ldd	r25, Y+3	; 0x03
    37ea:	0e 94 3f 18 	call	0x307e	; 0x307e <VL53_DecodeTimeout>
    37ee:	f8 01       	movw	r30, r16
    37f0:	97 83       	std	Z+7, r25	; 0x07
    37f2:	86 83       	std	Z+6, r24	; 0x06
    37f4:	f6 01       	movw	r30, r12
    37f6:	23 81       	ldd	r18, Z+3	; 0x03
    37f8:	22 23       	and	r18, r18
    37fa:	39 f0       	breq	.+14     	; 0x380a <VL53_GetSequenceTimeouts+0xc2>
    37fc:	f8 01       	movw	r30, r16
    37fe:	24 81       	ldd	r18, Z+4	; 0x04
    3800:	35 81       	ldd	r19, Z+5	; 0x05
    3802:	82 1b       	sub	r24, r18
    3804:	93 0b       	sbc	r25, r19
    3806:	97 83       	std	Z+7, r25	; 0x07
    3808:	86 83       	std	Z+6, r24	; 0x06
    380a:	f8 01       	movw	r30, r16
    380c:	61 81       	ldd	r22, Z+1	; 0x01
    380e:	86 81       	ldd	r24, Z+6	; 0x06
    3810:	97 81       	ldd	r25, Z+7	; 0x07
    3812:	0e 94 8c 18 	call	0x3118	; 0x3118 <VL53_TimeoutMclksToUs>
    3816:	f8 01       	movw	r30, r16
    3818:	60 8b       	std	Z+16, r22	; 0x10
    381a:	71 8b       	std	Z+17, r23	; 0x11
    381c:	82 8b       	std	Z+18, r24	; 0x12
    381e:	93 8b       	std	Z+19, r25	; 0x13
    3820:	0f 90       	pop	r0
    3822:	0f 90       	pop	r0
    3824:	0f 90       	pop	r0
    3826:	df 91       	pop	r29
    3828:	cf 91       	pop	r28
    382a:	1f 91       	pop	r17
    382c:	0f 91       	pop	r16
    382e:	ff 90       	pop	r15
    3830:	ef 90       	pop	r14
    3832:	df 90       	pop	r13
    3834:	cf 90       	pop	r12
    3836:	08 95       	ret

00003838 <VL53_GetTimingBudget>:
    3838:	0f 93       	push	r16
    383a:	1f 93       	push	r17
    383c:	cf 93       	push	r28
    383e:	df 93       	push	r29
    3840:	cd b7       	in	r28, 0x3d	; 61
    3842:	de b7       	in	r29, 0x3e	; 62
    3844:	69 97       	sbiw	r28, 0x19	; 25
    3846:	0f b6       	in	r0, 0x3f	; 63
    3848:	f8 94       	cli
    384a:	de bf       	out	0x3e, r29	; 62
    384c:	0f be       	out	0x3f, r0	; 63
    384e:	cd bf       	out	0x3d, r28	; 61
    3850:	8c 01       	movw	r16, r24
    3852:	be 01       	movw	r22, r28
    3854:	6f 5f       	subi	r22, 0xFF	; 255
    3856:	7f 4f       	sbci	r23, 0xFF	; 255
    3858:	0e 94 e9 1a 	call	0x35d2	; 0x35d2 <VL53_GetSequenceEnables>
    385c:	ae 01       	movw	r20, r28
    385e:	4a 5f       	subi	r20, 0xFA	; 250
    3860:	5f 4f       	sbci	r21, 0xFF	; 255
    3862:	be 01       	movw	r22, r28
    3864:	6f 5f       	subi	r22, 0xFF	; 255
    3866:	7f 4f       	sbci	r23, 0xFF	; 255
    3868:	c8 01       	movw	r24, r16
    386a:	0e 94 a4 1b 	call	0x3748	; 0x3748 <VL53_GetSequenceTimeouts>
    386e:	89 81       	ldd	r24, Y+1	; 0x01
    3870:	88 23       	and	r24, r24
    3872:	59 f0       	breq	.+22     	; 0x388a <VL53_GetTimingBudget+0x52>
    3874:	8e 85       	ldd	r24, Y+14	; 0x0e
    3876:	9f 85       	ldd	r25, Y+15	; 0x0f
    3878:	a8 89       	ldd	r26, Y+16	; 0x10
    387a:	b9 89       	ldd	r27, Y+17	; 0x11
    387c:	bc 01       	movw	r22, r24
    387e:	cd 01       	movw	r24, r26
    3880:	6c 57       	subi	r22, 0x7C	; 124
    3882:	72 4f       	sbci	r23, 0xF2	; 242
    3884:	8f 4f       	sbci	r24, 0xFF	; 255
    3886:	9f 4f       	sbci	r25, 0xFF	; 255
    3888:	04 c0       	rjmp	.+8      	; 0x3892 <VL53_GetTimingBudget+0x5a>
    388a:	66 e3       	ldi	r22, 0x36	; 54
    388c:	7b e0       	ldi	r23, 0x0B	; 11
    388e:	80 e0       	ldi	r24, 0x00	; 0
    3890:	90 e0       	ldi	r25, 0x00	; 0
    3892:	2a 81       	ldd	r18, Y+2	; 0x02
    3894:	22 23       	and	r18, r18
    3896:	89 f0       	breq	.+34     	; 0x38ba <VL53_GetTimingBudget+0x82>
    3898:	0e 85       	ldd	r16, Y+14	; 0x0e
    389a:	1f 85       	ldd	r17, Y+15	; 0x0f
    389c:	28 89       	ldd	r18, Y+16	; 0x10
    389e:	39 89       	ldd	r19, Y+17	; 0x11
    38a0:	0e 54       	subi	r16, 0x4E	; 78
    38a2:	1d 4f       	sbci	r17, 0xFD	; 253
    38a4:	2f 4f       	sbci	r18, 0xFF	; 255
    38a6:	3f 4f       	sbci	r19, 0xFF	; 255
    38a8:	00 0f       	add	r16, r16
    38aa:	11 1f       	adc	r17, r17
    38ac:	22 1f       	adc	r18, r18
    38ae:	33 1f       	adc	r19, r19
    38b0:	60 0f       	add	r22, r16
    38b2:	71 1f       	adc	r23, r17
    38b4:	82 1f       	adc	r24, r18
    38b6:	93 1f       	adc	r25, r19
    38b8:	13 c0       	rjmp	.+38     	; 0x38e0 <VL53_GetTimingBudget+0xa8>
    38ba:	2b 81       	ldd	r18, Y+3	; 0x03
    38bc:	22 23       	and	r18, r18
    38be:	81 f0       	breq	.+32     	; 0x38e0 <VL53_GetTimingBudget+0xa8>
    38c0:	0e 85       	ldd	r16, Y+14	; 0x0e
    38c2:	1f 85       	ldd	r17, Y+15	; 0x0f
    38c4:	28 89       	ldd	r18, Y+16	; 0x10
    38c6:	39 89       	ldd	r19, Y+17	; 0x11
    38c8:	dc 01       	movw	r26, r24
    38ca:	cb 01       	movw	r24, r22
    38cc:	80 0f       	add	r24, r16
    38ce:	91 1f       	adc	r25, r17
    38d0:	a2 1f       	adc	r26, r18
    38d2:	b3 1f       	adc	r27, r19
    38d4:	bc 01       	movw	r22, r24
    38d6:	cd 01       	movw	r24, r26
    38d8:	6c 56       	subi	r22, 0x6C	; 108
    38da:	7d 4f       	sbci	r23, 0xFD	; 253
    38dc:	8f 4f       	sbci	r24, 0xFF	; 255
    38de:	9f 4f       	sbci	r25, 0xFF	; 255
    38e0:	2c 81       	ldd	r18, Y+4	; 0x04
    38e2:	22 23       	and	r18, r18
    38e4:	81 f0       	breq	.+32     	; 0x3906 <VL53_GetTimingBudget+0xce>
    38e6:	0a 89       	ldd	r16, Y+18	; 0x12
    38e8:	1b 89       	ldd	r17, Y+19	; 0x13
    38ea:	2c 89       	ldd	r18, Y+20	; 0x14
    38ec:	3d 89       	ldd	r19, Y+21	; 0x15
    38ee:	dc 01       	movw	r26, r24
    38f0:	cb 01       	movw	r24, r22
    38f2:	80 0f       	add	r24, r16
    38f4:	91 1f       	adc	r25, r17
    38f6:	a2 1f       	adc	r26, r18
    38f8:	b3 1f       	adc	r27, r19
    38fa:	bc 01       	movw	r22, r24
    38fc:	cd 01       	movw	r24, r26
    38fe:	6c 56       	subi	r22, 0x6C	; 108
    3900:	7d 4f       	sbci	r23, 0xFD	; 253
    3902:	8f 4f       	sbci	r24, 0xFF	; 255
    3904:	9f 4f       	sbci	r25, 0xFF	; 255
    3906:	2d 81       	ldd	r18, Y+5	; 0x05
    3908:	22 23       	and	r18, r18
    390a:	81 f0       	breq	.+32     	; 0x392c <VL53_GetTimingBudget+0xf4>
    390c:	0e 89       	ldd	r16, Y+22	; 0x16
    390e:	1f 89       	ldd	r17, Y+23	; 0x17
    3910:	28 8d       	ldd	r18, Y+24	; 0x18
    3912:	39 8d       	ldd	r19, Y+25	; 0x19
    3914:	dc 01       	movw	r26, r24
    3916:	cb 01       	movw	r24, r22
    3918:	80 0f       	add	r24, r16
    391a:	91 1f       	adc	r25, r17
    391c:	a2 1f       	adc	r26, r18
    391e:	b3 1f       	adc	r27, r19
    3920:	bc 01       	movw	r22, r24
    3922:	cd 01       	movw	r24, r26
    3924:	6a 5d       	subi	r22, 0xDA	; 218
    3926:	7d 4f       	sbci	r23, 0xFD	; 253
    3928:	8f 4f       	sbci	r24, 0xFF	; 255
    392a:	9f 4f       	sbci	r25, 0xFF	; 255
    392c:	69 96       	adiw	r28, 0x19	; 25
    392e:	0f b6       	in	r0, 0x3f	; 63
    3930:	f8 94       	cli
    3932:	de bf       	out	0x3e, r29	; 62
    3934:	0f be       	out	0x3f, r0	; 63
    3936:	cd bf       	out	0x3d, r28	; 61
    3938:	df 91       	pop	r29
    393a:	cf 91       	pop	r28
    393c:	1f 91       	pop	r17
    393e:	0f 91       	pop	r16
    3940:	08 95       	ret

00003942 <VL53_SetTimingBudget>:
    3942:	bf 92       	push	r11
    3944:	cf 92       	push	r12
    3946:	df 92       	push	r13
    3948:	ef 92       	push	r14
    394a:	ff 92       	push	r15
    394c:	0f 93       	push	r16
    394e:	1f 93       	push	r17
    3950:	cf 93       	push	r28
    3952:	df 93       	push	r29
    3954:	cd b7       	in	r28, 0x3d	; 61
    3956:	de b7       	in	r29, 0x3e	; 62
    3958:	69 97       	sbiw	r28, 0x19	; 25
    395a:	0f b6       	in	r0, 0x3f	; 63
    395c:	f8 94       	cli
    395e:	de bf       	out	0x3e, r29	; 62
    3960:	0f be       	out	0x3f, r0	; 63
    3962:	cd bf       	out	0x3d, r28	; 61
    3964:	8c 01       	movw	r16, r24
    3966:	6a 01       	movw	r12, r20
    3968:	7b 01       	movw	r14, r22
    396a:	be 01       	movw	r22, r28
    396c:	6f 5f       	subi	r22, 0xFF	; 255
    396e:	7f 4f       	sbci	r23, 0xFF	; 255
    3970:	0e 94 e9 1a 	call	0x35d2	; 0x35d2 <VL53_GetSequenceEnables>
    3974:	ae 01       	movw	r20, r28
    3976:	4a 5f       	subi	r20, 0xFA	; 250
    3978:	5f 4f       	sbci	r21, 0xFF	; 255
    397a:	be 01       	movw	r22, r28
    397c:	6f 5f       	subi	r22, 0xFF	; 255
    397e:	7f 4f       	sbci	r23, 0xFF	; 255
    3980:	c8 01       	movw	r24, r16
    3982:	0e 94 a4 1b 	call	0x3748	; 0x3748 <VL53_GetSequenceTimeouts>
    3986:	89 81       	ldd	r24, Y+1	; 0x01
    3988:	88 23       	and	r24, r24
    398a:	49 f0       	breq	.+18     	; 0x399e <VL53_SetTimingBudget+0x5c>
    398c:	8e 85       	ldd	r24, Y+14	; 0x0e
    398e:	9f 85       	ldd	r25, Y+15	; 0x0f
    3990:	a8 89       	ldd	r26, Y+16	; 0x10
    3992:	b9 89       	ldd	r27, Y+17	; 0x11
    3994:	8c 57       	subi	r24, 0x7C	; 124
    3996:	92 4f       	sbci	r25, 0xF2	; 242
    3998:	af 4f       	sbci	r26, 0xFF	; 255
    399a:	bf 4f       	sbci	r27, 0xFF	; 255
    399c:	04 c0       	rjmp	.+8      	; 0x39a6 <VL53_SetTimingBudget+0x64>
    399e:	86 e3       	ldi	r24, 0x36	; 54
    39a0:	9b e0       	ldi	r25, 0x0B	; 11
    39a2:	a0 e0       	ldi	r26, 0x00	; 0
    39a4:	b0 e0       	ldi	r27, 0x00	; 0
    39a6:	2a 81       	ldd	r18, Y+2	; 0x02
    39a8:	22 23       	and	r18, r18
    39aa:	89 f0       	breq	.+34     	; 0x39ce <VL53_SetTimingBudget+0x8c>
    39ac:	4e 85       	ldd	r20, Y+14	; 0x0e
    39ae:	5f 85       	ldd	r21, Y+15	; 0x0f
    39b0:	68 89       	ldd	r22, Y+16	; 0x10
    39b2:	79 89       	ldd	r23, Y+17	; 0x11
    39b4:	4e 54       	subi	r20, 0x4E	; 78
    39b6:	5d 4f       	sbci	r21, 0xFD	; 253
    39b8:	6f 4f       	sbci	r22, 0xFF	; 255
    39ba:	7f 4f       	sbci	r23, 0xFF	; 255
    39bc:	44 0f       	add	r20, r20
    39be:	55 1f       	adc	r21, r21
    39c0:	66 1f       	adc	r22, r22
    39c2:	77 1f       	adc	r23, r23
    39c4:	84 0f       	add	r24, r20
    39c6:	95 1f       	adc	r25, r21
    39c8:	a6 1f       	adc	r26, r22
    39ca:	b7 1f       	adc	r27, r23
    39cc:	0f c0       	rjmp	.+30     	; 0x39ec <VL53_SetTimingBudget+0xaa>
    39ce:	2b 81       	ldd	r18, Y+3	; 0x03
    39d0:	22 23       	and	r18, r18
    39d2:	61 f0       	breq	.+24     	; 0x39ec <VL53_SetTimingBudget+0xaa>
    39d4:	4e 85       	ldd	r20, Y+14	; 0x0e
    39d6:	5f 85       	ldd	r21, Y+15	; 0x0f
    39d8:	68 89       	ldd	r22, Y+16	; 0x10
    39da:	79 89       	ldd	r23, Y+17	; 0x11
    39dc:	84 0f       	add	r24, r20
    39de:	95 1f       	adc	r25, r21
    39e0:	a6 1f       	adc	r26, r22
    39e2:	b7 1f       	adc	r27, r23
    39e4:	8c 56       	subi	r24, 0x6C	; 108
    39e6:	9d 4f       	sbci	r25, 0xFD	; 253
    39e8:	af 4f       	sbci	r26, 0xFF	; 255
    39ea:	bf 4f       	sbci	r27, 0xFF	; 255
    39ec:	bc 80       	ldd	r11, Y+4	; 0x04
    39ee:	bb 20       	and	r11, r11
    39f0:	61 f0       	breq	.+24     	; 0x3a0a <VL53_SetTimingBudget+0xc8>
    39f2:	4a 89       	ldd	r20, Y+18	; 0x12
    39f4:	5b 89       	ldd	r21, Y+19	; 0x13
    39f6:	6c 89       	ldd	r22, Y+20	; 0x14
    39f8:	7d 89       	ldd	r23, Y+21	; 0x15
    39fa:	84 0f       	add	r24, r20
    39fc:	95 1f       	adc	r25, r21
    39fe:	a6 1f       	adc	r26, r22
    3a00:	b7 1f       	adc	r27, r23
    3a02:	8c 56       	subi	r24, 0x6C	; 108
    3a04:	9d 4f       	sbci	r25, 0xFD	; 253
    3a06:	af 4f       	sbci	r26, 0xFF	; 255
    3a08:	bf 4f       	sbci	r27, 0xFF	; 255
    3a0a:	2d 81       	ldd	r18, Y+5	; 0x05
    3a0c:	22 23       	and	r18, r18
    3a0e:	21 f1       	breq	.+72     	; 0x3a58 <VL53_SetTimingBudget+0x116>
    3a10:	8a 5d       	subi	r24, 0xDA	; 218
    3a12:	9d 4f       	sbci	r25, 0xFD	; 253
    3a14:	af 4f       	sbci	r26, 0xFF	; 255
    3a16:	bf 4f       	sbci	r27, 0xFF	; 255
    3a18:	c8 16       	cp	r12, r24
    3a1a:	d9 06       	cpc	r13, r25
    3a1c:	ea 06       	cpc	r14, r26
    3a1e:	fb 06       	cpc	r15, r27
    3a20:	e8 f0       	brcs	.+58     	; 0x3a5c <VL53_SetTimingBudget+0x11a>
    3a22:	a7 01       	movw	r20, r14
    3a24:	96 01       	movw	r18, r12
    3a26:	28 1b       	sub	r18, r24
    3a28:	39 0b       	sbc	r19, r25
    3a2a:	4a 0b       	sbc	r20, r26
    3a2c:	5b 0b       	sbc	r21, r27
    3a2e:	ca 01       	movw	r24, r20
    3a30:	b9 01       	movw	r22, r18
    3a32:	4f 81       	ldd	r20, Y+7	; 0x07
    3a34:	0e 94 a6 18 	call	0x314c	; 0x314c <VL53_TimeoutUsToMclks>
    3a38:	bb 20       	and	r11, r11
    3a3a:	31 f0       	breq	.+12     	; 0x3a48 <VL53_SetTimingBudget+0x106>
    3a3c:	2a 85       	ldd	r18, Y+10	; 0x0a
    3a3e:	3b 85       	ldd	r19, Y+11	; 0x0b
    3a40:	62 0f       	add	r22, r18
    3a42:	73 1f       	adc	r23, r19
    3a44:	81 1d       	adc	r24, r1
    3a46:	91 1d       	adc	r25, r1
    3a48:	0e 94 4a 18 	call	0x3094	; 0x3094 <VL53_EncodeTimeout>
    3a4c:	ac 01       	movw	r20, r24
    3a4e:	61 e7       	ldi	r22, 0x71	; 113
    3a50:	c8 01       	movw	r24, r16
    3a52:	0e 94 1e 19 	call	0x323c	; 0x323c <VL53_WriteReg16>
    3a56:	03 c0       	rjmp	.+6      	; 0x3a5e <VL53_SetTimingBudget+0x11c>
    3a58:	80 e0       	ldi	r24, 0x00	; 0
    3a5a:	01 c0       	rjmp	.+2      	; 0x3a5e <VL53_SetTimingBudget+0x11c>
    3a5c:	84 e0       	ldi	r24, 0x04	; 4
    3a5e:	69 96       	adiw	r28, 0x19	; 25
    3a60:	0f b6       	in	r0, 0x3f	; 63
    3a62:	f8 94       	cli
    3a64:	de bf       	out	0x3e, r29	; 62
    3a66:	0f be       	out	0x3f, r0	; 63
    3a68:	cd bf       	out	0x3d, r28	; 61
    3a6a:	df 91       	pop	r29
    3a6c:	cf 91       	pop	r28
    3a6e:	1f 91       	pop	r17
    3a70:	0f 91       	pop	r16
    3a72:	ff 90       	pop	r15
    3a74:	ef 90       	pop	r14
    3a76:	df 90       	pop	r13
    3a78:	cf 90       	pop	r12
    3a7a:	bf 90       	pop	r11
    3a7c:	08 95       	ret

00003a7e <VL53L0X_ObjectInit>:
    3a7e:	fc 01       	movw	r30, r24
    3a80:	89 2b       	or	r24, r25
    3a82:	c1 f0       	breq	.+48     	; 0x3ab4 <VL53L0X_ObjectInit+0x36>
    3a84:	89 e2       	ldi	r24, 0x29	; 41
    3a86:	80 83       	st	Z, r24
    3a88:	11 82       	std	Z+1, r1	; 0x01
    3a8a:	12 82       	std	Z+2, r1	; 0x02
    3a8c:	88 ec       	ldi	r24, 0xC8	; 200
    3a8e:	90 e0       	ldi	r25, 0x00	; 0
    3a90:	94 83       	std	Z+4, r25	; 0x04
    3a92:	83 83       	std	Z+3, r24	; 0x03
    3a94:	16 82       	std	Z+6, r1	; 0x06
    3a96:	15 82       	std	Z+5, r1	; 0x05
    3a98:	10 86       	std	Z+8, r1	; 0x08
    3a9a:	17 82       	std	Z+7, r1	; 0x07
    3a9c:	12 86       	std	Z+10, r1	; 0x0a
    3a9e:	11 86       	std	Z+9, r1	; 0x09
    3aa0:	13 86       	std	Z+11, r1	; 0x0b
    3aa2:	14 86       	std	Z+12, r1	; 0x0c
    3aa4:	16 86       	std	Z+14, r1	; 0x0e
    3aa6:	15 86       	std	Z+13, r1	; 0x0d
    3aa8:	10 8a       	std	Z+16, r1	; 0x10
    3aaa:	17 86       	std	Z+15, r1	; 0x0f
    3aac:	12 8a       	std	Z+18, r1	; 0x12
    3aae:	11 8a       	std	Z+17, r1	; 0x11
    3ab0:	13 8a       	std	Z+19, r1	; 0x13
    3ab2:	14 8a       	std	Z+20, r1	; 0x14
    3ab4:	08 95       	ret

00003ab6 <VL53L0X_AttachXSHUT>:
    3ab6:	00 97       	sbiw	r24, 0x00	; 0
    3ab8:	69 f1       	breq	.+90     	; 0x3b14 <VL53L0X_AttachXSHUT+0x5e>
    3aba:	61 15       	cp	r22, r1
    3abc:	71 05       	cpc	r23, r1
    3abe:	61 f1       	breq	.+88     	; 0x3b18 <VL53L0X_AttachXSHUT+0x62>
    3ac0:	41 15       	cp	r20, r1
    3ac2:	51 05       	cpc	r21, r1
    3ac4:	59 f1       	breq	.+86     	; 0x3b1c <VL53L0X_AttachXSHUT+0x66>
    3ac6:	28 30       	cpi	r18, 0x08	; 8
    3ac8:	58 f5       	brcc	.+86     	; 0x3b20 <VL53L0X_AttachXSHUT+0x6a>
    3aca:	dc 01       	movw	r26, r24
    3acc:	16 96       	adiw	r26, 0x06	; 6
    3ace:	7c 93       	st	X, r23
    3ad0:	6e 93       	st	-X, r22
    3ad2:	15 97       	sbiw	r26, 0x05	; 5
    3ad4:	18 96       	adiw	r26, 0x08	; 8
    3ad6:	5c 93       	st	X, r21
    3ad8:	4e 93       	st	-X, r20
    3ada:	17 97       	sbiw	r26, 0x07	; 7
    3adc:	e1 e0       	ldi	r30, 0x01	; 1
    3ade:	f0 e0       	ldi	r31, 0x00	; 0
    3ae0:	df 01       	movw	r26, r30
    3ae2:	02 c0       	rjmp	.+4      	; 0x3ae8 <VL53L0X_AttachXSHUT+0x32>
    3ae4:	aa 0f       	add	r26, r26
    3ae6:	bb 1f       	adc	r27, r27
    3ae8:	2a 95       	dec	r18
    3aea:	e2 f7       	brpl	.-8      	; 0x3ae4 <VL53L0X_AttachXSHUT+0x2e>
    3aec:	9d 01       	movw	r18, r26
    3aee:	fc 01       	movw	r30, r24
    3af0:	a3 87       	std	Z+11, r26	; 0x0b
    3af2:	31 e0       	ldi	r19, 0x01	; 1
    3af4:	34 87       	std	Z+12, r19	; 0x0c
    3af6:	da 01       	movw	r26, r20
    3af8:	3c 91       	ld	r19, X
    3afa:	20 95       	com	r18
    3afc:	23 23       	and	r18, r19
    3afe:	2c 93       	st	X, r18
    3b00:	fb 01       	movw	r30, r22
    3b02:	20 81       	ld	r18, Z
    3b04:	dc 01       	movw	r26, r24
    3b06:	1b 96       	adiw	r26, 0x0b	; 11
    3b08:	8c 91       	ld	r24, X
    3b0a:	80 95       	com	r24
    3b0c:	82 23       	and	r24, r18
    3b0e:	80 83       	st	Z, r24
    3b10:	80 e0       	ldi	r24, 0x00	; 0
    3b12:	08 95       	ret
    3b14:	84 e0       	ldi	r24, 0x04	; 4
    3b16:	08 95       	ret
    3b18:	84 e0       	ldi	r24, 0x04	; 4
    3b1a:	08 95       	ret
    3b1c:	84 e0       	ldi	r24, 0x04	; 4
    3b1e:	08 95       	ret
    3b20:	84 e0       	ldi	r24, 0x04	; 4
    3b22:	08 95       	ret

00003b24 <VL53L0X_Shutdown>:
/******************************************************************************
 * Apagar mediante XSHUT
 ******************************************************************************/
VL53L0X_Status_t VL53L0X_Shutdown(VL53L0X_t *sensor)
{
    if ((sensor == NULL) || (sensor->xshut.enabled == 0U))
    3b24:	00 97       	sbiw	r24, 0x00	; 0
    3b26:	39 f1       	breq	.+78     	; 0x3b76 <VL53L0X_Shutdown+0x52>
    3b28:	dc 01       	movw	r26, r24
    3b2a:	1c 96       	adiw	r26, 0x0c	; 12
    3b2c:	2c 91       	ld	r18, X
    3b2e:	1c 97       	sbiw	r26, 0x0c	; 12
    3b30:	22 23       	and	r18, r18
    3b32:	19 f1       	breq	.+70     	; 0x3b7a <VL53L0X_Shutdown+0x56>
    {
        return VL53L0X_ERROR_PARAMETER;
    }

    *(sensor->xshut.port) &= (uint8_t)~sensor->xshut.mask;
    3b34:	17 96       	adiw	r26, 0x07	; 7
    3b36:	ed 91       	ld	r30, X+
    3b38:	fc 91       	ld	r31, X
    3b3a:	18 97       	sbiw	r26, 0x08	; 8
    3b3c:	30 81       	ld	r19, Z
    3b3e:	1b 96       	adiw	r26, 0x0b	; 11
    3b40:	2c 91       	ld	r18, X
    3b42:	1b 97       	sbiw	r26, 0x0b	; 11
    3b44:	20 95       	com	r18
    3b46:	23 23       	and	r18, r19
    3b48:	20 83       	st	Z, r18
    *(sensor->xshut.ddr) |= sensor->xshut.mask;
    3b4a:	15 96       	adiw	r26, 0x05	; 5
    3b4c:	ed 91       	ld	r30, X+
    3b4e:	fc 91       	ld	r31, X
    3b50:	16 97       	sbiw	r26, 0x06	; 6
    3b52:	30 81       	ld	r19, Z
    3b54:	1b 96       	adiw	r26, 0x0b	; 11
    3b56:	2c 91       	ld	r18, X
    3b58:	1b 97       	sbiw	r26, 0x0b	; 11
    3b5a:	23 2b       	or	r18, r19
    3b5c:	20 83       	st	Z, r18
    3b5e:	ef e9       	ldi	r30, 0x9F	; 159
    3b60:	ff e0       	ldi	r31, 0x0F	; 15
    3b62:	31 97       	sbiw	r30, 0x01	; 1
    3b64:	f1 f7       	brne	.-4      	; 0x3b62 <VL53L0X_Shutdown+0x3e>
    3b66:	00 c0       	rjmp	.+0      	; 0x3b68 <VL53L0X_Shutdown+0x44>
    3b68:	00 00       	nop
    _delay_ms(1);

    sensor->address = VL53L0X_DEFAULT_ADDRESS;
    3b6a:	29 e2       	ldi	r18, 0x29	; 41
    3b6c:	2c 93       	st	X, r18
    sensor->initialized = 0U;
    3b6e:	12 96       	adiw	r26, 0x02	; 2
    3b70:	1c 92       	st	X, r1

    return VL53L0X_OK;
    3b72:	80 e0       	ldi	r24, 0x00	; 0
    3b74:	08 95       	ret
 ******************************************************************************/
VL53L0X_Status_t VL53L0X_Shutdown(VL53L0X_t *sensor)
{
    if ((sensor == NULL) || (sensor->xshut.enabled == 0U))
    {
        return VL53L0X_ERROR_PARAMETER;
    3b76:	84 e0       	ldi	r24, 0x04	; 4
    3b78:	08 95       	ret
    3b7a:	84 e0       	ldi	r24, 0x04	; 4

    sensor->address = VL53L0X_DEFAULT_ADDRESS;
    sensor->initialized = 0U;

    return VL53L0X_OK;
}
    3b7c:	08 95       	ret

00003b7e <VL53L0X_Reset>:

/******************************************************************************
 * Reset mediante XSHUT
 ******************************************************************************/
VL53L0X_Status_t VL53L0X_Reset(VL53L0X_t *sensor)
{
    3b7e:	fc 01       	movw	r30, r24
    if (sensor == NULL)
    3b80:	89 2b       	or	r24, r25
    3b82:	b1 f1       	breq	.+108    	; 0x3bf0 <VL53L0X_Reset+0x72>
    {
        return VL53L0X_ERROR_PARAMETER;
    }

    if (sensor->xshut.enabled)
    3b84:	84 85       	ldd	r24, Z+12	; 0x0c
    3b86:	88 23       	and	r24, r24
    3b88:	41 f1       	breq	.+80     	; 0x3bda <VL53L0X_Reset+0x5c>
    {
        /*
         * XSHUT LOW:
         * salida LOW.
         */
        *(sensor->xshut.port) &= (uint8_t)~sensor->xshut.mask;
    3b8a:	a7 81       	ldd	r26, Z+7	; 0x07
    3b8c:	b0 85       	ldd	r27, Z+8	; 0x08
    3b8e:	9c 91       	ld	r25, X
    3b90:	83 85       	ldd	r24, Z+11	; 0x0b
    3b92:	80 95       	com	r24
    3b94:	89 23       	and	r24, r25
    3b96:	8c 93       	st	X, r24
        *(sensor->xshut.ddr)  |= sensor->xshut.mask;
    3b98:	a5 81       	ldd	r26, Z+5	; 0x05
    3b9a:	b6 81       	ldd	r27, Z+6	; 0x06
    3b9c:	9c 91       	ld	r25, X
    3b9e:	83 85       	ldd	r24, Z+11	; 0x0b
    3ba0:	89 2b       	or	r24, r25
    3ba2:	8c 93       	st	X, r24
    3ba4:	8f e3       	ldi	r24, 0x3F	; 63
    3ba6:	9f e1       	ldi	r25, 0x1F	; 31
    3ba8:	01 97       	sbiw	r24, 0x01	; 1
    3baa:	f1 f7       	brne	.-4      	; 0x3ba8 <VL53L0X_Reset+0x2a>
    3bac:	00 c0       	rjmp	.+0      	; 0x3bae <VL53L0X_Reset+0x30>
    3bae:	00 00       	nop

        /*
         * Liberar XSHUT:
         * entrada de alta impedancia.
         */
        *(sensor->xshut.port) &= (uint8_t)~sensor->xshut.mask;
    3bb0:	a7 81       	ldd	r26, Z+7	; 0x07
    3bb2:	b0 85       	ldd	r27, Z+8	; 0x08
    3bb4:	9c 91       	ld	r25, X
    3bb6:	83 85       	ldd	r24, Z+11	; 0x0b
    3bb8:	80 95       	com	r24
    3bba:	89 23       	and	r24, r25
    3bbc:	8c 93       	st	X, r24
        *(sensor->xshut.ddr)  &= (uint8_t)~sensor->xshut.mask;
    3bbe:	a5 81       	ldd	r26, Z+5	; 0x05
    3bc0:	b6 81       	ldd	r27, Z+6	; 0x06
    3bc2:	9c 91       	ld	r25, X
    3bc4:	83 85       	ldd	r24, Z+11	; 0x0b
    3bc6:	80 95       	com	r24
    3bc8:	89 23       	and	r24, r25
    3bca:	8c 93       	st	X, r24
    3bcc:	8f ed       	ldi	r24, 0xDF	; 223
    3bce:	9e e2       	ldi	r25, 0x2E	; 46
    3bd0:	01 97       	sbiw	r24, 0x01	; 1
    3bd2:	f1 f7       	brne	.-4      	; 0x3bd0 <VL53L0X_Reset+0x52>
    3bd4:	00 c0       	rjmp	.+0      	; 0x3bd6 <VL53L0X_Reset+0x58>
    3bd6:	00 00       	nop
    3bd8:	06 c0       	rjmp	.+12     	; 0x3be6 <VL53L0X_Reset+0x68>
    3bda:	8f ed       	ldi	r24, 0xDF	; 223
    3bdc:	9e e2       	ldi	r25, 0x2E	; 46
    3bde:	01 97       	sbiw	r24, 0x01	; 1
    3be0:	f1 f7       	brne	.-4      	; 0x3bde <VL53L0X_Reset+0x60>
    3be2:	00 c0       	rjmp	.+0      	; 0x3be4 <VL53L0X_Reset+0x66>
    3be4:	00 00       	nop
    else
    {
        _delay_ms(3);
    }

    sensor->address = VL53L0X_DEFAULT_ADDRESS;
    3be6:	89 e2       	ldi	r24, 0x29	; 41
    3be8:	80 83       	st	Z, r24
    sensor->initialized = 0U;
    3bea:	12 82       	std	Z+2, r1	; 0x02

    return VL53L0X_OK;
    3bec:	80 e0       	ldi	r24, 0x00	; 0
    3bee:	08 95       	ret
 ******************************************************************************/
VL53L0X_Status_t VL53L0X_Reset(VL53L0X_t *sensor)
{
    if (sensor == NULL)
    {
        return VL53L0X_ERROR_PARAMETER;
    3bf0:	84 e0       	ldi	r24, 0x04	; 4

    sensor->address = VL53L0X_DEFAULT_ADDRESS;
    sensor->initialized = 0U;

    return VL53L0X_OK;
}
    3bf2:	08 95       	ret

00003bf4 <VL53L0X_IsConnected>:

/******************************************************************************
 * Comprobar sensor
 ******************************************************************************/
VL53L0X_Status_t VL53L0X_IsConnected(VL53L0X_t *sensor)
{
    3bf4:	cf 93       	push	r28
    3bf6:	df 93       	push	r29
    3bf8:	1f 92       	push	r1
    3bfa:	cd b7       	in	r28, 0x3d	; 61
    3bfc:	de b7       	in	r29, 0x3e	; 62
    uint8_t model_id = 0U;
    3bfe:	19 82       	std	Y+1, r1	; 0x01

    if (sensor == NULL)
    3c00:	00 97       	sbiw	r24, 0x00	; 0
    3c02:	69 f0       	breq	.+26     	; 0x3c1e <VL53L0X_IsConnected+0x2a>
    {
        return VL53L0X_ERROR_PARAMETER;
    }

    if (VL53_ReadReg(sensor, REG_IDENTIFICATION_MODEL_ID, &model_id) != VL53L0X_OK)
    3c04:	ae 01       	movw	r20, r28
    3c06:	4f 5f       	subi	r20, 0xFF	; 255
    3c08:	5f 4f       	sbci	r21, 0xFF	; 255
    3c0a:	60 ec       	ldi	r22, 0xC0	; 192
    3c0c:	0e 94 cd 19 	call	0x339a	; 0x339a <VL53_ReadReg>
    3c10:	81 11       	cpse	r24, r1
    3c12:	07 c0       	rjmp	.+14     	; 0x3c22 <VL53L0X_IsConnected+0x2e>
    {
        return VL53L0X_ERROR_I2C;
    }

    if (model_id != VL53L0X_EXPECTED_MODEL_ID)
    3c14:	99 81       	ldd	r25, Y+1	; 0x01
    3c16:	9e 3e       	cpi	r25, 0xEE	; 238
    3c18:	29 f0       	breq	.+10     	; 0x3c24 <VL53L0X_IsConnected+0x30>
    {
        return VL53L0X_ERROR_ID;
    3c1a:	82 e0       	ldi	r24, 0x02	; 2
    3c1c:	03 c0       	rjmp	.+6      	; 0x3c24 <VL53L0X_IsConnected+0x30>
{
    uint8_t model_id = 0U;

    if (sensor == NULL)
    {
        return VL53L0X_ERROR_PARAMETER;
    3c1e:	84 e0       	ldi	r24, 0x04	; 4
    3c20:	01 c0       	rjmp	.+2      	; 0x3c24 <VL53L0X_IsConnected+0x30>
    }

    if (VL53_ReadReg(sensor, REG_IDENTIFICATION_MODEL_ID, &model_id) != VL53L0X_OK)
    {
        return VL53L0X_ERROR_I2C;
    3c22:	81 e0       	ldi	r24, 0x01	; 1
    {
        return VL53L0X_ERROR_ID;
    }

    return VL53L0X_OK;
}
    3c24:	0f 90       	pop	r0
    3c26:	df 91       	pop	r29
    3c28:	cf 91       	pop	r28
    3c2a:	08 95       	ret

00003c2c <VL53L0X_Init>:

/******************************************************************************
 * Inicializacion
 ******************************************************************************/
VL53L0X_Status_t VL53L0X_Init(VL53L0X_t *sensor)
{
    3c2c:	cf 92       	push	r12
    3c2e:	df 92       	push	r13
    3c30:	ef 92       	push	r14
    3c32:	ff 92       	push	r15
    3c34:	0f 93       	push	r16
    3c36:	1f 93       	push	r17
    3c38:	cf 93       	push	r28
    3c3a:	df 93       	push	r29
    3c3c:	cd b7       	in	r28, 0x3d	; 61
    3c3e:	de b7       	in	r29, 0x3e	; 62
    3c40:	29 97       	sbiw	r28, 0x09	; 9
    3c42:	0f b6       	in	r0, 0x3f	; 63
    3c44:	f8 94       	cli
    3c46:	de bf       	out	0x3e, r29	; 62
    3c48:	0f be       	out	0x3f, r0	; 63
    3c4a:	cd bf       	out	0x3d, r28	; 61

    uint32_t timing_budget;

    VL53L0X_Status_t status;

    if (sensor == NULL)
    3c4c:	00 97       	sbiw	r24, 0x00	; 0
    3c4e:	09 f4       	brne	.+2      	; 0x3c52 <VL53L0X_Init+0x26>
    3c50:	68 c1       	rjmp	.+720    	; 0x3f22 <VL53L0X_Init+0x2f6>
    3c52:	8c 01       	movw	r16, r24
    }

    /*
     * XSHUT permite sincronizar el sensor con el reinicio del ATmega.
     */
    status = VL53L0X_Reset(sensor);
    3c54:	0e 94 bf 1d 	call	0x3b7e	; 0x3b7e <VL53L0X_Reset>

    if (status != VL53L0X_OK)
    3c58:	81 11       	cpse	r24, r1
    3c5a:	9e c1       	rjmp	.+828    	; 0x3f98 <VL53L0X_Init+0x36c>
    {
        return status;
    }

    status = VL53L0X_IsConnected(sensor);
    3c5c:	c8 01       	movw	r24, r16
    3c5e:	0e 94 fa 1d 	call	0x3bf4	; 0x3bf4 <VL53L0X_IsConnected>

    if (status != VL53L0X_OK)
    3c62:	81 11       	cpse	r24, r1
    3c64:	99 c1       	rjmp	.+818    	; 0x3f98 <VL53L0X_Init+0x36c>
    }

    /*
     * Configurar I/O del sensor para modo 2.8 V.
     */
    status = VL53_ReadReg(sensor, REG_VHV_CONFIG_PAD_SCL_SDA_EXTSUP_HV, &value);
    3c66:	ae 01       	movw	r20, r28
    3c68:	4f 5f       	subi	r20, 0xFF	; 255
    3c6a:	5f 4f       	sbci	r21, 0xFF	; 255
    3c6c:	69 e8       	ldi	r22, 0x89	; 137
    3c6e:	c8 01       	movw	r24, r16
    3c70:	0e 94 cd 19 	call	0x339a	; 0x339a <VL53_ReadReg>
    if (status != VL53L0X_OK) return status;
    3c74:	81 11       	cpse	r24, r1
    3c76:	90 c1       	rjmp	.+800    	; 0x3f98 <VL53L0X_Init+0x36c>

    status = VL53_WriteReg(
    3c78:	49 81       	ldd	r20, Y+1	; 0x01
    3c7a:	41 60       	ori	r20, 0x01	; 1
    3c7c:	69 e8       	ldi	r22, 0x89	; 137
    3c7e:	c8 01       	movw	r24, r16
    3c80:	0e 94 30 19 	call	0x3260	; 0x3260 <VL53_WriteReg>
        sensor,
        REG_VHV_CONFIG_PAD_SCL_SDA_EXTSUP_HV,
        (uint8_t)(value | 0x01U));

    if (status != VL53L0X_OK) return status;
    3c84:	81 11       	cpse	r24, r1
    3c86:	88 c1       	rjmp	.+784    	; 0x3f98 <VL53L0X_Init+0x36c>

    /*
     * Modo I2C estandar.
     */
    if (VL53_WriteReg(sensor, 0x88, 0x00) != VL53L0X_OK)
    3c88:	40 e0       	ldi	r20, 0x00	; 0
    3c8a:	68 e8       	ldi	r22, 0x88	; 136
    3c8c:	c8 01       	movw	r24, r16
    3c8e:	0e 94 30 19 	call	0x3260	; 0x3260 <VL53_WriteReg>
    3c92:	81 11       	cpse	r24, r1
    3c94:	48 c1       	rjmp	.+656    	; 0x3f26 <VL53L0X_Init+0x2fa>
        return VL53L0X_ERROR_I2C;

    /*
     * Obtener variable interna utilizada al iniciar cada medicion.
     */
    if (VL53_WriteReg(sensor, 0x80, 0x01) != VL53L0X_OK) return VL53L0X_ERROR_I2C;
    3c96:	41 e0       	ldi	r20, 0x01	; 1
    3c98:	60 e8       	ldi	r22, 0x80	; 128
    3c9a:	c8 01       	movw	r24, r16
    3c9c:	0e 94 30 19 	call	0x3260	; 0x3260 <VL53_WriteReg>
    3ca0:	81 11       	cpse	r24, r1
    3ca2:	43 c1       	rjmp	.+646    	; 0x3f2a <VL53L0X_Init+0x2fe>
    if (VL53_WriteReg(sensor, 0xFF, 0x01) != VL53L0X_OK) return VL53L0X_ERROR_I2C;
    3ca4:	41 e0       	ldi	r20, 0x01	; 1
    3ca6:	6f ef       	ldi	r22, 0xFF	; 255
    3ca8:	c8 01       	movw	r24, r16
    3caa:	0e 94 30 19 	call	0x3260	; 0x3260 <VL53_WriteReg>
    3cae:	81 11       	cpse	r24, r1
    3cb0:	3e c1       	rjmp	.+636    	; 0x3f2e <VL53L0X_Init+0x302>
    if (VL53_WriteReg(sensor, 0x00, 0x00) != VL53L0X_OK) return VL53L0X_ERROR_I2C;
    3cb2:	40 e0       	ldi	r20, 0x00	; 0
    3cb4:	60 e0       	ldi	r22, 0x00	; 0
    3cb6:	c8 01       	movw	r24, r16
    3cb8:	0e 94 30 19 	call	0x3260	; 0x3260 <VL53_WriteReg>
    3cbc:	81 11       	cpse	r24, r1
    3cbe:	39 c1       	rjmp	.+626    	; 0x3f32 <VL53L0X_Init+0x306>

    if (VL53_ReadReg(sensor, 0x91, &sensor->stop_variable) != VL53L0X_OK)
    3cc0:	a8 01       	movw	r20, r16
    3cc2:	4f 5f       	subi	r20, 0xFF	; 255
    3cc4:	5f 4f       	sbci	r21, 0xFF	; 255
    3cc6:	61 e9       	ldi	r22, 0x91	; 145
    3cc8:	c8 01       	movw	r24, r16
    3cca:	0e 94 cd 19 	call	0x339a	; 0x339a <VL53_ReadReg>
    3cce:	81 11       	cpse	r24, r1
    3cd0:	32 c1       	rjmp	.+612    	; 0x3f36 <VL53L0X_Init+0x30a>
        return VL53L0X_ERROR_I2C;

    if (VL53_WriteReg(sensor, 0x00, 0x01) != VL53L0X_OK) return VL53L0X_ERROR_I2C;
    3cd2:	41 e0       	ldi	r20, 0x01	; 1
    3cd4:	60 e0       	ldi	r22, 0x00	; 0
    3cd6:	c8 01       	movw	r24, r16
    3cd8:	0e 94 30 19 	call	0x3260	; 0x3260 <VL53_WriteReg>
    3cdc:	81 11       	cpse	r24, r1
    3cde:	2d c1       	rjmp	.+602    	; 0x3f3a <VL53L0X_Init+0x30e>
    if (VL53_WriteReg(sensor, 0xFF, 0x00) != VL53L0X_OK) return VL53L0X_ERROR_I2C;
    3ce0:	40 e0       	ldi	r20, 0x00	; 0
    3ce2:	6f ef       	ldi	r22, 0xFF	; 255
    3ce4:	c8 01       	movw	r24, r16
    3ce6:	0e 94 30 19 	call	0x3260	; 0x3260 <VL53_WriteReg>
    3cea:	81 11       	cpse	r24, r1
    3cec:	28 c1       	rjmp	.+592    	; 0x3f3e <VL53L0X_Init+0x312>
    if (VL53_WriteReg(sensor, 0x80, 0x00) != VL53L0X_OK) return VL53L0X_ERROR_I2C;
    3cee:	40 e0       	ldi	r20, 0x00	; 0
    3cf0:	60 e8       	ldi	r22, 0x80	; 128
    3cf2:	c8 01       	movw	r24, r16
    3cf4:	0e 94 30 19 	call	0x3260	; 0x3260 <VL53_WriteReg>
    3cf8:	81 11       	cpse	r24, r1
    3cfa:	23 c1       	rjmp	.+582    	; 0x3f42 <VL53L0X_Init+0x316>

    /*
     * Deshabilitar algunos chequeos previos de limite.
     */
    if (VL53_ReadReg(sensor, REG_MSRC_CONFIG_CONTROL, &value) != VL53L0X_OK)
    3cfc:	ae 01       	movw	r20, r28
    3cfe:	4f 5f       	subi	r20, 0xFF	; 255
    3d00:	5f 4f       	sbci	r21, 0xFF	; 255
    3d02:	60 e6       	ldi	r22, 0x60	; 96
    3d04:	c8 01       	movw	r24, r16
    3d06:	0e 94 cd 19 	call	0x339a	; 0x339a <VL53_ReadReg>
    3d0a:	81 11       	cpse	r24, r1
    3d0c:	1c c1       	rjmp	.+568    	; 0x3f46 <VL53L0X_Init+0x31a>
        return VL53L0X_ERROR_I2C;

    if (VL53_WriteReg(
    3d0e:	49 81       	ldd	r20, Y+1	; 0x01
    3d10:	42 61       	ori	r20, 0x12	; 18
    3d12:	60 e6       	ldi	r22, 0x60	; 96
    3d14:	c8 01       	movw	r24, r16
    3d16:	0e 94 30 19 	call	0x3260	; 0x3260 <VL53_WriteReg>
    3d1a:	81 11       	cpse	r24, r1
    3d1c:	16 c1       	rjmp	.+556    	; 0x3f4a <VL53L0X_Init+0x31e>
    /*
     * Limite de señal = 0.25 MCPS.
     * Registro usa formato fijo Q9.7:
     * 0.25 * 128 = 32.
     */
    if (VL53_WriteReg16(
    3d1e:	40 e2       	ldi	r20, 0x20	; 32
    3d20:	50 e0       	ldi	r21, 0x00	; 0
    3d22:	64 e4       	ldi	r22, 0x44	; 68
    3d24:	c8 01       	movw	r24, r16
    3d26:	0e 94 1e 19 	call	0x323c	; 0x323c <VL53_WriteReg16>
    3d2a:	81 11       	cpse	r24, r1
    3d2c:	10 c1       	rjmp	.+544    	; 0x3f4e <VL53L0X_Init+0x322>
            32U) != VL53L0X_OK)
    {
        return VL53L0X_ERROR_I2C;
    }

    if (VL53_WriteReg(sensor, REG_SYSTEM_SEQUENCE_CONFIG, 0xFF) != VL53L0X_OK)
    3d2e:	4f ef       	ldi	r20, 0xFF	; 255
    3d30:	61 e0       	ldi	r22, 0x01	; 1
    3d32:	c8 01       	movw	r24, r16
    3d34:	0e 94 30 19 	call	0x3260	; 0x3260 <VL53_WriteReg>
    3d38:	81 11       	cpse	r24, r1
    3d3a:	0b c1       	rjmp	.+534    	; 0x3f52 <VL53L0X_Init+0x326>


    /**************************************************************************
     * Obtener informacion de SPAD
     **************************************************************************/
    status = VL53_GetSpadInfo(
    3d3c:	ae 01       	movw	r20, r28
    3d3e:	4d 5f       	subi	r20, 0xFD	; 253
    3d40:	5f 4f       	sbci	r21, 0xFF	; 255
    3d42:	be 01       	movw	r22, r28
    3d44:	6e 5f       	subi	r22, 0xFE	; 254
    3d46:	7f 4f       	sbci	r23, 0xFF	; 255
    3d48:	c8 01       	movw	r24, r16
    3d4a:	0e 94 d1 19 	call	0x33a2	; 0x33a2 <VL53_GetSpadInfo>
        sensor,
        &spad_count,
        &spad_is_aperture);

    if (status != VL53L0X_OK)
    3d4e:	81 11       	cpse	r24, r1
    3d50:	23 c1       	rjmp	.+582    	; 0x3f98 <VL53L0X_Init+0x36c>
    {
        return status;
    }

    if (VL53_ReadMulti(
    3d52:	26 e0       	ldi	r18, 0x06	; 6
    3d54:	ae 01       	movw	r20, r28
    3d56:	4c 5f       	subi	r20, 0xFC	; 252
    3d58:	5f 4f       	sbci	r21, 0xFF	; 255
    3d5a:	60 eb       	ldi	r22, 0xB0	; 176
    3d5c:	c8 01       	movw	r24, r16
    3d5e:	0e 94 65 19 	call	0x32ca	; 0x32ca <VL53_ReadMulti>
    3d62:	81 11       	cpse	r24, r1
    3d64:	f8 c0       	rjmp	.+496    	; 0x3f56 <VL53L0X_Init+0x32a>
            6U) != VL53L0X_OK)
    {
        return VL53L0X_ERROR_I2C;
    }

    if (VL53_WriteReg(sensor, 0xFF, 0x01) != VL53L0X_OK) return VL53L0X_ERROR_I2C;
    3d66:	41 e0       	ldi	r20, 0x01	; 1
    3d68:	6f ef       	ldi	r22, 0xFF	; 255
    3d6a:	c8 01       	movw	r24, r16
    3d6c:	0e 94 30 19 	call	0x3260	; 0x3260 <VL53_WriteReg>
    3d70:	81 11       	cpse	r24, r1
    3d72:	f3 c0       	rjmp	.+486    	; 0x3f5a <VL53L0X_Init+0x32e>

    if (VL53_WriteReg(
    3d74:	40 e0       	ldi	r20, 0x00	; 0
    3d76:	6f e4       	ldi	r22, 0x4F	; 79
    3d78:	c8 01       	movw	r24, r16
    3d7a:	0e 94 30 19 	call	0x3260	; 0x3260 <VL53_WriteReg>
    3d7e:	81 11       	cpse	r24, r1
    3d80:	ee c0       	rjmp	.+476    	; 0x3f5e <VL53L0X_Init+0x332>
            0x00) != VL53L0X_OK)
    {
        return VL53L0X_ERROR_I2C;
    }

    if (VL53_WriteReg(
    3d82:	4c e2       	ldi	r20, 0x2C	; 44
    3d84:	6e e4       	ldi	r22, 0x4E	; 78
    3d86:	c8 01       	movw	r24, r16
    3d88:	0e 94 30 19 	call	0x3260	; 0x3260 <VL53_WriteReg>
    3d8c:	81 11       	cpse	r24, r1
    3d8e:	e9 c0       	rjmp	.+466    	; 0x3f62 <VL53L0X_Init+0x336>
            0x2C) != VL53L0X_OK)
    {
        return VL53L0X_ERROR_I2C;
    }

    if (VL53_WriteReg(sensor, 0xFF, 0x00) != VL53L0X_OK) return VL53L0X_ERROR_I2C;
    3d90:	40 e0       	ldi	r20, 0x00	; 0
    3d92:	6f ef       	ldi	r22, 0xFF	; 255
    3d94:	c8 01       	movw	r24, r16
    3d96:	0e 94 30 19 	call	0x3260	; 0x3260 <VL53_WriteReg>
    3d9a:	81 11       	cpse	r24, r1
    3d9c:	e4 c0       	rjmp	.+456    	; 0x3f66 <VL53L0X_Init+0x33a>

    if (VL53_WriteReg(
    3d9e:	44 eb       	ldi	r20, 0xB4	; 180
    3da0:	66 eb       	ldi	r22, 0xB6	; 182
    3da2:	c8 01       	movw	r24, r16
    3da4:	0e 94 30 19 	call	0x3260	; 0x3260 <VL53_WriteReg>
    3da8:	81 11       	cpse	r24, r1
    3daa:	df c0       	rjmp	.+446    	; 0x3f6a <VL53L0X_Init+0x33e>
            0xB4) != VL53L0X_OK)
    {
        return VL53L0X_ERROR_I2C;
    }

    first_spad = spad_is_aperture ? 12U : 0U;
    3dac:	8b 81       	ldd	r24, Y+3	; 0x03
    3dae:	88 23       	and	r24, r24
    3db0:	11 f0       	breq	.+4      	; 0x3db6 <VL53L0X_Init+0x18a>
    3db2:	5c e0       	ldi	r21, 0x0C	; 12
    3db4:	01 c0       	rjmp	.+2      	; 0x3db8 <VL53L0X_Init+0x18c>
    3db6:	50 e0       	ldi	r21, 0x00	; 0
    enabled_spads = 0U;

    for (i = 0U; i < 48U; i++)
    3db8:	80 e0       	ldi	r24, 0x00	; 0
    {
        return VL53L0X_ERROR_I2C;
    }

    first_spad = spad_is_aperture ? 12U : 0U;
    enabled_spads = 0U;
    3dba:	40 e0       	ldi	r20, 0x00	; 0

    for (i = 0U; i < 48U; i++)
    3dbc:	33 c0       	rjmp	.+102    	; 0x3e24 <VL53L0X_Init+0x1f8>
    {
        if ((i < first_spad) || (enabled_spads == spad_count))
    3dbe:	85 17       	cp	r24, r21
    3dc0:	18 f0       	brcs	.+6      	; 0x3dc8 <VL53L0X_Init+0x19c>
    3dc2:	9a 81       	ldd	r25, Y+2	; 0x02
    3dc4:	49 13       	cpse	r20, r25
    3dc6:	18 c0       	rjmp	.+48     	; 0x3df8 <VL53L0X_Init+0x1cc>
        {
            spad_map[i / 8U] &= (uint8_t)~(1U << (i % 8U));
    3dc8:	98 2f       	mov	r25, r24
    3dca:	97 70       	andi	r25, 0x07	; 7
    3dcc:	21 e0       	ldi	r18, 0x01	; 1
    3dce:	30 e0       	ldi	r19, 0x00	; 0
    3dd0:	02 c0       	rjmp	.+4      	; 0x3dd6 <VL53L0X_Init+0x1aa>
    3dd2:	22 0f       	add	r18, r18
    3dd4:	33 1f       	adc	r19, r19
    3dd6:	9a 95       	dec	r25
    3dd8:	e2 f7       	brpl	.-8      	; 0x3dd2 <VL53L0X_Init+0x1a6>
    3dda:	20 95       	com	r18
    3ddc:	98 2f       	mov	r25, r24
    3dde:	96 95       	lsr	r25
    3de0:	96 95       	lsr	r25
    3de2:	96 95       	lsr	r25
    3de4:	e4 e0       	ldi	r30, 0x04	; 4
    3de6:	f0 e0       	ldi	r31, 0x00	; 0
    3de8:	ec 0f       	add	r30, r28
    3dea:	fd 1f       	adc	r31, r29
    3dec:	e9 0f       	add	r30, r25
    3dee:	f1 1d       	adc	r31, r1
    3df0:	90 81       	ld	r25, Z
    3df2:	92 23       	and	r25, r18
    3df4:	90 83       	st	Z, r25
    3df6:	15 c0       	rjmp	.+42     	; 0x3e22 <VL53L0X_Init+0x1f6>
        }
        else if ((spad_map[i / 8U] >> (i % 8U)) & 0x01U)
    3df8:	98 2f       	mov	r25, r24
    3dfa:	96 95       	lsr	r25
    3dfc:	96 95       	lsr	r25
    3dfe:	96 95       	lsr	r25
    3e00:	e4 e0       	ldi	r30, 0x04	; 4
    3e02:	f0 e0       	ldi	r31, 0x00	; 0
    3e04:	ec 0f       	add	r30, r28
    3e06:	fd 1f       	adc	r31, r29
    3e08:	e9 0f       	add	r30, r25
    3e0a:	f1 1d       	adc	r31, r1
    3e0c:	20 81       	ld	r18, Z
    3e0e:	30 e0       	ldi	r19, 0x00	; 0
    3e10:	98 2f       	mov	r25, r24
    3e12:	97 70       	andi	r25, 0x07	; 7
    3e14:	02 c0       	rjmp	.+4      	; 0x3e1a <VL53L0X_Init+0x1ee>
    3e16:	35 95       	asr	r19
    3e18:	27 95       	ror	r18
    3e1a:	9a 95       	dec	r25
    3e1c:	e2 f7       	brpl	.-8      	; 0x3e16 <VL53L0X_Init+0x1ea>
    3e1e:	20 fd       	sbrc	r18, 0
        {
            enabled_spads++;
    3e20:	4f 5f       	subi	r20, 0xFF	; 255
    }

    first_spad = spad_is_aperture ? 12U : 0U;
    enabled_spads = 0U;

    for (i = 0U; i < 48U; i++)
    3e22:	8f 5f       	subi	r24, 0xFF	; 255
    3e24:	80 33       	cpi	r24, 0x30	; 48
    3e26:	58 f2       	brcs	.-106    	; 0x3dbe <VL53L0X_Init+0x192>
        {
            enabled_spads++;
        }
    }

    if (VL53_WriteMulti(
    3e28:	26 e0       	ldi	r18, 0x06	; 6
    3e2a:	ae 01       	movw	r20, r28
    3e2c:	4c 5f       	subi	r20, 0xFC	; 252
    3e2e:	5f 4f       	sbci	r21, 0xFF	; 255
    3e30:	60 eb       	ldi	r22, 0xB0	; 176
    3e32:	c8 01       	movw	r24, r16
    3e34:	0e 94 d4 18 	call	0x31a8	; 0x31a8 <VL53_WriteMulti>
    3e38:	81 11       	cpse	r24, r1
    3e3a:	99 c0       	rjmp	.+306    	; 0x3f6e <VL53L0X_Init+0x342>
    3e3c:	f1 2c       	mov	r15, r1
    3e3e:	12 c0       	rjmp	.+36     	; 0x3e64 <VL53L0X_Init+0x238>
     **************************************************************************/
    for (i = 0U;
         i < (uint8_t)(sizeof(VL53_tuning) / sizeof(VL53_tuning[0]));
         i++)
    {
        uint8_t reg = pgm_read_byte(&VL53_tuning[i][0]);
    3e40:	8f 2d       	mov	r24, r15
    3e42:	90 e0       	ldi	r25, 0x00	; 0
    3e44:	88 0f       	add	r24, r24
    3e46:	99 1f       	adc	r25, r25
    3e48:	fc 01       	movw	r30, r24
    3e4a:	e8 5d       	subi	r30, 0xD8	; 216
    3e4c:	f6 4f       	sbci	r31, 0xF6	; 246
    3e4e:	64 91       	lpm	r22, Z
        uint8_t val = pgm_read_byte(&VL53_tuning[i][1]);
    3e50:	fc 01       	movw	r30, r24
    3e52:	e7 5d       	subi	r30, 0xD7	; 215
    3e54:	f6 4f       	sbci	r31, 0xF6	; 246
    3e56:	44 91       	lpm	r20, Z

        if (VL53_WriteReg(sensor, reg, val) != VL53L0X_OK)
    3e58:	c8 01       	movw	r24, r16
    3e5a:	0e 94 30 19 	call	0x3260	; 0x3260 <VL53_WriteReg>
    3e5e:	81 11       	cpse	r24, r1
    3e60:	88 c0       	rjmp	.+272    	; 0x3f72 <VL53L0X_Init+0x346>
    /**************************************************************************
     * Aplicar configuracion de tuning
     **************************************************************************/
    for (i = 0U;
         i < (uint8_t)(sizeof(VL53_tuning) / sizeof(VL53_tuning[0]));
         i++)
    3e62:	f3 94       	inc	r15


    /**************************************************************************
     * Aplicar configuracion de tuning
     **************************************************************************/
    for (i = 0U;
    3e64:	8f e4       	ldi	r24, 0x4F	; 79
    3e66:	8f 15       	cp	r24, r15
    3e68:	58 f7       	brcc	.-42     	; 0x3e40 <VL53L0X_Init+0x214>


    /**************************************************************************
     * GPIO1 = nueva medicion lista, activo LOW
     **************************************************************************/
    if (VL53_WriteReg(
    3e6a:	44 e0       	ldi	r20, 0x04	; 4
    3e6c:	6a e0       	ldi	r22, 0x0A	; 10
    3e6e:	c8 01       	movw	r24, r16
    3e70:	0e 94 30 19 	call	0x3260	; 0x3260 <VL53_WriteReg>
    3e74:	81 11       	cpse	r24, r1
    3e76:	7f c0       	rjmp	.+254    	; 0x3f76 <VL53L0X_Init+0x34a>
            0x04) != VL53L0X_OK)
    {
        return VL53L0X_ERROR_I2C;
    }

    if (VL53_ReadReg(sensor, REG_GPIO_HV_MUX_ACTIVE_HIGH, &value) != VL53L0X_OK)
    3e78:	ae 01       	movw	r20, r28
    3e7a:	4f 5f       	subi	r20, 0xFF	; 255
    3e7c:	5f 4f       	sbci	r21, 0xFF	; 255
    3e7e:	64 e8       	ldi	r22, 0x84	; 132
    3e80:	c8 01       	movw	r24, r16
    3e82:	0e 94 cd 19 	call	0x339a	; 0x339a <VL53_ReadReg>
    3e86:	81 11       	cpse	r24, r1
    3e88:	78 c0       	rjmp	.+240    	; 0x3f7a <VL53L0X_Init+0x34e>
        return VL53L0X_ERROR_I2C;

    if (VL53_WriteReg(
    3e8a:	49 81       	ldd	r20, Y+1	; 0x01
    3e8c:	4f 7e       	andi	r20, 0xEF	; 239
    3e8e:	64 e8       	ldi	r22, 0x84	; 132
    3e90:	c8 01       	movw	r24, r16
    3e92:	0e 94 30 19 	call	0x3260	; 0x3260 <VL53_WriteReg>
    3e96:	81 11       	cpse	r24, r1
    3e98:	72 c0       	rjmp	.+228    	; 0x3f7e <VL53L0X_Init+0x352>
            (uint8_t)(value & (uint8_t)~0x10U)) != VL53L0X_OK)
    {
        return VL53L0X_ERROR_I2C;
    }

    if (VL53_WriteReg(sensor, REG_SYSTEM_INTERRUPT_CLEAR, 0x01) != VL53L0X_OK)
    3e9a:	41 e0       	ldi	r20, 0x01	; 1
    3e9c:	6b e0       	ldi	r22, 0x0B	; 11
    3e9e:	c8 01       	movw	r24, r16
    3ea0:	0e 94 30 19 	call	0x3260	; 0x3260 <VL53_WriteReg>
    3ea4:	81 11       	cpse	r24, r1
    3ea6:	6d c0       	rjmp	.+218    	; 0x3f82 <VL53L0X_Init+0x356>


    /**************************************************************************
     * Mantener el timing budget actual mientras se cambia la secuencia.
     **************************************************************************/
    timing_budget = VL53_GetTimingBudget(sensor);
    3ea8:	c8 01       	movw	r24, r16
    3eaa:	0e 94 1c 1c 	call	0x3838	; 0x3838 <VL53_GetTimingBudget>
    3eae:	6b 01       	movw	r12, r22
    3eb0:	7c 01       	movw	r14, r24

    if (timing_budget == 0U)
    3eb2:	67 2b       	or	r22, r23
    3eb4:	68 2b       	or	r22, r24
    3eb6:	69 2b       	or	r22, r25
    3eb8:	09 f4       	brne	.+2      	; 0x3ebc <VL53L0X_Init+0x290>
    3eba:	65 c0       	rjmp	.+202    	; 0x3f86 <VL53L0X_Init+0x35a>
    {
        return VL53L0X_ERROR_I2C;
    }

    if (VL53_WriteReg(sensor, REG_SYSTEM_SEQUENCE_CONFIG, 0xE8) != VL53L0X_OK)
    3ebc:	48 ee       	ldi	r20, 0xE8	; 232
    3ebe:	61 e0       	ldi	r22, 0x01	; 1
    3ec0:	c8 01       	movw	r24, r16
    3ec2:	0e 94 30 19 	call	0x3260	; 0x3260 <VL53_WriteReg>
    3ec6:	81 11       	cpse	r24, r1
    3ec8:	60 c0       	rjmp	.+192    	; 0x3f8a <VL53L0X_Init+0x35e>
        return VL53L0X_ERROR_I2C;

    status = VL53_SetTimingBudget(sensor, timing_budget);
    3eca:	b7 01       	movw	r22, r14
    3ecc:	a6 01       	movw	r20, r12
    3ece:	c8 01       	movw	r24, r16
    3ed0:	0e 94 a1 1c 	call	0x3942	; 0x3942 <VL53_SetTimingBudget>

    if (status != VL53L0X_OK)
    3ed4:	81 11       	cpse	r24, r1
    3ed6:	60 c0       	rjmp	.+192    	; 0x3f98 <VL53L0X_Init+0x36c>


    /**************************************************************************
     * Calibraciones de referencia.
     **************************************************************************/
    if (VL53_WriteReg(sensor, REG_SYSTEM_SEQUENCE_CONFIG, 0x01) != VL53L0X_OK)
    3ed8:	41 e0       	ldi	r20, 0x01	; 1
    3eda:	61 e0       	ldi	r22, 0x01	; 1
    3edc:	c8 01       	movw	r24, r16
    3ede:	0e 94 30 19 	call	0x3260	; 0x3260 <VL53_WriteReg>
    3ee2:	81 11       	cpse	r24, r1
    3ee4:	54 c0       	rjmp	.+168    	; 0x3f8e <VL53L0X_Init+0x362>
        return VL53L0X_ERROR_I2C;

    status = VL53_ReferenceCalibration(sensor, 0x40);
    3ee6:	60 e4       	ldi	r22, 0x40	; 64
    3ee8:	c8 01       	movw	r24, r16
    3eea:	0e 94 30 1b 	call	0x3660	; 0x3660 <VL53_ReferenceCalibration>

    if (status != VL53L0X_OK)
    3eee:	81 11       	cpse	r24, r1
    3ef0:	53 c0       	rjmp	.+166    	; 0x3f98 <VL53L0X_Init+0x36c>
    {
        return status;
    }

    if (VL53_WriteReg(sensor, REG_SYSTEM_SEQUENCE_CONFIG, 0x02) != VL53L0X_OK)
    3ef2:	42 e0       	ldi	r20, 0x02	; 2
    3ef4:	61 e0       	ldi	r22, 0x01	; 1
    3ef6:	c8 01       	movw	r24, r16
    3ef8:	0e 94 30 19 	call	0x3260	; 0x3260 <VL53_WriteReg>
    3efc:	81 11       	cpse	r24, r1
    3efe:	49 c0       	rjmp	.+146    	; 0x3f92 <VL53L0X_Init+0x366>
        return VL53L0X_ERROR_I2C;

    status = VL53_ReferenceCalibration(sensor, 0x00);
    3f00:	60 e0       	ldi	r22, 0x00	; 0
    3f02:	c8 01       	movw	r24, r16
    3f04:	0e 94 30 1b 	call	0x3660	; 0x3660 <VL53_ReferenceCalibration>

    if (status != VL53L0X_OK)
    3f08:	81 11       	cpse	r24, r1
    3f0a:	46 c0       	rjmp	.+140    	; 0x3f98 <VL53L0X_Init+0x36c>
    {
        return status;
    }

    if (VL53_WriteReg(sensor, REG_SYSTEM_SEQUENCE_CONFIG, 0xE8) != VL53L0X_OK)
    3f0c:	48 ee       	ldi	r20, 0xE8	; 232
    3f0e:	61 e0       	ldi	r22, 0x01	; 1
    3f10:	c8 01       	movw	r24, r16
    3f12:	0e 94 30 19 	call	0x3260	; 0x3260 <VL53_WriteReg>
    3f16:	81 11       	cpse	r24, r1
    3f18:	3e c0       	rjmp	.+124    	; 0x3f96 <VL53L0X_Init+0x36a>
        return VL53L0X_ERROR_I2C;

    sensor->initialized = 1U;
    3f1a:	91 e0       	ldi	r25, 0x01	; 1
    3f1c:	f8 01       	movw	r30, r16
    3f1e:	92 83       	std	Z+2, r25	; 0x02

    return VL53L0X_OK;
    3f20:	3b c0       	rjmp	.+118    	; 0x3f98 <VL53L0X_Init+0x36c>

    VL53L0X_Status_t status;

    if (sensor == NULL)
    {
        return VL53L0X_ERROR_PARAMETER;
    3f22:	84 e0       	ldi	r24, 0x04	; 4
    3f24:	39 c0       	rjmp	.+114    	; 0x3f98 <VL53L0X_Init+0x36c>

    /*
     * Modo I2C estandar.
     */
    if (VL53_WriteReg(sensor, 0x88, 0x00) != VL53L0X_OK)
        return VL53L0X_ERROR_I2C;
    3f26:	81 e0       	ldi	r24, 0x01	; 1
    3f28:	37 c0       	rjmp	.+110    	; 0x3f98 <VL53L0X_Init+0x36c>

    /*
     * Obtener variable interna utilizada al iniciar cada medicion.
     */
    if (VL53_WriteReg(sensor, 0x80, 0x01) != VL53L0X_OK) return VL53L0X_ERROR_I2C;
    3f2a:	81 e0       	ldi	r24, 0x01	; 1
    3f2c:	35 c0       	rjmp	.+106    	; 0x3f98 <VL53L0X_Init+0x36c>
    if (VL53_WriteReg(sensor, 0xFF, 0x01) != VL53L0X_OK) return VL53L0X_ERROR_I2C;
    3f2e:	81 e0       	ldi	r24, 0x01	; 1
    3f30:	33 c0       	rjmp	.+102    	; 0x3f98 <VL53L0X_Init+0x36c>
    if (VL53_WriteReg(sensor, 0x00, 0x00) != VL53L0X_OK) return VL53L0X_ERROR_I2C;
    3f32:	81 e0       	ldi	r24, 0x01	; 1
    3f34:	31 c0       	rjmp	.+98     	; 0x3f98 <VL53L0X_Init+0x36c>

    if (VL53_ReadReg(sensor, 0x91, &sensor->stop_variable) != VL53L0X_OK)
        return VL53L0X_ERROR_I2C;
    3f36:	81 e0       	ldi	r24, 0x01	; 1
    3f38:	2f c0       	rjmp	.+94     	; 0x3f98 <VL53L0X_Init+0x36c>

    if (VL53_WriteReg(sensor, 0x00, 0x01) != VL53L0X_OK) return VL53L0X_ERROR_I2C;
    3f3a:	81 e0       	ldi	r24, 0x01	; 1
    3f3c:	2d c0       	rjmp	.+90     	; 0x3f98 <VL53L0X_Init+0x36c>
    if (VL53_WriteReg(sensor, 0xFF, 0x00) != VL53L0X_OK) return VL53L0X_ERROR_I2C;
    3f3e:	81 e0       	ldi	r24, 0x01	; 1
    3f40:	2b c0       	rjmp	.+86     	; 0x3f98 <VL53L0X_Init+0x36c>
    if (VL53_WriteReg(sensor, 0x80, 0x00) != VL53L0X_OK) return VL53L0X_ERROR_I2C;
    3f42:	81 e0       	ldi	r24, 0x01	; 1
    3f44:	29 c0       	rjmp	.+82     	; 0x3f98 <VL53L0X_Init+0x36c>

    /*
     * Deshabilitar algunos chequeos previos de limite.
     */
    if (VL53_ReadReg(sensor, REG_MSRC_CONFIG_CONTROL, &value) != VL53L0X_OK)
        return VL53L0X_ERROR_I2C;
    3f46:	81 e0       	ldi	r24, 0x01	; 1
    3f48:	27 c0       	rjmp	.+78     	; 0x3f98 <VL53L0X_Init+0x36c>
    if (VL53_WriteReg(
            sensor,
            REG_MSRC_CONFIG_CONTROL,
            (uint8_t)(value | 0x12U)) != VL53L0X_OK)
    {
        return VL53L0X_ERROR_I2C;
    3f4a:	81 e0       	ldi	r24, 0x01	; 1
    3f4c:	25 c0       	rjmp	.+74     	; 0x3f98 <VL53L0X_Init+0x36c>
    if (VL53_WriteReg16(
            sensor,
            REG_FINAL_RANGE_MIN_COUNT_RATE,
            32U) != VL53L0X_OK)
    {
        return VL53L0X_ERROR_I2C;
    3f4e:	81 e0       	ldi	r24, 0x01	; 1
    3f50:	23 c0       	rjmp	.+70     	; 0x3f98 <VL53L0X_Init+0x36c>
    }

    if (VL53_WriteReg(sensor, REG_SYSTEM_SEQUENCE_CONFIG, 0xFF) != VL53L0X_OK)
        return VL53L0X_ERROR_I2C;
    3f52:	81 e0       	ldi	r24, 0x01	; 1
    3f54:	21 c0       	rjmp	.+66     	; 0x3f98 <VL53L0X_Init+0x36c>
            sensor,
            REG_GLOBAL_CONFIG_SPAD_ENABLES_REF_0,
            spad_map,
            6U) != VL53L0X_OK)
    {
        return VL53L0X_ERROR_I2C;
    3f56:	81 e0       	ldi	r24, 0x01	; 1
    3f58:	1f c0       	rjmp	.+62     	; 0x3f98 <VL53L0X_Init+0x36c>
    }

    if (VL53_WriteReg(sensor, 0xFF, 0x01) != VL53L0X_OK) return VL53L0X_ERROR_I2C;
    3f5a:	81 e0       	ldi	r24, 0x01	; 1
    3f5c:	1d c0       	rjmp	.+58     	; 0x3f98 <VL53L0X_Init+0x36c>
    if (VL53_WriteReg(
            sensor,
            REG_DYNAMIC_SPAD_REF_EN_START_OFFSET,
            0x00) != VL53L0X_OK)
    {
        return VL53L0X_ERROR_I2C;
    3f5e:	81 e0       	ldi	r24, 0x01	; 1
    3f60:	1b c0       	rjmp	.+54     	; 0x3f98 <VL53L0X_Init+0x36c>
    if (VL53_WriteReg(
            sensor,
            REG_DYNAMIC_SPAD_NUM_REQUESTED_REF_SPAD,
            0x2C) != VL53L0X_OK)
    {
        return VL53L0X_ERROR_I2C;
    3f62:	81 e0       	ldi	r24, 0x01	; 1
    3f64:	19 c0       	rjmp	.+50     	; 0x3f98 <VL53L0X_Init+0x36c>
    }

    if (VL53_WriteReg(sensor, 0xFF, 0x00) != VL53L0X_OK) return VL53L0X_ERROR_I2C;
    3f66:	81 e0       	ldi	r24, 0x01	; 1
    3f68:	17 c0       	rjmp	.+46     	; 0x3f98 <VL53L0X_Init+0x36c>
    if (VL53_WriteReg(
            sensor,
            REG_GLOBAL_CONFIG_REF_EN_START_SELECT,
            0xB4) != VL53L0X_OK)
    {
        return VL53L0X_ERROR_I2C;
    3f6a:	81 e0       	ldi	r24, 0x01	; 1
    3f6c:	15 c0       	rjmp	.+42     	; 0x3f98 <VL53L0X_Init+0x36c>
            sensor,
            REG_GLOBAL_CONFIG_SPAD_ENABLES_REF_0,
            spad_map,
            6U) != VL53L0X_OK)
    {
        return VL53L0X_ERROR_I2C;
    3f6e:	81 e0       	ldi	r24, 0x01	; 1
    3f70:	13 c0       	rjmp	.+38     	; 0x3f98 <VL53L0X_Init+0x36c>
        uint8_t reg = pgm_read_byte(&VL53_tuning[i][0]);
        uint8_t val = pgm_read_byte(&VL53_tuning[i][1]);

        if (VL53_WriteReg(sensor, reg, val) != VL53L0X_OK)
        {
            return VL53L0X_ERROR_I2C;
    3f72:	81 e0       	ldi	r24, 0x01	; 1
    3f74:	11 c0       	rjmp	.+34     	; 0x3f98 <VL53L0X_Init+0x36c>
    if (VL53_WriteReg(
            sensor,
            REG_SYSTEM_INTERRUPT_CONFIG_GPIO,
            0x04) != VL53L0X_OK)
    {
        return VL53L0X_ERROR_I2C;
    3f76:	81 e0       	ldi	r24, 0x01	; 1
    3f78:	0f c0       	rjmp	.+30     	; 0x3f98 <VL53L0X_Init+0x36c>
    }

    if (VL53_ReadReg(sensor, REG_GPIO_HV_MUX_ACTIVE_HIGH, &value) != VL53L0X_OK)
        return VL53L0X_ERROR_I2C;
    3f7a:	81 e0       	ldi	r24, 0x01	; 1
    3f7c:	0d c0       	rjmp	.+26     	; 0x3f98 <VL53L0X_Init+0x36c>
    if (VL53_WriteReg(
            sensor,
            REG_GPIO_HV_MUX_ACTIVE_HIGH,
            (uint8_t)(value & (uint8_t)~0x10U)) != VL53L0X_OK)
    {
        return VL53L0X_ERROR_I2C;
    3f7e:	81 e0       	ldi	r24, 0x01	; 1
    3f80:	0b c0       	rjmp	.+22     	; 0x3f98 <VL53L0X_Init+0x36c>
    }

    if (VL53_WriteReg(sensor, REG_SYSTEM_INTERRUPT_CLEAR, 0x01) != VL53L0X_OK)
        return VL53L0X_ERROR_I2C;
    3f82:	81 e0       	ldi	r24, 0x01	; 1
    3f84:	09 c0       	rjmp	.+18     	; 0x3f98 <VL53L0X_Init+0x36c>
     **************************************************************************/
    timing_budget = VL53_GetTimingBudget(sensor);

    if (timing_budget == 0U)
    {
        return VL53L0X_ERROR_I2C;
    3f86:	81 e0       	ldi	r24, 0x01	; 1
    3f88:	07 c0       	rjmp	.+14     	; 0x3f98 <VL53L0X_Init+0x36c>
    }

    if (VL53_WriteReg(sensor, REG_SYSTEM_SEQUENCE_CONFIG, 0xE8) != VL53L0X_OK)
        return VL53L0X_ERROR_I2C;
    3f8a:	81 e0       	ldi	r24, 0x01	; 1
    3f8c:	05 c0       	rjmp	.+10     	; 0x3f98 <VL53L0X_Init+0x36c>

    /**************************************************************************
     * Calibraciones de referencia.
     **************************************************************************/
    if (VL53_WriteReg(sensor, REG_SYSTEM_SEQUENCE_CONFIG, 0x01) != VL53L0X_OK)
        return VL53L0X_ERROR_I2C;
    3f8e:	81 e0       	ldi	r24, 0x01	; 1
    3f90:	03 c0       	rjmp	.+6      	; 0x3f98 <VL53L0X_Init+0x36c>
    {
        return status;
    }

    if (VL53_WriteReg(sensor, REG_SYSTEM_SEQUENCE_CONFIG, 0x02) != VL53L0X_OK)
        return VL53L0X_ERROR_I2C;
    3f92:	81 e0       	ldi	r24, 0x01	; 1
    3f94:	01 c0       	rjmp	.+2      	; 0x3f98 <VL53L0X_Init+0x36c>
    {
        return status;
    }

    if (VL53_WriteReg(sensor, REG_SYSTEM_SEQUENCE_CONFIG, 0xE8) != VL53L0X_OK)
        return VL53L0X_ERROR_I2C;
    3f96:	81 e0       	ldi	r24, 0x01	; 1

    sensor->initialized = 1U;

    return VL53L0X_OK;
}
    3f98:	29 96       	adiw	r28, 0x09	; 9
    3f9a:	0f b6       	in	r0, 0x3f	; 63
    3f9c:	f8 94       	cli
    3f9e:	de bf       	out	0x3e, r29	; 62
    3fa0:	0f be       	out	0x3f, r0	; 63
    3fa2:	cd bf       	out	0x3d, r28	; 61
    3fa4:	df 91       	pop	r29
    3fa6:	cf 91       	pop	r28
    3fa8:	1f 91       	pop	r17
    3faa:	0f 91       	pop	r16
    3fac:	ff 90       	pop	r15
    3fae:	ef 90       	pop	r14
    3fb0:	df 90       	pop	r13
    3fb2:	cf 90       	pop	r12
    3fb4:	08 95       	ret

00003fb6 <VL53L0X_StartSingle>:

/******************************************************************************
 * Iniciar single shot
 ******************************************************************************/
VL53L0X_Status_t VL53L0X_StartSingle(VL53L0X_t *sensor)
{
    3fb6:	cf 93       	push	r28
    3fb8:	df 93       	push	r29
    if (sensor == NULL)
    3fba:	00 97       	sbiw	r24, 0x00	; 0
    3fbc:	f1 f1       	breq	.+124    	; 0x403a <VL53L0X_StartSingle+0x84>
    {
        return VL53L0X_ERROR_PARAMETER;
    }

    if (!sensor->initialized)
    3fbe:	fc 01       	movw	r30, r24
    3fc0:	22 81       	ldd	r18, Z+2	; 0x02
    3fc2:	22 23       	and	r18, r18
    3fc4:	e1 f1       	breq	.+120    	; 0x403e <VL53L0X_StartSingle+0x88>
    3fc6:	ec 01       	movw	r28, r24
    }

    /*
     * Restaurar variable interna guardada durante Init().
     */
    if (VL53_WriteReg(sensor, 0x80, 0x01) != VL53L0X_OK) return VL53L0X_ERROR_I2C;
    3fc8:	41 e0       	ldi	r20, 0x01	; 1
    3fca:	60 e8       	ldi	r22, 0x80	; 128
    3fcc:	0e 94 30 19 	call	0x3260	; 0x3260 <VL53_WriteReg>
    3fd0:	81 11       	cpse	r24, r1
    3fd2:	37 c0       	rjmp	.+110    	; 0x4042 <VL53L0X_StartSingle+0x8c>
    if (VL53_WriteReg(sensor, 0xFF, 0x01) != VL53L0X_OK) return VL53L0X_ERROR_I2C;
    3fd4:	41 e0       	ldi	r20, 0x01	; 1
    3fd6:	6f ef       	ldi	r22, 0xFF	; 255
    3fd8:	ce 01       	movw	r24, r28
    3fda:	0e 94 30 19 	call	0x3260	; 0x3260 <VL53_WriteReg>
    3fde:	81 11       	cpse	r24, r1
    3fe0:	32 c0       	rjmp	.+100    	; 0x4046 <VL53L0X_StartSingle+0x90>
    if (VL53_WriteReg(sensor, 0x00, 0x00) != VL53L0X_OK) return VL53L0X_ERROR_I2C;
    3fe2:	40 e0       	ldi	r20, 0x00	; 0
    3fe4:	60 e0       	ldi	r22, 0x00	; 0
    3fe6:	ce 01       	movw	r24, r28
    3fe8:	0e 94 30 19 	call	0x3260	; 0x3260 <VL53_WriteReg>
    3fec:	81 11       	cpse	r24, r1
    3fee:	2d c0       	rjmp	.+90     	; 0x404a <VL53L0X_StartSingle+0x94>

    if (VL53_WriteReg(sensor, 0x91, sensor->stop_variable) != VL53L0X_OK)
    3ff0:	49 81       	ldd	r20, Y+1	; 0x01
    3ff2:	61 e9       	ldi	r22, 0x91	; 145
    3ff4:	ce 01       	movw	r24, r28
    3ff6:	0e 94 30 19 	call	0x3260	; 0x3260 <VL53_WriteReg>
    3ffa:	81 11       	cpse	r24, r1
    3ffc:	28 c0       	rjmp	.+80     	; 0x404e <VL53L0X_StartSingle+0x98>
        return VL53L0X_ERROR_I2C;

    if (VL53_WriteReg(sensor, 0x00, 0x01) != VL53L0X_OK) return VL53L0X_ERROR_I2C;
    3ffe:	41 e0       	ldi	r20, 0x01	; 1
    4000:	60 e0       	ldi	r22, 0x00	; 0
    4002:	ce 01       	movw	r24, r28
    4004:	0e 94 30 19 	call	0x3260	; 0x3260 <VL53_WriteReg>
    4008:	81 11       	cpse	r24, r1
    400a:	23 c0       	rjmp	.+70     	; 0x4052 <VL53L0X_StartSingle+0x9c>
    if (VL53_WriteReg(sensor, 0xFF, 0x00) != VL53L0X_OK) return VL53L0X_ERROR_I2C;
    400c:	40 e0       	ldi	r20, 0x00	; 0
    400e:	6f ef       	ldi	r22, 0xFF	; 255
    4010:	ce 01       	movw	r24, r28
    4012:	0e 94 30 19 	call	0x3260	; 0x3260 <VL53_WriteReg>
    4016:	81 11       	cpse	r24, r1
    4018:	1e c0       	rjmp	.+60     	; 0x4056 <VL53L0X_StartSingle+0xa0>
    if (VL53_WriteReg(sensor, 0x80, 0x00) != VL53L0X_OK) return VL53L0X_ERROR_I2C;
    401a:	40 e0       	ldi	r20, 0x00	; 0
    401c:	60 e8       	ldi	r22, 0x80	; 128
    401e:	ce 01       	movw	r24, r28
    4020:	0e 94 30 19 	call	0x3260	; 0x3260 <VL53_WriteReg>
    4024:	81 11       	cpse	r24, r1
    4026:	19 c0       	rjmp	.+50     	; 0x405a <VL53L0X_StartSingle+0xa4>

    if (VL53_WriteReg(sensor, REG_SYSRANGE_START, 0x01) != VL53L0X_OK)
    4028:	41 e0       	ldi	r20, 0x01	; 1
    402a:	60 e0       	ldi	r22, 0x00	; 0
    402c:	ce 01       	movw	r24, r28
    402e:	0e 94 30 19 	call	0x3260	; 0x3260 <VL53_WriteReg>
    4032:	88 23       	and	r24, r24
    4034:	99 f0       	breq	.+38     	; 0x405c <VL53L0X_StartSingle+0xa6>
        return VL53L0X_ERROR_I2C;
    4036:	81 e0       	ldi	r24, 0x01	; 1
    4038:	11 c0       	rjmp	.+34     	; 0x405c <VL53L0X_StartSingle+0xa6>
 ******************************************************************************/
VL53L0X_Status_t VL53L0X_StartSingle(VL53L0X_t *sensor)
{
    if (sensor == NULL)
    {
        return VL53L0X_ERROR_PARAMETER;
    403a:	84 e0       	ldi	r24, 0x04	; 4
    403c:	0f c0       	rjmp	.+30     	; 0x405c <VL53L0X_StartSingle+0xa6>
    }

    if (!sensor->initialized)
    {
        return VL53L0X_ERROR_NOT_INITIALIZED;
    403e:	85 e0       	ldi	r24, 0x05	; 5
    4040:	0d c0       	rjmp	.+26     	; 0x405c <VL53L0X_StartSingle+0xa6>
    }

    /*
     * Restaurar variable interna guardada durante Init().
     */
    if (VL53_WriteReg(sensor, 0x80, 0x01) != VL53L0X_OK) return VL53L0X_ERROR_I2C;
    4042:	81 e0       	ldi	r24, 0x01	; 1
    4044:	0b c0       	rjmp	.+22     	; 0x405c <VL53L0X_StartSingle+0xa6>
    if (VL53_WriteReg(sensor, 0xFF, 0x01) != VL53L0X_OK) return VL53L0X_ERROR_I2C;
    4046:	81 e0       	ldi	r24, 0x01	; 1
    4048:	09 c0       	rjmp	.+18     	; 0x405c <VL53L0X_StartSingle+0xa6>
    if (VL53_WriteReg(sensor, 0x00, 0x00) != VL53L0X_OK) return VL53L0X_ERROR_I2C;
    404a:	81 e0       	ldi	r24, 0x01	; 1
    404c:	07 c0       	rjmp	.+14     	; 0x405c <VL53L0X_StartSingle+0xa6>

    if (VL53_WriteReg(sensor, 0x91, sensor->stop_variable) != VL53L0X_OK)
        return VL53L0X_ERROR_I2C;
    404e:	81 e0       	ldi	r24, 0x01	; 1
    4050:	05 c0       	rjmp	.+10     	; 0x405c <VL53L0X_StartSingle+0xa6>

    if (VL53_WriteReg(sensor, 0x00, 0x01) != VL53L0X_OK) return VL53L0X_ERROR_I2C;
    4052:	81 e0       	ldi	r24, 0x01	; 1
    4054:	03 c0       	rjmp	.+6      	; 0x405c <VL53L0X_StartSingle+0xa6>
    if (VL53_WriteReg(sensor, 0xFF, 0x00) != VL53L0X_OK) return VL53L0X_ERROR_I2C;
    4056:	81 e0       	ldi	r24, 0x01	; 1
    4058:	01 c0       	rjmp	.+2      	; 0x405c <VL53L0X_StartSingle+0xa6>
    if (VL53_WriteReg(sensor, 0x80, 0x00) != VL53L0X_OK) return VL53L0X_ERROR_I2C;
    405a:	81 e0       	ldi	r24, 0x01	; 1

    if (VL53_WriteReg(sensor, REG_SYSRANGE_START, 0x01) != VL53L0X_OK)
        return VL53L0X_ERROR_I2C;

    return VL53L0X_OK;
}
    405c:	df 91       	pop	r29
    405e:	cf 91       	pop	r28
    4060:	08 95       	ret

00004062 <VL53L0X_DataReady>:
 * Dato listo
 ******************************************************************************/
VL53L0X_Status_t VL53L0X_DataReady(
    VL53L0X_t *sensor,
    uint8_t *ready)
{
    4062:	0f 93       	push	r16
    4064:	1f 93       	push	r17
    4066:	cf 93       	push	r28
    4068:	df 93       	push	r29
    406a:	1f 92       	push	r1
    406c:	cd b7       	in	r28, 0x3d	; 61
    406e:	de b7       	in	r29, 0x3e	; 62
    uint8_t status;

    if ((sensor == NULL) || (ready == NULL))
    4070:	00 97       	sbiw	r24, 0x00	; 0
    4072:	71 f1       	breq	.+92     	; 0x40d0 <VL53L0X_DataReady+0x6e>
    4074:	61 15       	cp	r22, r1
    4076:	71 05       	cpc	r23, r1
    4078:	69 f1       	breq	.+90     	; 0x40d4 <VL53L0X_DataReady+0x72>
    {
        return VL53L0X_ERROR_PARAMETER;
    }

    if (!sensor->initialized)
    407a:	dc 01       	movw	r26, r24
    407c:	12 96       	adiw	r26, 0x02	; 2
    407e:	2c 91       	ld	r18, X
    4080:	12 97       	sbiw	r26, 0x02	; 2
    4082:	22 23       	and	r18, r18
    4084:	49 f1       	breq	.+82     	; 0x40d8 <VL53L0X_DataReady+0x76>
    }

    /*
     * GPIO1 esta configurado como activo LOW.
     */
    if (sensor->gpio1.enabled)
    4086:	54 96       	adiw	r26, 0x14	; 20
    4088:	2c 91       	ld	r18, X
    408a:	54 97       	sbiw	r26, 0x14	; 20
    408c:	22 23       	and	r18, r18
    408e:	81 f0       	breq	.+32     	; 0x40b0 <VL53L0X_DataReady+0x4e>
    {
        *ready =
            ((*(sensor->gpio1.pin) & sensor->gpio1.mask) == 0U)
    4090:	51 96       	adiw	r26, 0x11	; 17
    4092:	ed 91       	ld	r30, X+
    4094:	fc 91       	ld	r31, X
    4096:	52 97       	sbiw	r26, 0x12	; 18
    4098:	20 81       	ld	r18, Z
    409a:	53 96       	adiw	r26, 0x13	; 19
    409c:	8c 91       	ld	r24, X
    409e:	82 23       	and	r24, r18
    /*
     * GPIO1 esta configurado como activo LOW.
     */
    if (sensor->gpio1.enabled)
    {
        *ready =
    40a0:	11 f4       	brne	.+4      	; 0x40a6 <VL53L0X_DataReady+0x44>
    40a2:	81 e0       	ldi	r24, 0x01	; 1
    40a4:	01 c0       	rjmp	.+2      	; 0x40a8 <VL53L0X_DataReady+0x46>
    40a6:	80 e0       	ldi	r24, 0x00	; 0
    40a8:	fb 01       	movw	r30, r22
    40aa:	80 83       	st	Z, r24
            ((*(sensor->gpio1.pin) & sensor->gpio1.mask) == 0U)
            ? 1U
            : 0U;

        return VL53L0X_OK;
    40ac:	80 e0       	ldi	r24, 0x00	; 0
    40ae:	17 c0       	rjmp	.+46     	; 0x40de <VL53L0X_DataReady+0x7c>
    40b0:	8b 01       	movw	r16, r22
    }

    if (VL53_ReadReg(sensor, REG_RESULT_INTERRUPT_STATUS, &status) != VL53L0X_OK)
    40b2:	ae 01       	movw	r20, r28
    40b4:	4f 5f       	subi	r20, 0xFF	; 255
    40b6:	5f 4f       	sbci	r21, 0xFF	; 255
    40b8:	63 e1       	ldi	r22, 0x13	; 19
    40ba:	0e 94 cd 19 	call	0x339a	; 0x339a <VL53_ReadReg>
    40be:	81 11       	cpse	r24, r1
    40c0:	0d c0       	rjmp	.+26     	; 0x40dc <VL53L0X_DataReady+0x7a>
    {
        return VL53L0X_ERROR_I2C;
    }

    *ready = ((status & 0x07U) != 0U) ? 1U : 0U;
    40c2:	99 81       	ldd	r25, Y+1	; 0x01
    40c4:	97 70       	andi	r25, 0x07	; 7
    40c6:	09 f0       	breq	.+2      	; 0x40ca <VL53L0X_DataReady+0x68>
    40c8:	91 e0       	ldi	r25, 0x01	; 1
    40ca:	d8 01       	movw	r26, r16
    40cc:	9c 93       	st	X, r25

    return VL53L0X_OK;
    40ce:	07 c0       	rjmp	.+14     	; 0x40de <VL53L0X_DataReady+0x7c>
{
    uint8_t status;

    if ((sensor == NULL) || (ready == NULL))
    {
        return VL53L0X_ERROR_PARAMETER;
    40d0:	84 e0       	ldi	r24, 0x04	; 4
    40d2:	05 c0       	rjmp	.+10     	; 0x40de <VL53L0X_DataReady+0x7c>
    40d4:	84 e0       	ldi	r24, 0x04	; 4
    40d6:	03 c0       	rjmp	.+6      	; 0x40de <VL53L0X_DataReady+0x7c>
    }

    if (!sensor->initialized)
    {
        return VL53L0X_ERROR_NOT_INITIALIZED;
    40d8:	85 e0       	ldi	r24, 0x05	; 5
    40da:	01 c0       	rjmp	.+2      	; 0x40de <VL53L0X_DataReady+0x7c>
        return VL53L0X_OK;
    }

    if (VL53_ReadReg(sensor, REG_RESULT_INTERRUPT_STATUS, &status) != VL53L0X_OK)
    {
        return VL53L0X_ERROR_I2C;
    40dc:	81 e0       	ldi	r24, 0x01	; 1
    }

    *ready = ((status & 0x07U) != 0U) ? 1U : 0U;

    return VL53L0X_OK;
}
    40de:	0f 90       	pop	r0
    40e0:	df 91       	pop	r29
    40e2:	cf 91       	pop	r28
    40e4:	1f 91       	pop	r17
    40e6:	0f 91       	pop	r16
    40e8:	08 95       	ret

000040ea <VL53L0X_ClearInterrupt>:
/******************************************************************************
 * Limpiar interrupcion
 ******************************************************************************/
VL53L0X_Status_t VL53L0X_ClearInterrupt(VL53L0X_t *sensor)
{
    if (sensor == NULL)
    40ea:	00 97       	sbiw	r24, 0x00	; 0
    40ec:	29 f0       	breq	.+10     	; 0x40f8 <VL53L0X_ClearInterrupt+0xe>
    {
        return VL53L0X_ERROR_PARAMETER;
    }

    return VL53_WriteReg(
    40ee:	41 e0       	ldi	r20, 0x01	; 1
    40f0:	6b e0       	ldi	r22, 0x0B	; 11
    40f2:	0e 94 30 19 	call	0x3260	; 0x3260 <VL53_WriteReg>
    40f6:	08 95       	ret
 ******************************************************************************/
VL53L0X_Status_t VL53L0X_ClearInterrupt(VL53L0X_t *sensor)
{
    if (sensor == NULL)
    {
        return VL53L0X_ERROR_PARAMETER;
    40f8:	84 e0       	ldi	r24, 0x04	; 4

    return VL53_WriteReg(
        sensor,
        REG_SYSTEM_INTERRUPT_CLEAR,
        0x01);
}
    40fa:	08 95       	ret

000040fc <VL53L0X_ReadResult>:
 * Leer resultado
 ******************************************************************************/
VL53L0X_Status_t VL53L0X_ReadResult(
    VL53L0X_t *sensor,
    uint16_t *distance_mm)
{
    40fc:	cf 93       	push	r28
    40fe:	df 93       	push	r29
    VL53L0X_Status_t status;

    if ((sensor == NULL) || (distance_mm == NULL))
    4100:	00 97       	sbiw	r24, 0x00	; 0
    4102:	91 f0       	breq	.+36     	; 0x4128 <VL53L0X_ReadResult+0x2c>
    4104:	61 15       	cp	r22, r1
    4106:	71 05       	cpc	r23, r1
    4108:	89 f0       	breq	.+34     	; 0x412c <VL53L0X_ReadResult+0x30>
    {
        return VL53L0X_ERROR_PARAMETER;
    }

    if (!sensor->initialized)
    410a:	fc 01       	movw	r30, r24
    410c:	22 81       	ldd	r18, Z+2	; 0x02
    410e:	22 23       	and	r18, r18
    4110:	79 f0       	breq	.+30     	; 0x4130 <VL53L0X_ReadResult+0x34>
    4112:	ab 01       	movw	r20, r22
    4114:	ec 01       	movw	r28, r24

    /*
     * Distancia final:
     * RESULT_RANGE_STATUS + 10 = 0x1E
     */
    status = VL53_ReadReg16(
    4116:	6e e1       	ldi	r22, 0x1E	; 30
    4118:	0e 94 7e 1b 	call	0x36fc	; 0x36fc <VL53_ReadReg16>
        sensor,
        (uint8_t)(REG_RESULT_RANGE_STATUS + 10U),
        distance_mm);

    if (status != VL53L0X_OK)
    411c:	81 11       	cpse	r24, r1
    411e:	09 c0       	rjmp	.+18     	; 0x4132 <VL53L0X_ReadResult+0x36>
    {
        return status;
    }

    return VL53L0X_ClearInterrupt(sensor);
    4120:	ce 01       	movw	r24, r28
    4122:	0e 94 75 20 	call	0x40ea	; 0x40ea <VL53L0X_ClearInterrupt>
    4126:	05 c0       	rjmp	.+10     	; 0x4132 <VL53L0X_ReadResult+0x36>
{
    VL53L0X_Status_t status;

    if ((sensor == NULL) || (distance_mm == NULL))
    {
        return VL53L0X_ERROR_PARAMETER;
    4128:	84 e0       	ldi	r24, 0x04	; 4
    412a:	03 c0       	rjmp	.+6      	; 0x4132 <VL53L0X_ReadResult+0x36>
    412c:	84 e0       	ldi	r24, 0x04	; 4
    412e:	01 c0       	rjmp	.+2      	; 0x4132 <VL53L0X_ReadResult+0x36>
    }

    if (!sensor->initialized)
    {
        return VL53L0X_ERROR_NOT_INITIALIZED;
    4130:	85 e0       	ldi	r24, 0x05	; 5
    {
        return status;
    }

    return VL53L0X_ClearInterrupt(sensor);
}
    4132:	df 91       	pop	r29
    4134:	cf 91       	pop	r28
    4136:	08 95       	ret

00004138 <__udivmodsi4>:
    4138:	a1 e2       	ldi	r26, 0x21	; 33
    413a:	1a 2e       	mov	r1, r26
    413c:	aa 1b       	sub	r26, r26
    413e:	bb 1b       	sub	r27, r27
    4140:	fd 01       	movw	r30, r26
    4142:	0d c0       	rjmp	.+26     	; 0x415e <__udivmodsi4_ep>

00004144 <__udivmodsi4_loop>:
    4144:	aa 1f       	adc	r26, r26
    4146:	bb 1f       	adc	r27, r27
    4148:	ee 1f       	adc	r30, r30
    414a:	ff 1f       	adc	r31, r31
    414c:	a2 17       	cp	r26, r18
    414e:	b3 07       	cpc	r27, r19
    4150:	e4 07       	cpc	r30, r20
    4152:	f5 07       	cpc	r31, r21
    4154:	20 f0       	brcs	.+8      	; 0x415e <__udivmodsi4_ep>
    4156:	a2 1b       	sub	r26, r18
    4158:	b3 0b       	sbc	r27, r19
    415a:	e4 0b       	sbc	r30, r20
    415c:	f5 0b       	sbc	r31, r21

0000415e <__udivmodsi4_ep>:
    415e:	66 1f       	adc	r22, r22
    4160:	77 1f       	adc	r23, r23
    4162:	88 1f       	adc	r24, r24
    4164:	99 1f       	adc	r25, r25
    4166:	1a 94       	dec	r1
    4168:	69 f7       	brne	.-38     	; 0x4144 <__udivmodsi4_loop>
    416a:	60 95       	com	r22
    416c:	70 95       	com	r23
    416e:	80 95       	com	r24
    4170:	90 95       	com	r25
    4172:	9b 01       	movw	r18, r22
    4174:	ac 01       	movw	r20, r24
    4176:	bd 01       	movw	r22, r26
    4178:	cf 01       	movw	r24, r30
    417a:	08 95       	ret

0000417c <__tablejump2__>:
    417c:	ee 0f       	add	r30, r30
    417e:	ff 1f       	adc	r31, r31
    4180:	05 90       	lpm	r0, Z+
    4182:	f4 91       	lpm	r31, Z
    4184:	e0 2d       	mov	r30, r0
    4186:	09 94       	ijmp

00004188 <__umulhisi3>:
    4188:	a2 9f       	mul	r26, r18
    418a:	b0 01       	movw	r22, r0
    418c:	b3 9f       	mul	r27, r19
    418e:	c0 01       	movw	r24, r0
    4190:	a3 9f       	mul	r26, r19
    4192:	70 0d       	add	r23, r0
    4194:	81 1d       	adc	r24, r1
    4196:	11 24       	eor	r1, r1
    4198:	91 1d       	adc	r25, r1
    419a:	b2 9f       	mul	r27, r18
    419c:	70 0d       	add	r23, r0
    419e:	81 1d       	adc	r24, r1
    41a0:	11 24       	eor	r1, r1
    41a2:	91 1d       	adc	r25, r1
    41a4:	08 95       	ret

000041a6 <__muluhisi3>:
    41a6:	0e 94 c4 20 	call	0x4188	; 0x4188 <__umulhisi3>
    41aa:	a5 9f       	mul	r26, r21
    41ac:	90 0d       	add	r25, r0
    41ae:	b4 9f       	mul	r27, r20
    41b0:	90 0d       	add	r25, r0
    41b2:	a4 9f       	mul	r26, r20
    41b4:	80 0d       	add	r24, r0
    41b6:	91 1d       	adc	r25, r1
    41b8:	11 24       	eor	r1, r1
    41ba:	08 95       	ret

000041bc <_exit>:
    41bc:	f8 94       	cli

000041be <__stop_program>:
    41be:	ff cf       	rjmp	.-2      	; 0x41be <__stop_program>
