
MASTER12C.elf:     file format elf32-avr

Sections:
Idx Name          Size      VMA       LMA       File off  Algn
  0 .data         000004da  00800100  00001ed2  00001f46  2**0
                  CONTENTS, ALLOC, LOAD, DATA
  1 .text         00001ed2  00000000  00000000  00000074  2**1
                  CONTENTS, ALLOC, LOAD, READONLY, CODE
  2 .comment      00000030  00000000  00000000  00002420  2**0
                  CONTENTS, READONLY
  3 .note.gnu.avr.deviceinfo 00000040  00000000  00000000  00002450  2**2
                  CONTENTS, READONLY
  4 .debug_aranges 000002c0  00000000  00000000  00002490  2**0
                  CONTENTS, READONLY, DEBUGGING
  5 .debug_info   0000446a  00000000  00000000  00002750  2**0
                  CONTENTS, READONLY, DEBUGGING
  6 .debug_abbrev 00000dfa  00000000  00000000  00006bba  2**0
                  CONTENTS, READONLY, DEBUGGING
  7 .debug_line   0000211b  00000000  00000000  000079b4  2**0
                  CONTENTS, READONLY, DEBUGGING
  8 .debug_frame  00000900  00000000  00000000  00009ad0  2**2
                  CONTENTS, READONLY, DEBUGGING
  9 .debug_str    00000eb1  00000000  00000000  0000a3d0  2**0
                  CONTENTS, READONLY, DEBUGGING
 10 .debug_loc    00003732  00000000  00000000  0000b281  2**0
                  CONTENTS, READONLY, DEBUGGING
 11 .debug_ranges 00000298  00000000  00000000  0000e9b3  2**0
                  CONTENTS, READONLY, DEBUGGING

Disassembly of section .text:

00000000 <__vectors>:
       0:	0c 94 84 00 	jmp	0x108	; 0x108 <__ctors_end>
       4:	0c 94 99 00 	jmp	0x132	; 0x132 <__bad_interrupt>
       8:	0c 94 99 00 	jmp	0x132	; 0x132 <__bad_interrupt>
       c:	0c 94 99 00 	jmp	0x132	; 0x132 <__bad_interrupt>
      10:	0c 94 99 00 	jmp	0x132	; 0x132 <__bad_interrupt>
      14:	0c 94 99 00 	jmp	0x132	; 0x132 <__bad_interrupt>
      18:	0c 94 99 00 	jmp	0x132	; 0x132 <__bad_interrupt>
      1c:	0c 94 99 00 	jmp	0x132	; 0x132 <__bad_interrupt>
      20:	0c 94 99 00 	jmp	0x132	; 0x132 <__bad_interrupt>
      24:	0c 94 99 00 	jmp	0x132	; 0x132 <__bad_interrupt>
      28:	0c 94 99 00 	jmp	0x132	; 0x132 <__bad_interrupt>
      2c:	0c 94 99 00 	jmp	0x132	; 0x132 <__bad_interrupt>
      30:	0c 94 99 00 	jmp	0x132	; 0x132 <__bad_interrupt>
      34:	0c 94 99 00 	jmp	0x132	; 0x132 <__bad_interrupt>
      38:	0c 94 99 00 	jmp	0x132	; 0x132 <__bad_interrupt>
      3c:	0c 94 99 00 	jmp	0x132	; 0x132 <__bad_interrupt>
      40:	0c 94 99 00 	jmp	0x132	; 0x132 <__bad_interrupt>
      44:	0c 94 99 00 	jmp	0x132	; 0x132 <__bad_interrupt>
      48:	0c 94 99 00 	jmp	0x132	; 0x132 <__bad_interrupt>
      4c:	0c 94 99 00 	jmp	0x132	; 0x132 <__bad_interrupt>
      50:	0c 94 99 00 	jmp	0x132	; 0x132 <__bad_interrupt>
      54:	0c 94 99 00 	jmp	0x132	; 0x132 <__bad_interrupt>
      58:	0c 94 99 00 	jmp	0x132	; 0x132 <__bad_interrupt>
      5c:	0c 94 99 00 	jmp	0x132	; 0x132 <__bad_interrupt>
      60:	0c 94 99 00 	jmp	0x132	; 0x132 <__bad_interrupt>
      64:	0c 94 99 00 	jmp	0x132	; 0x132 <__bad_interrupt>

00000068 <__trampolines_end>:
      68:	ff 01       	movw	r30, r30
      6a:	00 00       	nop
      6c:	ff 00       	.word	0x00ff	; ????
      6e:	09 00       	.word	0x0009	; ????
      70:	10 00       	.word	0x0010	; ????
      72:	11 00       	.word	0x0011	; ????
      74:	24 01       	movw	r4, r8
      76:	25 ff       	sbrs	r18, 5
      78:	75 00       	.word	0x0075	; ????
      7a:	ff 01       	movw	r30, r30
      7c:	4e 2c       	mov	r4, r14
      7e:	48 00       	.word	0x0048	; ????
      80:	30 20       	and	r3, r0
      82:	ff 00       	.word	0x00ff	; ????
      84:	30 09       	sbc	r19, r0
      86:	54 00       	.word	0x0054	; ????
      88:	31 04       	cpc	r3, r1
      8a:	32 03       	mulsu	r19, r18
      8c:	40 83       	st	Z, r20
      8e:	46 25       	eor	r20, r6
      90:	60 00       	.word	0x0060	; ????
      92:	27 00       	.word	0x0027	; ????
      94:	50 06       	cpc	r5, r16
      96:	51 00       	.word	0x0051	; ????
      98:	52 96       	adiw	r26, 0x12	; 18
      9a:	56 08       	sbc	r5, r6
      9c:	57 30       	cpi	r21, 0x07	; 7
      9e:	61 00       	.word	0x0061	; ????
      a0:	62 00       	.word	0x0062	; ????
      a2:	64 00       	.word	0x0064	; ????
      a4:	65 00       	.word	0x0065	; ????
      a6:	66 a0       	ldd	r6, Z+38	; 0x26
      a8:	ff 01       	movw	r30, r30
      aa:	22 32       	cpi	r18, 0x22	; 34
      ac:	47 14       	cp	r4, r7
      ae:	49 ff       	.word	0xff49	; ????
      b0:	4a 00       	.word	0x004a	; ????
      b2:	ff 00       	.word	0x00ff	; ????
      b4:	7a 0a       	sbc	r7, r26
      b6:	7b 00       	.word	0x007b	; ????
      b8:	78 21       	and	r23, r8
      ba:	ff 01       	movw	r30, r30
      bc:	23 34       	cpi	r18, 0x43	; 67
      be:	42 00       	.word	0x0042	; ????
      c0:	44 ff       	sbrs	r20, 4
      c2:	45 26       	eor	r4, r21
      c4:	46 05       	cpc	r20, r6
      c6:	40 40       	sbci	r20, 0x00	; 0
      c8:	0e 06       	cpc	r0, r30
      ca:	20 1a       	sub	r2, r16
      cc:	43 40       	sbci	r20, 0x03	; 3
      ce:	ff 00       	.word	0x00ff	; ????
      d0:	34 03       	mulsu	r19, r20
      d2:	35 44       	sbci	r19, 0x45	; 69
      d4:	ff 01       	movw	r30, r30
      d6:	31 04       	cpc	r3, r1
      d8:	4b 09       	sbc	r20, r11
      da:	4c 05       	cpc	r20, r12
      dc:	4d 04       	cpc	r4, r13
      de:	ff 00       	.word	0x00ff	; ????
      e0:	44 00       	.word	0x0044	; ????
      e2:	45 20       	and	r4, r5
      e4:	47 08       	sbc	r4, r7
      e6:	48 28       	or	r4, r8
      e8:	67 00       	.word	0x0067	; ????
      ea:	70 04       	cpc	r7, r0
      ec:	71 01       	movw	r14, r2
      ee:	72 fe       	sbrs	r7, 2
      f0:	76 00       	.word	0x0076	; ????
      f2:	77 00       	.word	0x0077	; ????
      f4:	ff 01       	movw	r30, r30
      f6:	0d 01       	movw	r0, r26
      f8:	ff 00       	.word	0x00ff	; ????
      fa:	80 01       	movw	r16, r0
      fc:	01 f8       	bld	r0, 1
      fe:	ff 01       	movw	r30, r30
     100:	8e 01       	movw	r16, r28
     102:	00 01       	movw	r0, r0
     104:	ff 00       	.word	0x00ff	; ????
     106:	80 00       	.word	0x0080	; ????

00000108 <__ctors_end>:
     108:	11 24       	eor	r1, r1
     10a:	1f be       	out	0x3f, r1	; 63
     10c:	cf ef       	ldi	r28, 0xFF	; 255
     10e:	d8 e0       	ldi	r29, 0x08	; 8
     110:	de bf       	out	0x3e, r29	; 62
     112:	cd bf       	out	0x3d, r28	; 61

00000114 <__do_copy_data>:
     114:	15 e0       	ldi	r17, 0x05	; 5
     116:	a0 e0       	ldi	r26, 0x00	; 0
     118:	b1 e0       	ldi	r27, 0x01	; 1
     11a:	e2 ed       	ldi	r30, 0xD2	; 210
     11c:	fe e1       	ldi	r31, 0x1E	; 30
     11e:	02 c0       	rjmp	.+4      	; 0x124 <__do_copy_data+0x10>
     120:	05 90       	lpm	r0, Z+
     122:	0d 92       	st	X+, r0
     124:	aa 3d       	cpi	r26, 0xDA	; 218
     126:	b1 07       	cpc	r27, r17
     128:	d9 f7       	brne	.-10     	; 0x120 <__do_copy_data+0xc>
     12a:	0e 94 4d 05 	call	0xa9a	; 0xa9a <main>
     12e:	0c 94 67 0f 	jmp	0x1ece	; 0x1ece <_exit>

00000132 <__bad_interrupt>:
     132:	0c 94 00 00 	jmp	0	; 0x0 <__vectors>

00000136 <I2C_WaitForTWINT>:

static uint8_t i2c_last_status = 0xF8U;

static uint8_t I2C_WaitForTWINT(void)
{
    uint32_t timeout = I2C_WAIT_TIMEOUT;
     136:	80 e6       	ldi	r24, 0x60	; 96
     138:	9a ee       	ldi	r25, 0xEA	; 234
     13a:	a0 e0       	ldi	r26, 0x00	; 0
     13c:	b0 e0       	ldi	r27, 0x00	; 0

    while ((TWCR & (1 << TWINT)) == 0U)
     13e:	11 c0       	rjmp	.+34     	; 0x162 <I2C_WaitForTWINT+0x2c>
    {
        if (timeout == 0UL)
     140:	00 97       	sbiw	r24, 0x00	; 0
     142:	a1 05       	cpc	r26, r1
     144:	b1 05       	cpc	r27, r1
     146:	51 f4       	brne	.+20     	; 0x15c <I2C_WaitForTWINT+0x26>
        {
            i2c_last_status = (uint8_t)(TWSR & 0xF8U);
     148:	80 91 b9 00 	lds	r24, 0x00B9	; 0x8000b9 <__TEXT_REGION_LENGTH__+0x7f80b9>
     14c:	88 7f       	andi	r24, 0xF8	; 248
     14e:	80 93 00 01 	sts	0x0100, r24	; 0x800100 <__DATA_REGION_ORIGIN__>
            TWCR = (1 << TWEN);
     152:	84 e0       	ldi	r24, 0x04	; 4
     154:	80 93 bc 00 	sts	0x00BC, r24	; 0x8000bc <__TEXT_REGION_LENGTH__+0x7f80bc>
            return 0U;
     158:	80 e0       	ldi	r24, 0x00	; 0
     15a:	08 95       	ret
        }

        timeout--;
     15c:	01 97       	sbiw	r24, 0x01	; 1
     15e:	a1 09       	sbc	r26, r1
     160:	b1 09       	sbc	r27, r1

static uint8_t I2C_WaitForTWINT(void)
{
    uint32_t timeout = I2C_WAIT_TIMEOUT;

    while ((TWCR & (1 << TWINT)) == 0U)
     162:	20 91 bc 00 	lds	r18, 0x00BC	; 0x8000bc <__TEXT_REGION_LENGTH__+0x7f80bc>
     166:	22 23       	and	r18, r18
     168:	5c f7       	brge	.-42     	; 0x140 <I2C_WaitForTWINT+0xa>
        }

        timeout--;
    }

    return 1U;
     16a:	81 e0       	ldi	r24, 0x01	; 1
}
     16c:	08 95       	ret

0000016e <I2C_Master_GetLastStatus>:

uint8_t I2C_Master_GetLastStatus(void)
{
    return i2c_last_status;
}
     16e:	80 91 00 01 	lds	r24, 0x0100	; 0x800100 <__DATA_REGION_ORIGIN__>
     172:	08 95       	ret

00000174 <I2C_Master_Init>:

/******************************************************************************/
// Funcion para inicializar I2C Maestro
/******************************************************************************/
void I2C_Master_Init(unsigned long SCL_Clock, uint8_t Prescaler)
{
     174:	0f 93       	push	r16
     176:	1f 93       	push	r17
     178:	cf 93       	push	r28
     17a:	8b 01       	movw	r16, r22
     17c:	9c 01       	movw	r18, r24
     17e:	c4 2f       	mov	r28, r20
    // Pines I2C como entradas:
    // PC4 = SDA
    // PC5 = SCL
    DDRC &= ~((1 << DDC4) | (1 << DDC5));
     180:	87 b1       	in	r24, 0x07	; 7
     182:	8f 7c       	andi	r24, 0xCF	; 207
     184:	87 b9       	out	0x07, r24	; 7

    // Seleccionamos el valor de los bits del prescaler en TWSR
    switch (Prescaler)
     186:	44 30       	cpi	r20, 0x04	; 4
     188:	79 f0       	breq	.+30     	; 0x1a8 <I2C_Master_Init+0x34>
     18a:	18 f4       	brcc	.+6      	; 0x192 <I2C_Master_Init+0x1e>
     18c:	41 30       	cpi	r20, 0x01	; 1
     18e:	31 f0       	breq	.+12     	; 0x19c <I2C_Master_Init+0x28>
     190:	23 c0       	rjmp	.+70     	; 0x1d8 <I2C_Master_Init+0x64>
     192:	40 31       	cpi	r20, 0x10	; 16
     194:	91 f0       	breq	.+36     	; 0x1ba <I2C_Master_Init+0x46>
     196:	40 34       	cpi	r20, 0x40	; 64
     198:	c9 f0       	breq	.+50     	; 0x1cc <I2C_Master_Init+0x58>
     19a:	1e c0       	rjmp	.+60     	; 0x1d8 <I2C_Master_Init+0x64>
    {
        case 1:
            TWSR &= ~((1 << TWPS1) | (1 << TWPS0));
     19c:	e9 eb       	ldi	r30, 0xB9	; 185
     19e:	f0 e0       	ldi	r31, 0x00	; 0
     1a0:	80 81       	ld	r24, Z
     1a2:	8c 7f       	andi	r24, 0xFC	; 252
     1a4:	80 83       	st	Z, r24
            break;
     1a6:	1e c0       	rjmp	.+60     	; 0x1e4 <I2C_Master_Init+0x70>

        case 4:
            TWSR &= ~(1 << TWPS1);
     1a8:	e9 eb       	ldi	r30, 0xB9	; 185
     1aa:	f0 e0       	ldi	r31, 0x00	; 0
     1ac:	80 81       	ld	r24, Z
     1ae:	8d 7f       	andi	r24, 0xFD	; 253
     1b0:	80 83       	st	Z, r24
            TWSR |=  (1 << TWPS0);
     1b2:	80 81       	ld	r24, Z
     1b4:	81 60       	ori	r24, 0x01	; 1
     1b6:	80 83       	st	Z, r24
            break;
     1b8:	15 c0       	rjmp	.+42     	; 0x1e4 <I2C_Master_Init+0x70>

        case 16:
            TWSR &= ~(1 << TWPS0);
     1ba:	e9 eb       	ldi	r30, 0xB9	; 185
     1bc:	f0 e0       	ldi	r31, 0x00	; 0
     1be:	80 81       	ld	r24, Z
     1c0:	8e 7f       	andi	r24, 0xFE	; 254
     1c2:	80 83       	st	Z, r24
            TWSR |=  (1 << TWPS1);
     1c4:	80 81       	ld	r24, Z
     1c6:	82 60       	ori	r24, 0x02	; 2
     1c8:	80 83       	st	Z, r24
            break;
     1ca:	0c c0       	rjmp	.+24     	; 0x1e4 <I2C_Master_Init+0x70>

        case 64:
            TWSR |= ((1 << TWPS1) | (1 << TWPS0));
     1cc:	e9 eb       	ldi	r30, 0xB9	; 185
     1ce:	f0 e0       	ldi	r31, 0x00	; 0
     1d0:	80 81       	ld	r24, Z
     1d2:	83 60       	ori	r24, 0x03	; 3
     1d4:	80 83       	st	Z, r24
            break;
     1d6:	06 c0       	rjmp	.+12     	; 0x1e4 <I2C_Master_Init+0x70>

        default:
            TWSR &= ~((1 << TWPS1) | (1 << TWPS0));
     1d8:	e9 eb       	ldi	r30, 0xB9	; 185
     1da:	f0 e0       	ldi	r31, 0x00	; 0
     1dc:	80 81       	ld	r24, Z
     1de:	8c 7f       	andi	r24, 0xFC	; 252
     1e0:	80 83       	st	Z, r24
            Prescaler = 1;
     1e2:	c1 e0       	ldi	r28, 0x01	; 1
            break;
    }

    // Calcular velocidad del bus I2C
    TWBR = (uint8_t)(((F_CPU / SCL_Clock) - 16UL) / (2UL * Prescaler));
     1e4:	60 e0       	ldi	r22, 0x00	; 0
     1e6:	74 e2       	ldi	r23, 0x24	; 36
     1e8:	84 ef       	ldi	r24, 0xF4	; 244
     1ea:	90 e0       	ldi	r25, 0x00	; 0
     1ec:	a9 01       	movw	r20, r18
     1ee:	98 01       	movw	r18, r16
     1f0:	0e 94 2b 0f 	call	0x1e56	; 0x1e56 <__udivmodsi4>
     1f4:	ca 01       	movw	r24, r20
     1f6:	b9 01       	movw	r22, r18
     1f8:	60 51       	subi	r22, 0x10	; 16
     1fa:	71 09       	sbc	r23, r1
     1fc:	81 09       	sbc	r24, r1
     1fe:	91 09       	sbc	r25, r1
     200:	0c 2f       	mov	r16, r28
     202:	10 e0       	ldi	r17, 0x00	; 0
     204:	20 e0       	ldi	r18, 0x00	; 0
     206:	30 e0       	ldi	r19, 0x00	; 0
     208:	a9 01       	movw	r20, r18
     20a:	98 01       	movw	r18, r16
     20c:	22 0f       	add	r18, r18
     20e:	33 1f       	adc	r19, r19
     210:	44 1f       	adc	r20, r20
     212:	55 1f       	adc	r21, r21
     214:	0e 94 2b 0f 	call	0x1e56	; 0x1e56 <__udivmodsi4>
     218:	20 93 b8 00 	sts	0x00B8, r18	; 0x8000b8 <__TEXT_REGION_LENGTH__+0x7f80b8>

    // Activar interfaz TWI/I2C
    TWCR = (1 << TWEN);
     21c:	84 e0       	ldi	r24, 0x04	; 4
     21e:	80 93 bc 00 	sts	0x00BC, r24	; 0x8000bc <__TEXT_REGION_LENGTH__+0x7f80bc>
    i2c_last_status = (uint8_t)(TWSR & 0xF8U);
     222:	80 91 b9 00 	lds	r24, 0x00B9	; 0x8000b9 <__TEXT_REGION_LENGTH__+0x7f80b9>
     226:	88 7f       	andi	r24, 0xF8	; 248
     228:	80 93 00 01 	sts	0x0100, r24	; 0x800100 <__DATA_REGION_ORIGIN__>
}
     22c:	cf 91       	pop	r28
     22e:	1f 91       	pop	r17
     230:	0f 91       	pop	r16
     232:	08 95       	ret

00000234 <I2C_Master_Start>:
// Funcion de inicio de la comunicacion I2C
/******************************************************************************/
uint8_t I2C_Master_Start(void)
{
    // Enviar condicion START
    TWCR = (1 << TWINT) | (1 << TWSTA) | (1 << TWEN);
     234:	84 ea       	ldi	r24, 0xA4	; 164
     236:	80 93 bc 00 	sts	0x00BC, r24	; 0x8000bc <__TEXT_REGION_LENGTH__+0x7f80bc>

    // Esperar a que termine la operacion
    if (!I2C_WaitForTWINT())
     23a:	0e 94 9b 00 	call	0x136	; 0x136 <I2C_WaitForTWINT>
     23e:	88 23       	and	r24, r24
     240:	49 f0       	breq	.+18     	; 0x254 <I2C_Master_Start+0x20>
    {
        return 0U;
    }

    // Estado 0x08 = START transmitido
    i2c_last_status = (uint8_t)(TWSR & 0xF8U);
     242:	90 91 b9 00 	lds	r25, 0x00B9	; 0x8000b9 <__TEXT_REGION_LENGTH__+0x7f80b9>
     246:	98 7f       	andi	r25, 0xF8	; 248
     248:	90 93 00 01 	sts	0x0100, r25	; 0x800100 <__DATA_REGION_ORIGIN__>
    return (i2c_last_status == 0x08U);
     24c:	81 e0       	ldi	r24, 0x01	; 1
     24e:	98 30       	cpi	r25, 0x08	; 8
     250:	09 f0       	breq	.+2      	; 0x254 <I2C_Master_Start+0x20>
     252:	80 e0       	ldi	r24, 0x00	; 0
}
     254:	08 95       	ret

00000256 <I2C_Master_RepeatedStart>:
// Funcion de reinicio de la comunicacion I2C
/******************************************************************************/
uint8_t I2C_Master_RepeatedStart(void)
{
    // Enviar condicion Repeated START
    TWCR = (1 << TWINT) | (1 << TWSTA) | (1 << TWEN);
     256:	84 ea       	ldi	r24, 0xA4	; 164
     258:	80 93 bc 00 	sts	0x00BC, r24	; 0x8000bc <__TEXT_REGION_LENGTH__+0x7f80bc>

    // Esperar a que termine la operacion
    if (!I2C_WaitForTWINT())
     25c:	0e 94 9b 00 	call	0x136	; 0x136 <I2C_WaitForTWINT>
     260:	88 23       	and	r24, r24
     262:	49 f0       	breq	.+18     	; 0x276 <I2C_Master_RepeatedStart+0x20>
    {
        return 0U;
    }

    // Estado 0x10 = Repeated START transmitido
    i2c_last_status = (uint8_t)(TWSR & 0xF8U);
     264:	90 91 b9 00 	lds	r25, 0x00B9	; 0x8000b9 <__TEXT_REGION_LENGTH__+0x7f80b9>
     268:	98 7f       	andi	r25, 0xF8	; 248
     26a:	90 93 00 01 	sts	0x0100, r25	; 0x800100 <__DATA_REGION_ORIGIN__>
    return (i2c_last_status == 0x10U);
     26e:	81 e0       	ldi	r24, 0x01	; 1
     270:	90 31       	cpi	r25, 0x10	; 16
     272:	09 f0       	breq	.+2      	; 0x276 <I2C_Master_RepeatedStart+0x20>
     274:	80 e0       	ldi	r24, 0x00	; 0
}
     276:	08 95       	ret

00000278 <I2C_Master_Stop>:
void I2C_Master_Stop(void)
{
    uint32_t timeout = I2C_WAIT_TIMEOUT;

    // Enviar condicion STOP
    TWCR = (1 << TWEN) | (1 << TWINT) | (1 << TWSTO);
     278:	84 e9       	ldi	r24, 0x94	; 148
     27a:	80 93 bc 00 	sts	0x00BC, r24	; 0x8000bc <__TEXT_REGION_LENGTH__+0x7f80bc>
/******************************************************************************/
// Funcion de parada de la comunicacion I2C
/******************************************************************************/
void I2C_Master_Stop(void)
{
    uint32_t timeout = I2C_WAIT_TIMEOUT;
     27e:	80 e6       	ldi	r24, 0x60	; 96
     280:	9a ee       	ldi	r25, 0xEA	; 234
     282:	a0 e0       	ldi	r26, 0x00	; 0
     284:	b0 e0       	ldi	r27, 0x00	; 0

    // Enviar condicion STOP
    TWCR = (1 << TWEN) | (1 << TWINT) | (1 << TWSTO);

    // Esperar a que TWSTO vuelva a cero
    while ((TWCR & (1 << TWSTO)) != 0U)
     286:	12 c0       	rjmp	.+36     	; 0x2ac <I2C_Master_Stop+0x34>
    {
        if (timeout == 0UL)
     288:	00 97       	sbiw	r24, 0x00	; 0
     28a:	a1 05       	cpc	r26, r1
     28c:	b1 05       	cpc	r27, r1
     28e:	59 f4       	brne	.+22     	; 0x2a6 <I2C_Master_Stop+0x2e>
        {
            i2c_last_status = (uint8_t)(TWSR & 0xF8U);
     290:	80 91 b9 00 	lds	r24, 0x00B9	; 0x8000b9 <__TEXT_REGION_LENGTH__+0x7f80b9>
     294:	88 7f       	andi	r24, 0xF8	; 248
     296:	80 93 00 01 	sts	0x0100, r24	; 0x800100 <__DATA_REGION_ORIGIN__>
            TWCR = 0U;
     29a:	ec eb       	ldi	r30, 0xBC	; 188
     29c:	f0 e0       	ldi	r31, 0x00	; 0
     29e:	10 82       	st	Z, r1
            TWCR = (1 << TWEN);
     2a0:	84 e0       	ldi	r24, 0x04	; 4
     2a2:	80 83       	st	Z, r24
            return;
     2a4:	08 95       	ret
        }

        timeout--;
     2a6:	01 97       	sbiw	r24, 0x01	; 1
     2a8:	a1 09       	sbc	r26, r1
     2aa:	b1 09       	sbc	r27, r1

    // Enviar condicion STOP
    TWCR = (1 << TWEN) | (1 << TWINT) | (1 << TWSTO);

    // Esperar a que TWSTO vuelva a cero
    while ((TWCR & (1 << TWSTO)) != 0U)
     2ac:	20 91 bc 00 	lds	r18, 0x00BC	; 0x8000bc <__TEXT_REGION_LENGTH__+0x7f80bc>
     2b0:	24 fd       	sbrc	r18, 4
     2b2:	ea cf       	rjmp	.-44     	; 0x288 <I2C_Master_Stop+0x10>
     2b4:	08 95       	ret

000002b6 <I2C_Master_Write>:
uint8_t I2C_Master_Write(uint8_t dato)
{
    uint8_t estado;

    // Cargar byte a transmitir
    TWDR = dato;
     2b6:	80 93 bb 00 	sts	0x00BB, r24	; 0x8000bb <__TEXT_REGION_LENGTH__+0x7f80bb>

    // Iniciar transmision
    TWCR = (1 << TWEN) | (1 << TWINT);
     2ba:	84 e8       	ldi	r24, 0x84	; 132
     2bc:	80 93 bc 00 	sts	0x00BC, r24	; 0x8000bc <__TEXT_REGION_LENGTH__+0x7f80bc>

    // Esperar a que termine
    if (!I2C_WaitForTWINT())
     2c0:	0e 94 9b 00 	call	0x136	; 0x136 <I2C_WaitForTWINT>
     2c4:	88 23       	and	r24, r24
     2c6:	91 f0       	breq	.+36     	; 0x2ec <I2C_Master_Write+0x36>
    {
        return 0U;
    }

    // Obtener solamente los bits de estado TWI
    estado = (uint8_t)(TWSR & 0xF8U);
     2c8:	80 91 b9 00 	lds	r24, 0x00B9	; 0x8000b9 <__TEXT_REGION_LENGTH__+0x7f80b9>
     2cc:	88 7f       	andi	r24, 0xF8	; 248
    i2c_last_status = estado;
     2ce:	80 93 00 01 	sts	0x0100, r24	; 0x800100 <__DATA_REGION_ORIGIN__>
     *
     * 0x18 = SLA+W transmitido, ACK recibido
     * 0x28 = dato transmitido, ACK recibido
     * 0x40 = SLA+R transmitido, ACK recibido
     */
    if ((estado == 0x18) ||
     2d2:	88 31       	cpi	r24, 0x18	; 24
     2d4:	31 f0       	breq	.+12     	; 0x2e2 <I2C_Master_Write+0x2c>
     2d6:	88 32       	cpi	r24, 0x28	; 40
     2d8:	31 f0       	breq	.+12     	; 0x2e6 <I2C_Master_Write+0x30>
        (estado == 0x28) ||
     2da:	80 34       	cpi	r24, 0x40	; 64
     2dc:	31 f4       	brne	.+12     	; 0x2ea <I2C_Master_Write+0x34>
        (estado == 0x40))
    {
        return 1;
     2de:	81 e0       	ldi	r24, 0x01	; 1
     2e0:	08 95       	ret
     2e2:	81 e0       	ldi	r24, 0x01	; 1
     2e4:	08 95       	ret
     2e6:	81 e0       	ldi	r24, 0x01	; 1
     2e8:	08 95       	ret
    }

    return 0;
     2ea:	80 e0       	ldi	r24, 0x00	; 0
}
     2ec:	08 95       	ret

000002ee <I2C_Master_Read>:
//
// ack = 0:
//   El maestro envia NACK porque es el ultimo byte.
/******************************************************************************/
uint8_t I2C_Master_Read(uint8_t *buffer, uint8_t ack)
{
     2ee:	0f 93       	push	r16
     2f0:	1f 93       	push	r17
     2f2:	cf 93       	push	r28
    uint8_t estado;

    if (buffer == 0)
     2f4:	00 97       	sbiw	r24, 0x00	; 0
     2f6:	11 f1       	breq	.+68     	; 0x33c <I2C_Master_Read+0x4e>
    {
        return 0;
    }

    if (ack)
     2f8:	66 23       	and	r22, r22
     2fa:	21 f0       	breq	.+8      	; 0x304 <I2C_Master_Read+0x16>
    {
        // Recibir byte y responder ACK
        TWCR = (1 << TWINT) |
     2fc:	24 ec       	ldi	r18, 0xC4	; 196
     2fe:	20 93 bc 00 	sts	0x00BC, r18	; 0x8000bc <__TEXT_REGION_LENGTH__+0x7f80bc>
     302:	03 c0       	rjmp	.+6      	; 0x30a <I2C_Master_Read+0x1c>
               (1 << TWEA);
    }
    else
    {
        // Recibir ultimo byte y responder NACK
        TWCR = (1 << TWINT) |
     304:	24 e8       	ldi	r18, 0x84	; 132
     306:	20 93 bc 00 	sts	0x00BC, r18	; 0x8000bc <__TEXT_REGION_LENGTH__+0x7f80bc>
     30a:	c6 2f       	mov	r28, r22
     30c:	8c 01       	movw	r16, r24
               (1 << TWEN);
    }

    // Esperar a que termine la recepcion
    if (!I2C_WaitForTWINT())
     30e:	0e 94 9b 00 	call	0x136	; 0x136 <I2C_WaitForTWINT>
     312:	88 23       	and	r24, r24
     314:	c1 f0       	breq	.+48     	; 0x346 <I2C_Master_Read+0x58>
    {
        return 0U;
    }

    estado = (uint8_t)(TWSR & 0xF8U);
     316:	80 91 b9 00 	lds	r24, 0x00B9	; 0x8000b9 <__TEXT_REGION_LENGTH__+0x7f80b9>
     31a:	88 7f       	andi	r24, 0xF8	; 248
    i2c_last_status = estado;
     31c:	80 93 00 01 	sts	0x0100, r24	; 0x800100 <__DATA_REGION_ORIGIN__>

    // 0x50 = dato recibido, ACK transmitido
    if (ack && (estado != 0x50))
     320:	cc 23       	and	r28, r28
     322:	11 f0       	breq	.+4      	; 0x328 <I2C_Master_Read+0x3a>
     324:	80 35       	cpi	r24, 0x50	; 80
     326:	61 f4       	brne	.+24     	; 0x340 <I2C_Master_Read+0x52>
    {
        return 0;
    }

    // 0x58 = dato recibido, NACK transmitido
    if (!ack && (estado != 0x58))
     328:	c1 11       	cpse	r28, r1
     32a:	02 c0       	rjmp	.+4      	; 0x330 <I2C_Master_Read+0x42>
     32c:	88 35       	cpi	r24, 0x58	; 88
     32e:	51 f4       	brne	.+20     	; 0x344 <I2C_Master_Read+0x56>
    {
        return 0;
    }

    // Obtener dato recibido
    *buffer = TWDR;
     330:	80 91 bb 00 	lds	r24, 0x00BB	; 0x8000bb <__TEXT_REGION_LENGTH__+0x7f80bb>
     334:	f8 01       	movw	r30, r16
     336:	80 83       	st	Z, r24

    return 1;
     338:	81 e0       	ldi	r24, 0x01	; 1
     33a:	05 c0       	rjmp	.+10     	; 0x346 <I2C_Master_Read+0x58>
{
    uint8_t estado;

    if (buffer == 0)
    {
        return 0;
     33c:	80 e0       	ldi	r24, 0x00	; 0
     33e:	03 c0       	rjmp	.+6      	; 0x346 <I2C_Master_Read+0x58>
    i2c_last_status = estado;

    // 0x50 = dato recibido, ACK transmitido
    if (ack && (estado != 0x50))
    {
        return 0;
     340:	80 e0       	ldi	r24, 0x00	; 0
     342:	01 c0       	rjmp	.+2      	; 0x346 <I2C_Master_Read+0x58>
    }

    // 0x58 = dato recibido, NACK transmitido
    if (!ack && (estado != 0x58))
    {
        return 0;
     344:	80 e0       	ldi	r24, 0x00	; 0

    // Obtener dato recibido
    *buffer = TWDR;

    return 1;
}
     346:	cf 91       	pop	r28
     348:	1f 91       	pop	r17
     34a:	0f 91       	pop	r16
     34c:	08 95       	ret

0000034e <LCD_EnablePulse>:
    LCD_WriteUint16(valor);
}

static void LCD_EnablePulse(void)
{
    LCD_E_PORT |= (1 << LCD_E_PIN);
     34e:	88 b1       	in	r24, 0x08	; 8
     350:	81 60       	ori	r24, 0x01	; 1
     352:	88 b9       	out	0x08, r24	; 8
	#else
		//round up by default
		__ticks_dc = (uint32_t)(ceil(fabs(__tmp)));
	#endif

	__builtin_avr_delay_cycles(__ticks_dc);
     354:	85 e0       	ldi	r24, 0x05	; 5
     356:	8a 95       	dec	r24
     358:	f1 f7       	brne	.-4      	; 0x356 <LCD_EnablePulse+0x8>
     35a:	00 00       	nop
    _delay_us(1);
    LCD_E_PORT &= ~(1 << LCD_E_PIN);
     35c:	88 b1       	in	r24, 0x08	; 8
     35e:	8e 7f       	andi	r24, 0xFE	; 254
     360:	88 b9       	out	0x08, r24	; 8
     362:	8f e8       	ldi	r24, 0x8F	; 143
     364:	91 e0       	ldi	r25, 0x01	; 1
     366:	01 97       	sbiw	r24, 0x01	; 1
     368:	f1 f7       	brne	.-4      	; 0x366 <LCD_EnablePulse+0x18>
     36a:	00 c0       	rjmp	.+0      	; 0x36c <LCD_EnablePulse+0x1e>
     36c:	00 00       	nop
     36e:	08 95       	ret

00000370 <LCD_Port>:
    LCD_Clear();
}

void LCD_Port(uint8_t data)
{
    PORTD &= ~((1 << PORTD2) | (1 << PORTD3) | (1 << PORTD4) | (1 << PORTD5) | (1 << PORTD6) | (1 << PORTD7));
     370:	9b b1       	in	r25, 0x0b	; 11
     372:	93 70       	andi	r25, 0x03	; 3
     374:	9b b9       	out	0x0b, r25	; 11
    PORTB &= ~((1 << PORTB0) | (1 << PORTB1));
     376:	95 b1       	in	r25, 0x05	; 5
     378:	9c 7f       	andi	r25, 0xFC	; 252
     37a:	95 b9       	out	0x05, r25	; 5

    if (data & (1 << 0))
     37c:	80 ff       	sbrs	r24, 0
     37e:	03 c0       	rjmp	.+6      	; 0x386 <LCD_Port+0x16>
    {
        PORTD |= (1 << PORTD2);
     380:	9b b1       	in	r25, 0x0b	; 11
     382:	94 60       	ori	r25, 0x04	; 4
     384:	9b b9       	out	0x0b, r25	; 11
    }
    if (data & (1 << 1))
     386:	81 ff       	sbrs	r24, 1
     388:	03 c0       	rjmp	.+6      	; 0x390 <LCD_Port+0x20>
    {
        PORTD |= (1 << PORTD3);
     38a:	9b b1       	in	r25, 0x0b	; 11
     38c:	98 60       	ori	r25, 0x08	; 8
     38e:	9b b9       	out	0x0b, r25	; 11
    }
    if (data & (1 << 2))
     390:	82 ff       	sbrs	r24, 2
     392:	03 c0       	rjmp	.+6      	; 0x39a <LCD_Port+0x2a>
    {
        PORTD |= (1 << PORTD4);
     394:	9b b1       	in	r25, 0x0b	; 11
     396:	90 61       	ori	r25, 0x10	; 16
     398:	9b b9       	out	0x0b, r25	; 11
    }
    if (data & (1 << 3))
     39a:	83 ff       	sbrs	r24, 3
     39c:	03 c0       	rjmp	.+6      	; 0x3a4 <LCD_Port+0x34>
    {
        PORTD |= (1 << PORTD5);
     39e:	9b b1       	in	r25, 0x0b	; 11
     3a0:	90 62       	ori	r25, 0x20	; 32
     3a2:	9b b9       	out	0x0b, r25	; 11
    }
    if (data & (1 << 4))
     3a4:	84 ff       	sbrs	r24, 4
     3a6:	03 c0       	rjmp	.+6      	; 0x3ae <LCD_Port+0x3e>
    {
        PORTD |= (1 << PORTD6);
     3a8:	9b b1       	in	r25, 0x0b	; 11
     3aa:	90 64       	ori	r25, 0x40	; 64
     3ac:	9b b9       	out	0x0b, r25	; 11
    }
    if (data & (1 << 5))
     3ae:	85 ff       	sbrs	r24, 5
     3b0:	03 c0       	rjmp	.+6      	; 0x3b8 <LCD_Port+0x48>
    {
        PORTD |= (1 << PORTD7);
     3b2:	9b b1       	in	r25, 0x0b	; 11
     3b4:	90 68       	ori	r25, 0x80	; 128
     3b6:	9b b9       	out	0x0b, r25	; 11
    }
    if (data & (1 << 6))
     3b8:	86 ff       	sbrs	r24, 6
     3ba:	03 c0       	rjmp	.+6      	; 0x3c2 <LCD_Port+0x52>
    {
        PORTB |= (1 << PORTB0);
     3bc:	95 b1       	in	r25, 0x05	; 5
     3be:	91 60       	ori	r25, 0x01	; 1
     3c0:	95 b9       	out	0x05, r25	; 5
    }
    if (data & (1 << 7))
     3c2:	88 23       	and	r24, r24
     3c4:	1c f4       	brge	.+6      	; 0x3cc <LCD_Port+0x5c>
    {
        PORTB |= (1 << PORTB1);
     3c6:	85 b1       	in	r24, 0x05	; 5
     3c8:	82 60       	ori	r24, 0x02	; 2
     3ca:	85 b9       	out	0x05, r24	; 5
     3cc:	08 95       	ret

000003ce <LCD_CMD>:
    }
}

void LCD_CMD(uint8_t command)
{
    LCD_RS_PORT &= ~(1 << LCD_RS_PIN);
     3ce:	98 b1       	in	r25, 0x08	; 8
     3d0:	9d 7f       	andi	r25, 0xFD	; 253
     3d2:	98 b9       	out	0x08, r25	; 8
    LCD_Port(command);
     3d4:	0e 94 b8 01 	call	0x370	; 0x370 <LCD_Port>
    LCD_EnablePulse();
     3d8:	0e 94 a7 01 	call	0x34e	; 0x34e <LCD_EnablePulse>
	#else
		//round up by default
		__ticks_dc = (uint32_t)(ceil(fabs(__tmp)));
	#endif

	__builtin_avr_delay_cycles(__ticks_dc);
     3dc:	8f e3       	ldi	r24, 0x3F	; 63
     3de:	9f e1       	ldi	r25, 0x1F	; 31
     3e0:	01 97       	sbiw	r24, 0x01	; 1
     3e2:	f1 f7       	brne	.-4      	; 0x3e0 <LCD_CMD+0x12>
     3e4:	00 c0       	rjmp	.+0      	; 0x3e6 <LCD_CMD+0x18>
     3e6:	00 00       	nop
     3e8:	08 95       	ret

000003ea <LCD_Write_Char>:
    _delay_ms(2);
}

void LCD_Write_Char(char data)
{
    LCD_RS_PORT |= (1 << LCD_RS_PIN);
     3ea:	98 b1       	in	r25, 0x08	; 8
     3ec:	92 60       	ori	r25, 0x02	; 2
     3ee:	98 b9       	out	0x08, r25	; 8
    LCD_Port(data);
     3f0:	0e 94 b8 01 	call	0x370	; 0x370 <LCD_Port>
    LCD_EnablePulse();
     3f4:	0e 94 a7 01 	call	0x34e	; 0x34e <LCD_EnablePulse>
	#else
		//round up by default
		__ticks_dc = (uint32_t)(ceil(fabs(__tmp)));
	#endif

	__builtin_avr_delay_cycles(__ticks_dc);
     3f8:	8f e8       	ldi	r24, 0x8F	; 143
     3fa:	91 e0       	ldi	r25, 0x01	; 1
     3fc:	01 97       	sbiw	r24, 0x01	; 1
     3fe:	f1 f7       	brne	.-4      	; 0x3fc <LCD_Write_Char+0x12>
     400:	00 c0       	rjmp	.+0      	; 0x402 <__EEPROM_REGION_LENGTH__+0x2>
     402:	00 00       	nop
     404:	08 95       	ret

00000406 <LCD_Write_String>:
    _delay_us(100);
}

void LCD_Write_String(const char *text)
{
     406:	cf 93       	push	r28
     408:	df 93       	push	r29
     40a:	ec 01       	movw	r28, r24
    while (*text)
     40c:	03 c0       	rjmp	.+6      	; 0x414 <LCD_Write_String+0xe>
    {
        LCD_Write_Char(*text);
     40e:	0e 94 f5 01 	call	0x3ea	; 0x3ea <LCD_Write_Char>
        text++;
     412:	21 96       	adiw	r28, 0x01	; 1
    _delay_us(100);
}

void LCD_Write_String(const char *text)
{
    while (*text)
     414:	88 81       	ld	r24, Y
     416:	81 11       	cpse	r24, r1
     418:	fa cf       	rjmp	.-12     	; 0x40e <LCD_Write_String+0x8>
    {
        LCD_Write_Char(*text);
        text++;
    }
}
     41a:	df 91       	pop	r29
     41c:	cf 91       	pop	r28
     41e:	08 95       	ret

00000420 <LCD_Set_Cursor>:

void LCD_Set_Cursor(uint8_t column, uint8_t row)
{
    if (row == 1)
     420:	61 30       	cpi	r22, 0x01	; 1
     422:	21 f4       	brne	.+8      	; 0x42c <LCD_Set_Cursor+0xc>
    {
        LCD_CMD(0x80 + column - 1);
     424:	81 58       	subi	r24, 0x81	; 129
     426:	0e 94 e7 01 	call	0x3ce	; 0x3ce <LCD_CMD>
     42a:	08 95       	ret
    }
    else
    {
        LCD_CMD(0xC0 + column - 1);
     42c:	81 54       	subi	r24, 0x41	; 65
     42e:	0e 94 e7 01 	call	0x3ce	; 0x3ce <LCD_CMD>
     432:	08 95       	ret

00000434 <LCD_Clear>:
    }
}

void LCD_Clear(void)
{
    LCD_CMD(0x01);
     434:	81 e0       	ldi	r24, 0x01	; 1
     436:	0e 94 e7 01 	call	0x3ce	; 0x3ce <LCD_CMD>
	#else
		//round up by default
		__ticks_dc = (uint32_t)(ceil(fabs(__tmp)));
	#endif

	__builtin_avr_delay_cycles(__ticks_dc);
     43a:	8f e3       	ldi	r24, 0x3F	; 63
     43c:	9f e1       	ldi	r25, 0x1F	; 31
     43e:	01 97       	sbiw	r24, 0x01	; 1
     440:	f1 f7       	brne	.-4      	; 0x43e <LCD_Clear+0xa>
     442:	00 c0       	rjmp	.+0      	; 0x444 <LCD_Clear+0x10>
     444:	00 00       	nop
     446:	08 95       	ret

00000448 <initLCD8bits>:

static void LCD_EnablePulse(void);

void initLCD8bits(void)
{
    DDRD |= (1 << DDD2) | (1 << DDD3) | (1 << DDD4) | (1 << DDD5) | (1 << DDD6) | (1 << DDD7);
     448:	8a b1       	in	r24, 0x0a	; 10
     44a:	8c 6f       	ori	r24, 0xFC	; 252
     44c:	8a b9       	out	0x0a, r24	; 10
    DDRB |= (1 << DDB0) | (1 << DDB1);
     44e:	84 b1       	in	r24, 0x04	; 4
     450:	83 60       	ori	r24, 0x03	; 3
     452:	84 b9       	out	0x04, r24	; 4
    LCD_RS_DDR |= (1 << LCD_RS_PIN);
     454:	87 b1       	in	r24, 0x07	; 7
     456:	82 60       	ori	r24, 0x02	; 2
     458:	87 b9       	out	0x07, r24	; 7
    LCD_E_DDR |= (1 << LCD_E_PIN);
     45a:	87 b1       	in	r24, 0x07	; 7
     45c:	81 60       	ori	r24, 0x01	; 1
     45e:	87 b9       	out	0x07, r24	; 7

    LCD_RS_PORT &= ~(1 << LCD_RS_PIN);
     460:	88 b1       	in	r24, 0x08	; 8
     462:	8d 7f       	andi	r24, 0xFD	; 253
     464:	88 b9       	out	0x08, r24	; 8
    LCD_E_PORT &= ~(1 << LCD_E_PIN);
     466:	88 b1       	in	r24, 0x08	; 8
     468:	8e 7f       	andi	r24, 0xFE	; 254
     46a:	88 b9       	out	0x08, r24	; 8
    PORTD &= ~((1 << PORTD2) | (1 << PORTD3) | (1 << PORTD4) | (1 << PORTD5) | (1 << PORTD6) | (1 << PORTD7));
     46c:	8b b1       	in	r24, 0x0b	; 11
     46e:	83 70       	andi	r24, 0x03	; 3
     470:	8b b9       	out	0x0b, r24	; 11
    PORTB &= ~((1 << PORTB0) | (1 << PORTB1));
     472:	85 b1       	in	r24, 0x05	; 5
     474:	8c 7f       	andi	r24, 0xFC	; 252
     476:	85 b9       	out	0x05, r24	; 5
     478:	2f ef       	ldi	r18, 0xFF	; 255
     47a:	89 ef       	ldi	r24, 0xF9	; 249
     47c:	90 e0       	ldi	r25, 0x00	; 0
     47e:	21 50       	subi	r18, 0x01	; 1
     480:	80 40       	sbci	r24, 0x00	; 0
     482:	90 40       	sbci	r25, 0x00	; 0
     484:	e1 f7       	brne	.-8      	; 0x47e <initLCD8bits+0x36>
     486:	00 c0       	rjmp	.+0      	; 0x488 <initLCD8bits+0x40>
     488:	00 00       	nop

    _delay_ms(20);
    LCD_CMD(0x38);
     48a:	88 e3       	ldi	r24, 0x38	; 56
     48c:	0e 94 e7 01 	call	0x3ce	; 0x3ce <LCD_CMD>
    LCD_CMD(0x0C);
     490:	8c e0       	ldi	r24, 0x0C	; 12
     492:	0e 94 e7 01 	call	0x3ce	; 0x3ce <LCD_CMD>
    LCD_CMD(0x06);
     496:	86 e0       	ldi	r24, 0x06	; 6
     498:	0e 94 e7 01 	call	0x3ce	; 0x3ce <LCD_CMD>
    LCD_Clear();
     49c:	0e 94 1a 02 	call	0x434	; 0x434 <LCD_Clear>
     4a0:	08 95       	ret

000004a2 <Master_HCSR04_EchoToCm>:
}


static uint16_t Master_HCSR04_EchoToCm(uint16_t echo_us)
{
    return (uint16_t)((uint32_t)echo_us / 58UL);
     4a2:	9c 01       	movw	r18, r24
     4a4:	af e9       	ldi	r26, 0x9F	; 159
     4a6:	b6 e4       	ldi	r27, 0x46	; 70
     4a8:	0e 94 4d 0f 	call	0x1e9a	; 0x1e9a <__umulhisi3>
}
     4ac:	92 95       	swap	r25
     4ae:	82 95       	swap	r24
     4b0:	8f 70       	andi	r24, 0x0F	; 15
     4b2:	89 27       	eor	r24, r25
     4b4:	9f 70       	andi	r25, 0x0F	; 15
     4b6:	89 27       	eor	r24, r25
     4b8:	08 95       	ret

000004ba <Master_IsOpenCommand>:
}


static uint8_t Master_IsOpenCommand(char command)
{
    return ((command == SLAVE1_CMD_OPEN_SERVO) ||
     4ba:	8f 36       	cpi	r24, 0x6F	; 111
     4bc:	21 f0       	breq	.+8      	; 0x4c6 <Master_IsOpenCommand+0xc>
     4be:	8f 34       	cpi	r24, 0x4F	; 79
     4c0:	21 f4       	brne	.+8      	; 0x4ca <Master_IsOpenCommand+0x10>
     4c2:	81 e0       	ldi	r24, 0x01	; 1
     4c4:	08 95       	ret
     4c6:	81 e0       	ldi	r24, 0x01	; 1
     4c8:	08 95       	ret
     4ca:	80 e0       	ldi	r24, 0x00	; 0
            (command == 'O')) ? 1U : 0U;
}
     4cc:	08 95       	ret

000004ce <Master_IsCloseCommand>:


static uint8_t Master_IsCloseCommand(char command)
{
    return ((command == SLAVE1_CMD_CLOSE_SERVO) ||
     4ce:	83 36       	cpi	r24, 0x63	; 99
     4d0:	21 f0       	breq	.+8      	; 0x4da <Master_IsCloseCommand+0xc>
     4d2:	83 34       	cpi	r24, 0x43	; 67
     4d4:	21 f4       	brne	.+8      	; 0x4de <Master_IsCloseCommand+0x10>
     4d6:	81 e0       	ldi	r24, 0x01	; 1
     4d8:	08 95       	ret
     4da:	81 e0       	ldi	r24, 0x01	; 1
     4dc:	08 95       	ret
     4de:	80 e0       	ldi	r24, 0x00	; 0
            (command == 'C')) ? 1U : 0U;
}
     4e0:	08 95       	ret

000004e2 <Master_I2C_WriteByte>:


static uint8_t Master_I2C_WriteByte(
    uint8_t address,
    uint8_t data)
{
     4e2:	1f 93       	push	r17
     4e4:	cf 93       	push	r28
     4e6:	df 93       	push	r29
     4e8:	d8 2f       	mov	r29, r24
     4ea:	16 2f       	mov	r17, r22
    if (!I2C_Master_Start())
     4ec:	0e 94 1a 01 	call	0x234	; 0x234 <I2C_Master_Start>
     4f0:	c8 2f       	mov	r28, r24
     4f2:	88 23       	and	r24, r24
     4f4:	b1 f0       	breq	.+44     	; 0x522 <Master_I2C_WriteByte+0x40>
    {
        return 0U;
    }

    if (!I2C_Master_Write((uint8_t)(address << 1)))
     4f6:	8d 2f       	mov	r24, r29
     4f8:	88 0f       	add	r24, r24
     4fa:	0e 94 5b 01 	call	0x2b6	; 0x2b6 <I2C_Master_Write>
     4fe:	c8 2f       	mov	r28, r24
     500:	81 11       	cpse	r24, r1
     502:	03 c0       	rjmp	.+6      	; 0x50a <Master_I2C_WriteByte+0x28>
    {
        I2C_Master_Stop();
     504:	0e 94 3c 01 	call	0x278	; 0x278 <I2C_Master_Stop>
        return 0U;
     508:	0c c0       	rjmp	.+24     	; 0x522 <Master_I2C_WriteByte+0x40>
    }

    if (!I2C_Master_Write(data))
     50a:	81 2f       	mov	r24, r17
     50c:	0e 94 5b 01 	call	0x2b6	; 0x2b6 <I2C_Master_Write>
     510:	c8 2f       	mov	r28, r24
     512:	81 11       	cpse	r24, r1
     514:	03 c0       	rjmp	.+6      	; 0x51c <Master_I2C_WriteByte+0x3a>
    {
        I2C_Master_Stop();
     516:	0e 94 3c 01 	call	0x278	; 0x278 <I2C_Master_Stop>
        return 0U;
     51a:	03 c0       	rjmp	.+6      	; 0x522 <Master_I2C_WriteByte+0x40>
    }

    I2C_Master_Stop();
     51c:	0e 94 3c 01 	call	0x278	; 0x278 <I2C_Master_Stop>
    return 1U;
     520:	c1 e0       	ldi	r28, 0x01	; 1
}
     522:	8c 2f       	mov	r24, r28
     524:	df 91       	pop	r29
     526:	cf 91       	pop	r28
     528:	1f 91       	pop	r17
     52a:	08 95       	ret

0000052c <Master_SendSlave1Command>:
}


static uint8_t Master_SendSlave1Command(uint8_t command)
{
    return Master_I2C_WriteByte(SLAVE1_I2C_ADDRESS, command);
     52c:	68 2f       	mov	r22, r24
     52e:	81 e1       	ldi	r24, 0x11	; 17
     530:	0e 94 71 02 	call	0x4e2	; 0x4e2 <Master_I2C_WriteByte>
}
     534:	08 95       	ret

00000536 <Master_SendSlave2Command>:


static uint8_t Master_SendSlave2Command(uint8_t command)
{
    return Master_I2C_WriteByte(SLAVE2_I2C_ADDRESS, command);
     536:	68 2f       	mov	r22, r24
     538:	82 e1       	ldi	r24, 0x12	; 18
     53a:	0e 94 71 02 	call	0x4e2	; 0x4e2 <Master_I2C_WriteByte>
}
     53e:	08 95       	ret

00000540 <Master_I2C_Ping>:
    return 1U;
}


static uint8_t Master_I2C_Ping(uint8_t address)
{
     540:	cf 93       	push	r28
     542:	c8 2f       	mov	r28, r24
    uint8_t ok = 0U;

    if (I2C_Master_Start())
     544:	0e 94 1a 01 	call	0x234	; 0x234 <I2C_Master_Start>
     548:	88 23       	and	r24, r24
     54a:	41 f0       	breq	.+16     	; 0x55c <Master_I2C_Ping+0x1c>
    {
        ok = I2C_Master_Write((uint8_t)(address << 1));
     54c:	8c 2f       	mov	r24, r28
     54e:	88 0f       	add	r24, r24
     550:	0e 94 5b 01 	call	0x2b6	; 0x2b6 <I2C_Master_Write>
     554:	c8 2f       	mov	r28, r24
        I2C_Master_Stop();
     556:	0e 94 3c 01 	call	0x278	; 0x278 <I2C_Master_Stop>
     55a:	01 c0       	rjmp	.+2      	; 0x55e <Master_I2C_Ping+0x1e>
}


static uint8_t Master_I2C_Ping(uint8_t address)
{
    uint8_t ok = 0U;
     55c:	c0 e0       	ldi	r28, 0x00	; 0
        ok = I2C_Master_Write((uint8_t)(address << 1));
        I2C_Master_Stop();
    }

    return ok;
}
     55e:	8c 2f       	mov	r24, r28
     560:	cf 91       	pop	r28
     562:	08 95       	ret

00000564 <Master_I2C_ReadBytes>:

static uint8_t Master_I2C_ReadBytes(
    uint8_t address,
    uint8_t *data,
    uint8_t count)
{
     564:	ef 92       	push	r14
     566:	ff 92       	push	r15
     568:	1f 93       	push	r17
     56a:	cf 93       	push	r28
     56c:	df 93       	push	r29
    uint8_t i;

    if ((data == 0) || (count == 0U))
     56e:	61 15       	cp	r22, r1
     570:	71 05       	cpc	r23, r1
     572:	81 f1       	breq	.+96     	; 0x5d4 <Master_I2C_ReadBytes+0x70>
     574:	44 23       	and	r20, r20
     576:	81 f1       	breq	.+96     	; 0x5d8 <Master_I2C_ReadBytes+0x74>
     578:	14 2f       	mov	r17, r20
     57a:	7b 01       	movw	r14, r22
     57c:	c8 2f       	mov	r28, r24
    {
        return 0U;
    }

    if (!I2C_Master_Start())
     57e:	0e 94 1a 01 	call	0x234	; 0x234 <I2C_Master_Start>
     582:	d8 2f       	mov	r29, r24
     584:	88 23       	and	r24, r24
     586:	49 f1       	breq	.+82     	; 0x5da <Master_I2C_ReadBytes+0x76>
    {
        return 0U;
    }

    if (!I2C_Master_Write((uint8_t)((address << 1) | 0x01U)))
     588:	8c 2f       	mov	r24, r28
     58a:	88 0f       	add	r24, r24
     58c:	81 60       	ori	r24, 0x01	; 1
     58e:	0e 94 5b 01 	call	0x2b6	; 0x2b6 <I2C_Master_Write>
     592:	d8 2f       	mov	r29, r24
     594:	81 11       	cpse	r24, r1
     596:	17 c0       	rjmp	.+46     	; 0x5c6 <Master_I2C_ReadBytes+0x62>
    {
        I2C_Master_Stop();
     598:	0e 94 3c 01 	call	0x278	; 0x278 <I2C_Master_Stop>
        return 0U;
     59c:	1e c0       	rjmp	.+60     	; 0x5da <Master_I2C_ReadBytes+0x76>
    }

    for (i = 0U; i < count; i++)
    {
        uint8_t ack = (i < (uint8_t)(count - 1U)) ? 1U : 0U;
     59e:	8f ef       	ldi	r24, 0xFF	; 255
     5a0:	81 0f       	add	r24, r17
     5a2:	c8 17       	cp	r28, r24
     5a4:	10 f4       	brcc	.+4      	; 0x5aa <Master_I2C_ReadBytes+0x46>
     5a6:	61 e0       	ldi	r22, 0x01	; 1
     5a8:	01 c0       	rjmp	.+2      	; 0x5ac <Master_I2C_ReadBytes+0x48>
     5aa:	60 e0       	ldi	r22, 0x00	; 0

        if (!I2C_Master_Read(&data[i], ack))
     5ac:	c7 01       	movw	r24, r14
     5ae:	8c 0f       	add	r24, r28
     5b0:	91 1d       	adc	r25, r1
     5b2:	0e 94 77 01 	call	0x2ee	; 0x2ee <I2C_Master_Read>
     5b6:	d8 2f       	mov	r29, r24
     5b8:	81 11       	cpse	r24, r1
     5ba:	03 c0       	rjmp	.+6      	; 0x5c2 <Master_I2C_ReadBytes+0x5e>
        {
            I2C_Master_Stop();
     5bc:	0e 94 3c 01 	call	0x278	; 0x278 <I2C_Master_Stop>
            return 0U;
     5c0:	0c c0       	rjmp	.+24     	; 0x5da <Master_I2C_ReadBytes+0x76>
    {
        I2C_Master_Stop();
        return 0U;
    }

    for (i = 0U; i < count; i++)
     5c2:	cf 5f       	subi	r28, 0xFF	; 255
     5c4:	01 c0       	rjmp	.+2      	; 0x5c8 <Master_I2C_ReadBytes+0x64>
     5c6:	c0 e0       	ldi	r28, 0x00	; 0
     5c8:	c1 17       	cp	r28, r17
     5ca:	48 f3       	brcs	.-46     	; 0x59e <Master_I2C_ReadBytes+0x3a>
            I2C_Master_Stop();
            return 0U;
        }
    }

    I2C_Master_Stop();
     5cc:	0e 94 3c 01 	call	0x278	; 0x278 <I2C_Master_Stop>
    return 1U;
     5d0:	d1 e0       	ldi	r29, 0x01	; 1
     5d2:	03 c0       	rjmp	.+6      	; 0x5da <Master_I2C_ReadBytes+0x76>
{
    uint8_t i;

    if ((data == 0) || (count == 0U))
    {
        return 0U;
     5d4:	d0 e0       	ldi	r29, 0x00	; 0
     5d6:	01 c0       	rjmp	.+2      	; 0x5da <Master_I2C_ReadBytes+0x76>
     5d8:	d0 e0       	ldi	r29, 0x00	; 0
        }
    }

    I2C_Master_Stop();
    return 1U;
}
     5da:	8d 2f       	mov	r24, r29
     5dc:	df 91       	pop	r29
     5de:	cf 91       	pop	r28
     5e0:	1f 91       	pop	r17
     5e2:	ff 90       	pop	r15
     5e4:	ef 90       	pop	r14
     5e6:	08 95       	ret

000005e8 <Master_ReadSlave1>:

static uint8_t Master_ReadSlave1(
    uint8_t *status,
    uint16_t *echo_us,
    uint8_t *servo_angle)
{
     5e8:	cf 92       	push	r12
     5ea:	df 92       	push	r13
     5ec:	ef 92       	push	r14
     5ee:	ff 92       	push	r15
     5f0:	0f 93       	push	r16
     5f2:	1f 93       	push	r17
     5f4:	cf 93       	push	r28
     5f6:	df 93       	push	r29
     5f8:	00 d0       	rcall	.+0      	; 0x5fa <Master_ReadSlave1+0x12>
     5fa:	00 d0       	rcall	.+0      	; 0x5fc <Master_ReadSlave1+0x14>
     5fc:	cd b7       	in	r28, 0x3d	; 61
     5fe:	de b7       	in	r29, 0x3e	; 62
    uint8_t data[SLAVE1_RESPONSE_BYTES];

    if ((status == 0) || (echo_us == 0) || (servo_angle == 0))
     600:	00 97       	sbiw	r24, 0x00	; 0
     602:	19 f1       	breq	.+70     	; 0x64a <Master_ReadSlave1+0x62>
     604:	61 15       	cp	r22, r1
     606:	71 05       	cpc	r23, r1
     608:	11 f1       	breq	.+68     	; 0x64e <Master_ReadSlave1+0x66>
     60a:	41 15       	cp	r20, r1
     60c:	51 05       	cpc	r21, r1
     60e:	09 f1       	breq	.+66     	; 0x652 <Master_ReadSlave1+0x6a>
     610:	6a 01       	movw	r12, r20
     612:	7b 01       	movw	r14, r22
     614:	8c 01       	movw	r16, r24
    {
        return 0U;
    }

    if (!Master_I2C_ReadBytes(
     616:	44 e0       	ldi	r20, 0x04	; 4
     618:	be 01       	movw	r22, r28
     61a:	6f 5f       	subi	r22, 0xFF	; 255
     61c:	7f 4f       	sbci	r23, 0xFF	; 255
     61e:	81 e1       	ldi	r24, 0x11	; 17
     620:	0e 94 b2 02 	call	0x564	; 0x564 <Master_I2C_ReadBytes>
     624:	88 23       	and	r24, r24
     626:	b1 f0       	breq	.+44     	; 0x654 <Master_ReadSlave1+0x6c>
            SLAVE1_RESPONSE_BYTES))
    {
        return 0U;
    }

    *status = data[0];
     628:	89 81       	ldd	r24, Y+1	; 0x01
     62a:	f8 01       	movw	r30, r16
     62c:	80 83       	st	Z, r24
    *echo_us = ((uint16_t)data[2] << 8) | (uint16_t)data[1];
     62e:	8b 81       	ldd	r24, Y+3	; 0x03
     630:	90 e0       	ldi	r25, 0x00	; 0
     632:	98 2f       	mov	r25, r24
     634:	88 27       	eor	r24, r24
     636:	2a 81       	ldd	r18, Y+2	; 0x02
     638:	82 2b       	or	r24, r18
     63a:	f7 01       	movw	r30, r14
     63c:	91 83       	std	Z+1, r25	; 0x01
     63e:	80 83       	st	Z, r24
    *servo_angle = data[3];
     640:	8c 81       	ldd	r24, Y+4	; 0x04
     642:	f6 01       	movw	r30, r12
     644:	80 83       	st	Z, r24

    return 1U;
     646:	81 e0       	ldi	r24, 0x01	; 1
     648:	05 c0       	rjmp	.+10     	; 0x654 <Master_ReadSlave1+0x6c>
{
    uint8_t data[SLAVE1_RESPONSE_BYTES];

    if ((status == 0) || (echo_us == 0) || (servo_angle == 0))
    {
        return 0U;
     64a:	80 e0       	ldi	r24, 0x00	; 0
     64c:	03 c0       	rjmp	.+6      	; 0x654 <Master_ReadSlave1+0x6c>
     64e:	80 e0       	ldi	r24, 0x00	; 0
     650:	01 c0       	rjmp	.+2      	; 0x654 <Master_ReadSlave1+0x6c>
     652:	80 e0       	ldi	r24, 0x00	; 0
    *status = data[0];
    *echo_us = ((uint16_t)data[2] << 8) | (uint16_t)data[1];
    *servo_angle = data[3];

    return 1U;
}
     654:	0f 90       	pop	r0
     656:	0f 90       	pop	r0
     658:	0f 90       	pop	r0
     65a:	0f 90       	pop	r0
     65c:	df 91       	pop	r29
     65e:	cf 91       	pop	r28
     660:	1f 91       	pop	r17
     662:	0f 91       	pop	r16
     664:	ff 90       	pop	r15
     666:	ef 90       	pop	r14
     668:	df 90       	pop	r13
     66a:	cf 90       	pop	r12
     66c:	08 95       	ret

0000066e <Master_ReadSlave2>:
static uint8_t Master_ReadSlave2(
    uint8_t *status,
    uint8_t *infrared_level,
    uint8_t *stepper_running,
    uint8_t *stepper_direction)
{
     66e:	af 92       	push	r10
     670:	bf 92       	push	r11
     672:	cf 92       	push	r12
     674:	df 92       	push	r13
     676:	ef 92       	push	r14
     678:	ff 92       	push	r15
     67a:	0f 93       	push	r16
     67c:	1f 93       	push	r17
     67e:	cf 93       	push	r28
     680:	df 93       	push	r29
     682:	00 d0       	rcall	.+0      	; 0x684 <Master_ReadSlave2+0x16>
     684:	00 d0       	rcall	.+0      	; 0x686 <Master_ReadSlave2+0x18>
     686:	cd b7       	in	r28, 0x3d	; 61
     688:	de b7       	in	r29, 0x3e	; 62
    uint8_t data[SLAVE2_RESPONSE_BYTES];

    if ((status == 0) || (infrared_level == 0) ||
     68a:	00 97       	sbiw	r24, 0x00	; 0
     68c:	21 f1       	breq	.+72     	; 0x6d6 <Master_ReadSlave2+0x68>
     68e:	61 15       	cp	r22, r1
     690:	71 05       	cpc	r23, r1
     692:	19 f1       	breq	.+70     	; 0x6da <Master_ReadSlave2+0x6c>
     694:	41 15       	cp	r20, r1
     696:	51 05       	cpc	r21, r1
     698:	11 f1       	breq	.+68     	; 0x6de <Master_ReadSlave2+0x70>
        (stepper_running == 0) || (stepper_direction == 0))
     69a:	21 15       	cp	r18, r1
     69c:	31 05       	cpc	r19, r1
     69e:	09 f1       	breq	.+66     	; 0x6e2 <Master_ReadSlave2+0x74>
     6a0:	59 01       	movw	r10, r18
     6a2:	6a 01       	movw	r12, r20
     6a4:	7b 01       	movw	r14, r22
     6a6:	8c 01       	movw	r16, r24
    {
        return 0U;
    }

    if (!Master_I2C_ReadBytes(
     6a8:	44 e0       	ldi	r20, 0x04	; 4
     6aa:	be 01       	movw	r22, r28
     6ac:	6f 5f       	subi	r22, 0xFF	; 255
     6ae:	7f 4f       	sbci	r23, 0xFF	; 255
     6b0:	82 e1       	ldi	r24, 0x12	; 18
     6b2:	0e 94 b2 02 	call	0x564	; 0x564 <Master_I2C_ReadBytes>
     6b6:	88 23       	and	r24, r24
     6b8:	a9 f0       	breq	.+42     	; 0x6e4 <Master_ReadSlave2+0x76>
            SLAVE2_RESPONSE_BYTES))
    {
        return 0U;
    }

    *status = data[0];
     6ba:	89 81       	ldd	r24, Y+1	; 0x01
     6bc:	f8 01       	movw	r30, r16
     6be:	80 83       	st	Z, r24
    *infrared_level = data[1];
     6c0:	8a 81       	ldd	r24, Y+2	; 0x02
     6c2:	f7 01       	movw	r30, r14
     6c4:	80 83       	st	Z, r24
    *stepper_running = data[2];
     6c6:	8b 81       	ldd	r24, Y+3	; 0x03
     6c8:	f6 01       	movw	r30, r12
     6ca:	80 83       	st	Z, r24
    *stepper_direction = data[3];
     6cc:	8c 81       	ldd	r24, Y+4	; 0x04
     6ce:	f5 01       	movw	r30, r10
     6d0:	80 83       	st	Z, r24

    return 1U;
     6d2:	81 e0       	ldi	r24, 0x01	; 1
     6d4:	07 c0       	rjmp	.+14     	; 0x6e4 <Master_ReadSlave2+0x76>
    uint8_t data[SLAVE2_RESPONSE_BYTES];

    if ((status == 0) || (infrared_level == 0) ||
        (stepper_running == 0) || (stepper_direction == 0))
    {
        return 0U;
     6d6:	80 e0       	ldi	r24, 0x00	; 0
     6d8:	05 c0       	rjmp	.+10     	; 0x6e4 <Master_ReadSlave2+0x76>
     6da:	80 e0       	ldi	r24, 0x00	; 0
     6dc:	03 c0       	rjmp	.+6      	; 0x6e4 <Master_ReadSlave2+0x76>
     6de:	80 e0       	ldi	r24, 0x00	; 0
     6e0:	01 c0       	rjmp	.+2      	; 0x6e4 <Master_ReadSlave2+0x76>
     6e2:	80 e0       	ldi	r24, 0x00	; 0
    *infrared_level = data[1];
    *stepper_running = data[2];
    *stepper_direction = data[3];

    return 1U;
}
     6e4:	0f 90       	pop	r0
     6e6:	0f 90       	pop	r0
     6e8:	0f 90       	pop	r0
     6ea:	0f 90       	pop	r0
     6ec:	df 91       	pop	r29
     6ee:	cf 91       	pop	r28
     6f0:	1f 91       	pop	r17
     6f2:	0f 91       	pop	r16
     6f4:	ff 90       	pop	r15
     6f6:	ef 90       	pop	r14
     6f8:	df 90       	pop	r13
     6fa:	cf 90       	pop	r12
     6fc:	bf 90       	pop	r11
     6fe:	af 90       	pop	r10
     700:	08 95       	ret

00000702 <UART_Init>:


void UART_Init(void)
{
    /* Configurar velocidad */
    UBRR0H = (uint8_t)(UART_UBRR >> 8);
     702:	10 92 c5 00 	sts	0x00C5, r1	; 0x8000c5 <__TEXT_REGION_LENGTH__+0x7f80c5>
    UBRR0L = (uint8_t)UART_UBRR;
     706:	87 e6       	ldi	r24, 0x67	; 103
     708:	80 93 c4 00 	sts	0x00C4, r24	; 0x8000c4 <__TEXT_REGION_LENGTH__+0x7f80c4>

    /* Habilitar recepcion y transmision */
    UCSR0B = (1 << RXEN0) | (1 << TXEN0);
     70c:	88 e1       	ldi	r24, 0x18	; 24
     70e:	80 93 c1 00 	sts	0x00C1, r24	; 0x8000c1 <__TEXT_REGION_LENGTH__+0x7f80c1>

    /* 8 bits, 1 stop bit, sin paridad */
    UCSR0C = (1 << UCSZ01) | (1 << UCSZ00);
     712:	86 e0       	ldi	r24, 0x06	; 6
     714:	80 93 c2 00 	sts	0x00C2, r24	; 0x8000c2 <__TEXT_REGION_LENGTH__+0x7f80c2>
     718:	08 95       	ret

0000071a <UART_WriteChar>:


void UART_WriteChar(char data)
{
    /* Esperar hasta que el buffer de transmision este libre */
    while (!(UCSR0A & (1 << UDRE0)));
     71a:	90 91 c0 00 	lds	r25, 0x00C0	; 0x8000c0 <__TEXT_REGION_LENGTH__+0x7f80c0>
     71e:	95 ff       	sbrs	r25, 5
     720:	fc cf       	rjmp	.-8      	; 0x71a <UART_WriteChar>

    UDR0 = data;
     722:	80 93 c6 00 	sts	0x00C6, r24	; 0x8000c6 <__TEXT_REGION_LENGTH__+0x7f80c6>
     726:	08 95       	ret

00000728 <UART_WriteString>:
}


void UART_WriteString(const char *text)
{
     728:	cf 93       	push	r28
     72a:	df 93       	push	r29
     72c:	ec 01       	movw	r28, r24
    while (*text != '\0')
     72e:	03 c0       	rjmp	.+6      	; 0x736 <UART_WriteString+0xe>
    {
        UART_WriteChar(*text);
     730:	0e 94 8d 03 	call	0x71a	; 0x71a <UART_WriteChar>
        text++;
     734:	21 96       	adiw	r28, 0x01	; 1
}


void UART_WriteString(const char *text)
{
    while (*text != '\0')
     736:	88 81       	ld	r24, Y
     738:	81 11       	cpse	r24, r1
     73a:	fa cf       	rjmp	.-12     	; 0x730 <UART_WriteString+0x8>
    {
        UART_WriteChar(*text);
        text++;
    }
}
     73c:	df 91       	pop	r29
     73e:	cf 91       	pop	r28
     740:	08 95       	ret

00000742 <Master_PrintMenu>:
}


static void Master_PrintMenu(void)
{
    UART_WriteString("\r\nQue deseas hacer?\r\n");
     742:	81 e0       	ldi	r24, 0x01	; 1
     744:	91 e0       	ldi	r25, 0x01	; 1
     746:	0e 94 94 03 	call	0x728	; 0x728 <UART_WriteString>
    UART_WriteString("h: leer HC-SR04 en Slave1\r\n");
     74a:	87 e1       	ldi	r24, 0x17	; 23
     74c:	91 e0       	ldi	r25, 0x01	; 1
     74e:	0e 94 94 03 	call	0x728	; 0x728 <UART_WriteString>
    UART_WriteString("v: leer VL53L0X\r\n");
     752:	83 e3       	ldi	r24, 0x33	; 51
     754:	91 e0       	ldi	r25, 0x01	; 1
     756:	0e 94 94 03 	call	0x728	; 0x728 <UART_WriteString>
    UART_WriteString("o: abrir servo a 90 deg\r\n");
     75a:	85 e4       	ldi	r24, 0x45	; 69
     75c:	91 e0       	ldi	r25, 0x01	; 1
     75e:	0e 94 94 03 	call	0x728	; 0x728 <UART_WriteString>
    UART_WriteString("c: cerrar servo a 0 deg\r\n");
     762:	8f e5       	ldi	r24, 0x5F	; 95
     764:	91 e0       	ldi	r25, 0x01	; 1
     766:	0e 94 94 03 	call	0x728	; 0x728 <UART_WriteString>
    UART_WriteString("i: leer sensor IR en Slave2\r\n");
     76a:	89 e7       	ldi	r24, 0x79	; 121
     76c:	91 e0       	ldi	r25, 0x01	; 1
     76e:	0e 94 94 03 	call	0x728	; 0x728 <UART_WriteString>
    UART_WriteString("f: mover stepper adelante\r\n");
     772:	87 e9       	ldi	r24, 0x97	; 151
     774:	91 e0       	ldi	r25, 0x01	; 1
     776:	0e 94 94 03 	call	0x728	; 0x728 <UART_WriteString>
    UART_WriteString("b: mover stepper atras\r\n");
     77a:	83 eb       	ldi	r24, 0xB3	; 179
     77c:	91 e0       	ldi	r25, 0x01	; 1
     77e:	0e 94 94 03 	call	0x728	; 0x728 <UART_WriteString>
    UART_WriteString("x: detener stepper\r\n");
     782:	8c ec       	ldi	r24, 0xCC	; 204
     784:	91 e0       	ldi	r25, 0x01	; 1
     786:	0e 94 94 03 	call	0x728	; 0x728 <UART_WriteString>
    UART_WriteString("s: escanear bus I2C\r\n");
     78a:	81 ee       	ldi	r24, 0xE1	; 225
     78c:	91 e0       	ldi	r25, 0x01	; 1
     78e:	0e 94 94 03 	call	0x728	; 0x728 <UART_WriteString>
    UART_WriteString("p: confirmar slaves por I2C\r\n");
     792:	87 ef       	ldi	r24, 0xF7	; 247
     794:	91 e0       	ldi	r25, 0x01	; 1
     796:	0e 94 94 03 	call	0x728	; 0x728 <UART_WriteString>
    UART_WriteString("> ");
     79a:	87 eb       	ldi	r24, 0xB7	; 183
     79c:	93 e0       	ldi	r25, 0x03	; 3
     79e:	0e 94 94 03 	call	0x728	; 0x728 <UART_WriteString>
     7a2:	08 95       	ret

000007a4 <UART_Available>:
}


uint8_t UART_Available(void)
{
    return ((UCSR0A & (1 << RXC0)) != 0U) ? 1U : 0U;
     7a4:	80 91 c0 00 	lds	r24, 0x00C0	; 0x8000c0 <__TEXT_REGION_LENGTH__+0x7f80c0>
     7a8:	88 23       	and	r24, r24
     7aa:	14 f4       	brge	.+4      	; 0x7b0 <UART_Available+0xc>
     7ac:	81 e0       	ldi	r24, 0x01	; 1
     7ae:	08 95       	ret
     7b0:	80 e0       	ldi	r24, 0x00	; 0
}
     7b2:	08 95       	ret

000007b4 <UART_ReadChar>:


char UART_ReadChar(void)
{
    return (char)UDR0;
     7b4:	80 91 c6 00 	lds	r24, 0x00C6	; 0x8000c6 <__TEXT_REGION_LENGTH__+0x7f80c6>
}
     7b8:	08 95       	ret

000007ba <UART_ReadCharBlocking>:


char UART_ReadCharBlocking(void)
{
    while (!UART_Available())
     7ba:	0e 94 d2 03 	call	0x7a4	; 0x7a4 <UART_Available>
     7be:	88 23       	and	r24, r24
     7c0:	e1 f3       	breq	.-8      	; 0x7ba <UART_ReadCharBlocking>
    {
    }

    return UART_ReadChar();
     7c2:	0e 94 da 03 	call	0x7b4	; 0x7b4 <UART_ReadChar>
}
     7c6:	08 95       	ret

000007c8 <UART_WriteUInt16>:
/*
 * Envia un uint16_t sin utilizar sprintf().
 * Esto reduce el uso de memoria en el ATmega328P.
 */
void UART_WriteUInt16(uint16_t value)
{
     7c8:	1f 93       	push	r17
     7ca:	cf 93       	push	r28
     7cc:	df 93       	push	r29
     7ce:	00 d0       	rcall	.+0      	; 0x7d0 <UART_WriteUInt16+0x8>
     7d0:	00 d0       	rcall	.+0      	; 0x7d2 <UART_WriteUInt16+0xa>
     7d2:	00 d0       	rcall	.+0      	; 0x7d4 <UART_WriteUInt16+0xc>
     7d4:	cd b7       	in	r28, 0x3d	; 61
     7d6:	de b7       	in	r29, 0x3e	; 62
     7d8:	ac 01       	movw	r20, r24
    char buffer[6];
    uint8_t i = 0;

    if (value == 0)
     7da:	89 2b       	or	r24, r25
     7dc:	91 f5       	brne	.+100    	; 0x842 <__DATA_REGION_LENGTH__+0x42>
    {
        UART_WriteChar('0');
     7de:	80 e3       	ldi	r24, 0x30	; 48
     7e0:	0e 94 8d 03 	call	0x71a	; 0x71a <UART_WriteChar>
     7e4:	41 c0       	rjmp	.+130    	; 0x868 <__DATA_REGION_LENGTH__+0x68>
        return;
    }

    while ((value > 0) && (i < sizeof(buffer)))
    {
        buffer[i] = (char)('0' + (value % 10));
     7e6:	9a 01       	movw	r18, r20
     7e8:	ad ec       	ldi	r26, 0xCD	; 205
     7ea:	bc ec       	ldi	r27, 0xCC	; 204
     7ec:	0e 94 4d 0f 	call	0x1e9a	; 0x1e9a <__umulhisi3>
     7f0:	96 95       	lsr	r25
     7f2:	87 95       	ror	r24
     7f4:	96 95       	lsr	r25
     7f6:	87 95       	ror	r24
     7f8:	96 95       	lsr	r25
     7fa:	87 95       	ror	r24
     7fc:	9c 01       	movw	r18, r24
     7fe:	22 0f       	add	r18, r18
     800:	33 1f       	adc	r19, r19
     802:	88 0f       	add	r24, r24
     804:	99 1f       	adc	r25, r25
     806:	88 0f       	add	r24, r24
     808:	99 1f       	adc	r25, r25
     80a:	88 0f       	add	r24, r24
     80c:	99 1f       	adc	r25, r25
     80e:	82 0f       	add	r24, r18
     810:	93 1f       	adc	r25, r19
     812:	9a 01       	movw	r18, r20
     814:	28 1b       	sub	r18, r24
     816:	39 0b       	sbc	r19, r25
     818:	c9 01       	movw	r24, r18
     81a:	80 5d       	subi	r24, 0xD0	; 208
     81c:	e1 e0       	ldi	r30, 0x01	; 1
     81e:	f0 e0       	ldi	r31, 0x00	; 0
     820:	ec 0f       	add	r30, r28
     822:	fd 1f       	adc	r31, r29
     824:	e1 0f       	add	r30, r17
     826:	f1 1d       	adc	r31, r1
     828:	80 83       	st	Z, r24
        value /= 10;
     82a:	9a 01       	movw	r18, r20
     82c:	0e 94 4d 0f 	call	0x1e9a	; 0x1e9a <__umulhisi3>
     830:	ac 01       	movw	r20, r24
     832:	56 95       	lsr	r21
     834:	47 95       	ror	r20
     836:	56 95       	lsr	r21
     838:	47 95       	ror	r20
     83a:	56 95       	lsr	r21
     83c:	47 95       	ror	r20
        i++;
     83e:	1f 5f       	subi	r17, 0xFF	; 255
     840:	01 c0       	rjmp	.+2      	; 0x844 <__DATA_REGION_LENGTH__+0x44>
     842:	10 e0       	ldi	r17, 0x00	; 0
    {
        UART_WriteChar('0');
        return;
    }

    while ((value > 0) && (i < sizeof(buffer)))
     844:	41 15       	cp	r20, r1
     846:	51 05       	cpc	r21, r1
     848:	69 f0       	breq	.+26     	; 0x864 <__DATA_REGION_LENGTH__+0x64>
     84a:	16 30       	cpi	r17, 0x06	; 6
     84c:	60 f2       	brcs	.-104    	; 0x7e6 <UART_WriteUInt16+0x1e>
     84e:	0a c0       	rjmp	.+20     	; 0x864 <__DATA_REGION_LENGTH__+0x64>
        i++;
    }

    while (i > 0)
    {
        i--;
     850:	11 50       	subi	r17, 0x01	; 1
        UART_WriteChar(buffer[i]);
     852:	e1 e0       	ldi	r30, 0x01	; 1
     854:	f0 e0       	ldi	r31, 0x00	; 0
     856:	ec 0f       	add	r30, r28
     858:	fd 1f       	adc	r31, r29
     85a:	e1 0f       	add	r30, r17
     85c:	f1 1d       	adc	r31, r1
     85e:	80 81       	ld	r24, Z
     860:	0e 94 8d 03 	call	0x71a	; 0x71a <UART_WriteChar>
        buffer[i] = (char)('0' + (value % 10));
        value /= 10;
        i++;
    }

    while (i > 0)
     864:	11 11       	cpse	r17, r1
     866:	f4 cf       	rjmp	.-24     	; 0x850 <__DATA_REGION_LENGTH__+0x50>
    {
        i--;
        UART_WriteChar(buffer[i]);
    }
}
     868:	26 96       	adiw	r28, 0x06	; 6
     86a:	0f b6       	in	r0, 0x3f	; 63
     86c:	f8 94       	cli
     86e:	de bf       	out	0x3e, r29	; 62
     870:	0f be       	out	0x3f, r0	; 63
     872:	cd bf       	out	0x3d, r28	; 61
     874:	df 91       	pop	r29
     876:	cf 91       	pop	r28
     878:	1f 91       	pop	r17
     87a:	08 95       	ret

0000087c <Master_PrintSlave1Reading>:

static void Master_PrintSlave1Reading(
    uint8_t status,
    uint16_t echo_us,
    uint8_t servo_angle)
{
     87c:	0f 93       	push	r16
     87e:	1f 93       	push	r17
     880:	cf 93       	push	r28
     882:	df 93       	push	r29
     884:	08 2f       	mov	r16, r24
     886:	eb 01       	movw	r28, r22
     888:	14 2f       	mov	r17, r20
    UART_WriteString("Slave1 HC-SR04: ");
     88a:	85 e1       	ldi	r24, 0x15	; 21
     88c:	92 e0       	ldi	r25, 0x02	; 2
     88e:	0e 94 94 03 	call	0x728	; 0x728 <UART_WriteString>

    if (((status & SLAVE1_STATUS_HCSR04_OK) != 0U) &&
     892:	00 ff       	sbrs	r16, 0
     894:	15 c0       	rjmp	.+42     	; 0x8c0 <Master_PrintSlave1Reading+0x44>
     896:	cf 3f       	cpi	r28, 0xFF	; 255
     898:	8f ef       	ldi	r24, 0xFF	; 255
     89a:	d8 07       	cpc	r29, r24
     89c:	89 f0       	breq	.+34     	; 0x8c0 <Master_PrintSlave1Reading+0x44>
        (echo_us != SLAVE1_HCSR04_INVALID_US))
    {
        UART_WriteUInt16(Master_HCSR04_EchoToCm(echo_us));
     89e:	ce 01       	movw	r24, r28
     8a0:	0e 94 51 02 	call	0x4a2	; 0x4a2 <Master_HCSR04_EchoToCm>
     8a4:	0e 94 e4 03 	call	0x7c8	; 0x7c8 <UART_WriteUInt16>
        UART_WriteString(" cm (echo ");
     8a8:	86 e2       	ldi	r24, 0x26	; 38
     8aa:	92 e0       	ldi	r25, 0x02	; 2
     8ac:	0e 94 94 03 	call	0x728	; 0x728 <UART_WriteString>
        UART_WriteUInt16(echo_us);
     8b0:	ce 01       	movw	r24, r28
     8b2:	0e 94 e4 03 	call	0x7c8	; 0x7c8 <UART_WriteUInt16>
        UART_WriteString(" us)");
     8b6:	81 e3       	ldi	r24, 0x31	; 49
     8b8:	92 e0       	ldi	r25, 0x02	; 2
     8ba:	0e 94 94 03 	call	0x728	; 0x728 <UART_WriteString>
     8be:	04 c0       	rjmp	.+8      	; 0x8c8 <Master_PrintSlave1Reading+0x4c>
    }
    else
    {
        UART_WriteString("sin eco");
     8c0:	86 e3       	ldi	r24, 0x36	; 54
     8c2:	92 e0       	ldi	r25, 0x02	; 2
     8c4:	0e 94 94 03 	call	0x728	; 0x728 <UART_WriteString>
    }

    UART_WriteString(", servo ");
     8c8:	8e e3       	ldi	r24, 0x3E	; 62
     8ca:	92 e0       	ldi	r25, 0x02	; 2
     8cc:	0e 94 94 03 	call	0x728	; 0x728 <UART_WriteString>
    UART_WriteUInt16((uint16_t)servo_angle);
     8d0:	81 2f       	mov	r24, r17
     8d2:	90 e0       	ldi	r25, 0x00	; 0
     8d4:	0e 94 e4 03 	call	0x7c8	; 0x7c8 <UART_WriteUInt16>
    UART_WriteString(" deg\r\n");
     8d8:	80 ed       	ldi	r24, 0xD0	; 208
     8da:	94 e0       	ldi	r25, 0x04	; 4
     8dc:	0e 94 94 03 	call	0x728	; 0x728 <UART_WriteString>
}
     8e0:	df 91       	pop	r29
     8e2:	cf 91       	pop	r28
     8e4:	1f 91       	pop	r17
     8e6:	0f 91       	pop	r16
     8e8:	08 95       	ret

000008ea <Master_PrintSlave2Reading>:
static void Master_PrintSlave2Reading(
    uint8_t status,
    uint8_t infrared_level,
    uint8_t stepper_running,
    uint8_t stepper_direction)
{
     8ea:	0f 93       	push	r16
     8ec:	1f 93       	push	r17
     8ee:	cf 93       	push	r28
     8f0:	df 93       	push	r29
     8f2:	c8 2f       	mov	r28, r24
     8f4:	d6 2f       	mov	r29, r22
     8f6:	14 2f       	mov	r17, r20
     8f8:	02 2f       	mov	r16, r18
    UART_WriteString("Slave2 IR: ");
     8fa:	87 e4       	ldi	r24, 0x47	; 71
     8fc:	92 e0       	ldi	r25, 0x02	; 2
     8fe:	0e 94 94 03 	call	0x728	; 0x728 <UART_WriteString>

    if ((status & SLAVE2_STATUS_IR_OK) != 0U)
     902:	c0 ff       	sbrs	r28, 0
     904:	18 c0       	rjmp	.+48     	; 0x936 <__stack+0x37>
    {
        if (infrared_level == 0U)
     906:	d1 11       	cpse	r29, r1
     908:	05 c0       	rjmp	.+10     	; 0x914 <__stack+0x15>
        {
            UART_WriteString("objeto detectado");
     90a:	83 e5       	ldi	r24, 0x53	; 83
     90c:	92 e0       	ldi	r25, 0x02	; 2
     90e:	0e 94 94 03 	call	0x728	; 0x728 <UART_WriteString>
     912:	04 c0       	rjmp	.+8      	; 0x91c <__stack+0x1d>
        }
        else
        {
            UART_WriteString("libre");
     914:	84 e6       	ldi	r24, 0x64	; 100
     916:	92 e0       	ldi	r25, 0x02	; 2
     918:	0e 94 94 03 	call	0x728	; 0x728 <UART_WriteString>
        }

        UART_WriteString(" (nivel ");
     91c:	8a e6       	ldi	r24, 0x6A	; 106
     91e:	92 e0       	ldi	r25, 0x02	; 2
     920:	0e 94 94 03 	call	0x728	; 0x728 <UART_WriteString>
        UART_WriteUInt16((uint16_t)infrared_level);
     924:	8d 2f       	mov	r24, r29
     926:	90 e0       	ldi	r25, 0x00	; 0
     928:	0e 94 e4 03 	call	0x7c8	; 0x7c8 <UART_WriteUInt16>
        UART_WriteString(")");
     92c:	84 e3       	ldi	r24, 0x34	; 52
     92e:	92 e0       	ldi	r25, 0x02	; 2
     930:	0e 94 94 03 	call	0x728	; 0x728 <UART_WriteString>
     934:	04 c0       	rjmp	.+8      	; 0x93e <__stack+0x3f>
    }
    else
    {
        UART_WriteString("no inicializado");
     936:	83 e7       	ldi	r24, 0x73	; 115
     938:	92 e0       	ldi	r25, 0x02	; 2
     93a:	0e 94 94 03 	call	0x728	; 0x728 <UART_WriteString>
    }

    UART_WriteString(", stepper: ");
     93e:	83 e8       	ldi	r24, 0x83	; 131
     940:	92 e0       	ldi	r25, 0x02	; 2
     942:	0e 94 94 03 	call	0x728	; 0x728 <UART_WriteString>

    if ((status & SLAVE2_STATUS_STEPPER_OK) == 0U)
     946:	c1 fd       	sbrc	r28, 1
     948:	05 c0       	rjmp	.+10     	; 0x954 <__stack+0x55>
    {
        UART_WriteString("no inicializado");
     94a:	83 e7       	ldi	r24, 0x73	; 115
     94c:	92 e0       	ldi	r25, 0x02	; 2
     94e:	0e 94 94 03 	call	0x728	; 0x728 <UART_WriteString>
     952:	12 c0       	rjmp	.+36     	; 0x978 <__stack+0x79>
    }
    else if (stepper_running == 0U)
     954:	11 11       	cpse	r17, r1
     956:	05 c0       	rjmp	.+10     	; 0x962 <__stack+0x63>
    {
        UART_WriteString("detenido");
     958:	8f e8       	ldi	r24, 0x8F	; 143
     95a:	92 e0       	ldi	r25, 0x02	; 2
     95c:	0e 94 94 03 	call	0x728	; 0x728 <UART_WriteString>
     960:	0b c0       	rjmp	.+22     	; 0x978 <__stack+0x79>
    }
    else if (stepper_direction == SLAVE2_STEPPER_FORWARD)
     962:	01 30       	cpi	r16, 0x01	; 1
     964:	29 f4       	brne	.+10     	; 0x970 <__stack+0x71>
    {
        UART_WriteString("adelante");
     966:	88 e9       	ldi	r24, 0x98	; 152
     968:	92 e0       	ldi	r25, 0x02	; 2
     96a:	0e 94 94 03 	call	0x728	; 0x728 <UART_WriteString>
     96e:	04 c0       	rjmp	.+8      	; 0x978 <__stack+0x79>
    }
    else
    {
        UART_WriteString("atras");
     970:	81 ea       	ldi	r24, 0xA1	; 161
     972:	92 e0       	ldi	r25, 0x02	; 2
     974:	0e 94 94 03 	call	0x728	; 0x728 <UART_WriteString>
    }

    UART_WriteString("\r\n");
     978:	83 ec       	ldi	r24, 0xC3	; 195
     97a:	92 e0       	ldi	r25, 0x02	; 2
     97c:	0e 94 94 03 	call	0x728	; 0x728 <UART_WriteString>
}
     980:	df 91       	pop	r29
     982:	cf 91       	pop	r28
     984:	1f 91       	pop	r17
     986:	0f 91       	pop	r16
     988:	08 95       	ret

0000098a <UART_WriteHexNibble>:
}


void UART_WriteHexNibble(uint8_t value)
{
    value &= 0x0FU;
     98a:	8f 70       	andi	r24, 0x0F	; 15

    if (value < 10U)
     98c:	8a 30       	cpi	r24, 0x0A	; 10
     98e:	20 f4       	brcc	.+8      	; 0x998 <UART_WriteHexNibble+0xe>
    {
        UART_WriteChar((char)('0' + value));
     990:	80 5d       	subi	r24, 0xD0	; 208
     992:	0e 94 8d 03 	call	0x71a	; 0x71a <UART_WriteChar>
     996:	08 95       	ret
    }
    else
    {
        UART_WriteChar((char)('A' + (value - 10U)));
     998:	89 5c       	subi	r24, 0xC9	; 201
     99a:	0e 94 8d 03 	call	0x71a	; 0x71a <UART_WriteChar>
     99e:	08 95       	ret

000009a0 <UART_WriteHexByte>:
    }
}


void UART_WriteHexByte(uint8_t value)
{
     9a0:	cf 93       	push	r28
     9a2:	c8 2f       	mov	r28, r24
    UART_WriteString("0x");
     9a4:	87 ea       	ldi	r24, 0xA7	; 167
     9a6:	92 e0       	ldi	r25, 0x02	; 2
     9a8:	0e 94 94 03 	call	0x728	; 0x728 <UART_WriteString>
    UART_WriteHexNibble((uint8_t)(value >> 4));
     9ac:	8c 2f       	mov	r24, r28
     9ae:	82 95       	swap	r24
     9b0:	8f 70       	andi	r24, 0x0F	; 15
     9b2:	0e 94 c5 04 	call	0x98a	; 0x98a <UART_WriteHexNibble>
    UART_WriteHexNibble(value);
     9b6:	8c 2f       	mov	r24, r28
     9b8:	0e 94 c5 04 	call	0x98a	; 0x98a <UART_WriteHexNibble>
}
     9bc:	cf 91       	pop	r28
     9be:	08 95       	ret

000009c0 <Master_PrintI2CPing>:


static void Master_PrintI2CPing(
    const char *name,
    uint8_t address)
{
     9c0:	cf 93       	push	r28
     9c2:	c6 2f       	mov	r28, r22
    UART_WriteString(name);
     9c4:	0e 94 94 03 	call	0x728	; 0x728 <UART_WriteString>
    UART_WriteString(" ");
     9c8:	84 e2       	ldi	r24, 0x24	; 36
     9ca:	92 e0       	ldi	r25, 0x02	; 2
     9cc:	0e 94 94 03 	call	0x728	; 0x728 <UART_WriteString>
    UART_WriteHexByte(address);
     9d0:	8c 2f       	mov	r24, r28
     9d2:	0e 94 d0 04 	call	0x9a0	; 0x9a0 <UART_WriteHexByte>
    UART_WriteString(": ");
     9d6:	83 e2       	ldi	r24, 0x23	; 35
     9d8:	92 e0       	ldi	r25, 0x02	; 2
     9da:	0e 94 94 03 	call	0x728	; 0x728 <UART_WriteString>

    if (Master_I2C_Ping(address))
     9de:	8c 2f       	mov	r24, r28
     9e0:	0e 94 a0 02 	call	0x540	; 0x540 <Master_I2C_Ping>
     9e4:	88 23       	and	r24, r24
     9e6:	29 f0       	breq	.+10     	; 0x9f2 <Master_PrintI2CPing+0x32>
    {
        UART_WriteString("OK");
     9e8:	8a ea       	ldi	r24, 0xAA	; 170
     9ea:	92 e0       	ldi	r25, 0x02	; 2
     9ec:	0e 94 94 03 	call	0x728	; 0x728 <UART_WriteString>
     9f0:	04 c0       	rjmp	.+8      	; 0x9fa <Master_PrintI2CPing+0x3a>
    }
    else
    {
        UART_WriteString("sin respuesta");
     9f2:	8d ea       	ldi	r24, 0xAD	; 173
     9f4:	92 e0       	ldi	r25, 0x02	; 2
     9f6:	0e 94 94 03 	call	0x728	; 0x728 <UART_WriteString>
    }

    UART_WriteString(" (TWI ");
     9fa:	8b eb       	ldi	r24, 0xBB	; 187
     9fc:	92 e0       	ldi	r25, 0x02	; 2
     9fe:	0e 94 94 03 	call	0x728	; 0x728 <UART_WriteString>
    UART_WriteHexByte(I2C_Master_GetLastStatus());
     a02:	0e 94 b7 00 	call	0x16e	; 0x16e <I2C_Master_GetLastStatus>
     a06:	0e 94 d0 04 	call	0x9a0	; 0x9a0 <UART_WriteHexByte>
    UART_WriteString(")\r\n");
     a0a:	82 ec       	ldi	r24, 0xC2	; 194
     a0c:	92 e0       	ldi	r25, 0x02	; 2
     a0e:	0e 94 94 03 	call	0x728	; 0x728 <UART_WriteString>
}
     a12:	cf 91       	pop	r28
     a14:	08 95       	ret

00000a16 <Master_PrintSlaveStatus>:
}


static void Master_PrintSlaveStatus(void)
{
    UART_WriteString("Confirmando dispositivos por I2C...\r\n");
     a16:	86 ec       	ldi	r24, 0xC6	; 198
     a18:	92 e0       	ldi	r25, 0x02	; 2
     a1a:	0e 94 94 03 	call	0x728	; 0x728 <UART_WriteString>
    Master_PrintI2CPing("Slave1", SLAVE1_I2C_ADDRESS);
     a1e:	61 e1       	ldi	r22, 0x11	; 17
     a20:	8c ee       	ldi	r24, 0xEC	; 236
     a22:	92 e0       	ldi	r25, 0x02	; 2
     a24:	0e 94 e0 04 	call	0x9c0	; 0x9c0 <Master_PrintI2CPing>
    Master_PrintI2CPing("Slave2", SLAVE2_I2C_ADDRESS);
     a28:	62 e1       	ldi	r22, 0x12	; 18
     a2a:	83 ef       	ldi	r24, 0xF3	; 243
     a2c:	92 e0       	ldi	r25, 0x02	; 2
     a2e:	0e 94 e0 04 	call	0x9c0	; 0x9c0 <Master_PrintI2CPing>
    Master_PrintI2CPing("VL53L0X", VL53L0X_DEFAULT_ADDRESS);
     a32:	69 e2       	ldi	r22, 0x29	; 41
     a34:	8a ef       	ldi	r24, 0xFA	; 250
     a36:	92 e0       	ldi	r25, 0x02	; 2
     a38:	0e 94 e0 04 	call	0x9c0	; 0x9c0 <Master_PrintI2CPing>
     a3c:	08 95       	ret

00000a3e <Master_ScanI2CBus>:
    UART_WriteString(")\r\n");
}


static void Master_ScanI2CBus(void)
{
     a3e:	cf 93       	push	r28
     a40:	df 93       	push	r29
    uint8_t address;
    uint8_t found = 0U;

    UART_WriteString("Escaneo I2C 0x08-0x77:\r\n");
     a42:	82 e0       	ldi	r24, 0x02	; 2
     a44:	93 e0       	ldi	r25, 0x03	; 3
     a46:	0e 94 94 03 	call	0x728	; 0x728 <UART_WriteString>


static void Master_ScanI2CBus(void)
{
    uint8_t address;
    uint8_t found = 0U;
     a4a:	d0 e0       	ldi	r29, 0x00	; 0

    UART_WriteString("Escaneo I2C 0x08-0x77:\r\n");

    for (address = 0x08U; address <= 0x77U; address++)
     a4c:	c8 e0       	ldi	r28, 0x08	; 8
     a4e:	1a c0       	rjmp	.+52     	; 0xa84 <Master_ScanI2CBus+0x46>
    {
        if (Master_I2C_Ping(address))
     a50:	8c 2f       	mov	r24, r28
     a52:	0e 94 a0 02 	call	0x540	; 0x540 <Master_I2C_Ping>
     a56:	88 23       	and	r24, r24
     a58:	a1 f0       	breq	.+40     	; 0xa82 <Master_ScanI2CBus+0x44>
        {
            UART_WriteString("  encontrado ");
     a5a:	8b e1       	ldi	r24, 0x1B	; 27
     a5c:	93 e0       	ldi	r25, 0x03	; 3
     a5e:	0e 94 94 03 	call	0x728	; 0x728 <UART_WriteString>
            UART_WriteHexByte(address);
     a62:	8c 2f       	mov	r24, r28
     a64:	0e 94 d0 04 	call	0x9a0	; 0x9a0 <UART_WriteHexByte>
            UART_WriteString(" (TWI ");
     a68:	8b eb       	ldi	r24, 0xBB	; 187
     a6a:	92 e0       	ldi	r25, 0x02	; 2
     a6c:	0e 94 94 03 	call	0x728	; 0x728 <UART_WriteString>
            UART_WriteHexByte(I2C_Master_GetLastStatus());
     a70:	0e 94 b7 00 	call	0x16e	; 0x16e <I2C_Master_GetLastStatus>
     a74:	0e 94 d0 04 	call	0x9a0	; 0x9a0 <UART_WriteHexByte>
            UART_WriteString(")\r\n");
     a78:	82 ec       	ldi	r24, 0xC2	; 194
     a7a:	92 e0       	ldi	r25, 0x02	; 2
     a7c:	0e 94 94 03 	call	0x728	; 0x728 <UART_WriteString>
            found = 1U;
     a80:	d1 e0       	ldi	r29, 0x01	; 1
    uint8_t address;
    uint8_t found = 0U;

    UART_WriteString("Escaneo I2C 0x08-0x77:\r\n");

    for (address = 0x08U; address <= 0x77U; address++)
     a82:	cf 5f       	subi	r28, 0xFF	; 255
     a84:	c8 37       	cpi	r28, 0x78	; 120
     a86:	20 f3       	brcs	.-56     	; 0xa50 <Master_ScanI2CBus+0x12>
            UART_WriteString(")\r\n");
            found = 1U;
        }
    }

    if (found == 0U)
     a88:	d1 11       	cpse	r29, r1
     a8a:	04 c0       	rjmp	.+8      	; 0xa94 <Master_ScanI2CBus+0x56>
    {
        UART_WriteString("  ninguna direccion respondio\r\n");
     a8c:	89 e2       	ldi	r24, 0x29	; 41
     a8e:	93 e0       	ldi	r25, 0x03	; 3
     a90:	0e 94 94 03 	call	0x728	; 0x728 <UART_WriteString>
    }
}
     a94:	df 91       	pop	r29
     a96:	cf 91       	pop	r28
     a98:	08 95       	ret

00000a9a <main>:
/******************************************************************************
 * MAIN
 ******************************************************************************/

int main(void)
{
     a9a:	cf 93       	push	r28
     a9c:	df 93       	push	r29
     a9e:	cd b7       	in	r28, 0x3d	; 61
     aa0:	de b7       	in	r29, 0x3e	; 62
     aa2:	6f 97       	sbiw	r28, 0x1f	; 31
     aa4:	0f b6       	in	r0, 0x3f	; 63
     aa6:	f8 94       	cli
     aa8:	de bf       	out	0x3e, r29	; 62
     aaa:	0f be       	out	0x3f, r0	; 63
     aac:	cd bf       	out	0x3d, r28	; 61
    VL53L0X_t tof;

    uint16_t distancia_mm = 0;
     aae:	1f 8a       	std	Y+23, r1	; 0x17
     ab0:	1e 8a       	std	Y+22, r1	; 0x16
    VL53L0X_Status_t estado;
    uint16_t slave1_echo_us = SLAVE1_HCSR04_INVALID_US;
     ab2:	8f ef       	ldi	r24, 0xFF	; 255
     ab4:	9f ef       	ldi	r25, 0xFF	; 255
     ab6:	99 8f       	std	Y+25, r25	; 0x19
     ab8:	88 8f       	std	Y+24, r24	; 0x18
    uint16_t slave1_last_echo_us = SLAVE1_HCSR04_INVALID_US;
    uint8_t slave1_status = 0U;
     aba:	1a 8e       	std	Y+26, r1	; 0x1a
    uint8_t slave1_servo_angle = 0U;
     abc:	1b 8e       	std	Y+27, r1	; 0x1b
    uint8_t slave1_last_status = 0U;
    uint8_t slave1_last_servo_angle = 0U;
    uint8_t slave1_has_last_response = 0U;
    uint8_t slave2_status = 0U;
     abe:	1c 8e       	std	Y+28, r1	; 0x1c
    uint8_t slave2_infrared_level = 1U;
     ac0:	81 e0       	ldi	r24, 0x01	; 1
     ac2:	8d 8f       	std	Y+29, r24	; 0x1d
    uint8_t slave2_stepper_running = 0U;
     ac4:	1e 8e       	std	Y+30, r1	; 0x1e
    uint8_t slave2_stepper_direction = SLAVE2_STEPPER_FORWARD;
     ac6:	8f 8f       	std	Y+31, r24	; 0x1f


    /**************************************************************************
     * Inicializar UART
     **************************************************************************/
    UART_Init();
     ac8:	0e 94 81 03 	call	0x702	; 0x702 <UART_Init>

    UART_WriteString("\r\n");
     acc:	83 ec       	ldi	r24, 0xC3	; 195
     ace:	92 e0       	ldi	r25, 0x02	; 2
     ad0:	0e 94 94 03 	call	0x728	; 0x728 <UART_WriteString>
    UART_WriteString("MASTER12C listo.\r\n");
     ad4:	89 e4       	ldi	r24, 0x49	; 73
     ad6:	93 e0       	ldi	r25, 0x03	; 3
     ad8:	0e 94 94 03 	call	0x728	; 0x728 <UART_WriteString>

    initLCD8bits();
     adc:	0e 94 24 02 	call	0x448	; 0x448 <initLCD8bits>
    LCD_Set_Cursor(1U, 1U);
     ae0:	61 e0       	ldi	r22, 0x01	; 1
     ae2:	81 e0       	ldi	r24, 0x01	; 1
     ae4:	0e 94 10 02 	call	0x420	; 0x420 <LCD_Set_Cursor>
    LCD_Write_String("conectado");
     ae8:	8c e5       	ldi	r24, 0x5C	; 92
     aea:	93 e0       	ldi	r25, 0x03	; 3
     aec:	0e 94 03 02 	call	0x406	; 0x406 <LCD_Write_String>
     * Inicializar I2C Master
     *
     * SCL = 100 kHz
     * Prescaler = 1
     **************************************************************************/
    I2C_Master_Init(100000UL, 1U);
     af0:	41 e0       	ldi	r20, 0x01	; 1
     af2:	60 ea       	ldi	r22, 0xA0	; 160
     af4:	76 e8       	ldi	r23, 0x86	; 134
     af6:	81 e0       	ldi	r24, 0x01	; 1
     af8:	90 e0       	ldi	r25, 0x00	; 0
     afa:	0e 94 ba 00 	call	0x174	; 0x174 <I2C_Master_Init>


    /**************************************************************************
     * Crear objeto VL53L0X
     **************************************************************************/
    VL53L0X_ObjectInit(&tof);
     afe:	ce 01       	movw	r24, r28
     b00:	01 96       	adiw	r24, 0x01	; 1
     b02:	0e 94 c8 0b 	call	0x1790	; 0x1790 <VL53L0X_ObjectInit>
        &PIND,
        PD2);
    */


    Master_PrintSlaveStatus();
     b06:	0e 94 0b 05 	call	0xa16	; 0xa16 <Master_PrintSlaveStatus>
    Master_ScanI2CBus();
     b0a:	0e 94 1f 05 	call	0xa3e	; 0xa3e <Master_ScanI2CBus>
    UART_WriteString("-------------------------\r\n");
     b0e:	86 e6       	ldi	r24, 0x66	; 102
     b10:	93 e0       	ldi	r25, 0x03	; 3
     b12:	0e 94 94 03 	call	0x728	; 0x728 <UART_WriteString>
    uint8_t slave2_last_status = 0U;
    uint8_t slave2_last_infrared_level = 1U;
    uint8_t slave2_last_stepper_running = 0U;
    uint8_t slave2_last_stepper_direction = SLAVE2_STEPPER_FORWARD;
    uint8_t slave2_has_last_response = 0U;
    uint8_t vl53_initialized = 0U;
     b16:	c1 2c       	mov	r12, r1
    uint8_t slave2_stepper_direction = SLAVE2_STEPPER_FORWARD;
    uint8_t slave2_last_status = 0U;
    uint8_t slave2_last_infrared_level = 1U;
    uint8_t slave2_last_stepper_running = 0U;
    uint8_t slave2_last_stepper_direction = SLAVE2_STEPPER_FORWARD;
    uint8_t slave2_has_last_response = 0U;
     b18:	61 2c       	mov	r6, r1
    uint8_t slave2_stepper_running = 0U;
    uint8_t slave2_stepper_direction = SLAVE2_STEPPER_FORWARD;
    uint8_t slave2_last_status = 0U;
    uint8_t slave2_last_infrared_level = 1U;
    uint8_t slave2_last_stepper_running = 0U;
    uint8_t slave2_last_stepper_direction = SLAVE2_STEPPER_FORWARD;
     b1a:	77 24       	eor	r7, r7
     b1c:	73 94       	inc	r7
    uint8_t slave2_infrared_level = 1U;
    uint8_t slave2_stepper_running = 0U;
    uint8_t slave2_stepper_direction = SLAVE2_STEPPER_FORWARD;
    uint8_t slave2_last_status = 0U;
    uint8_t slave2_last_infrared_level = 1U;
    uint8_t slave2_last_stepper_running = 0U;
     b1e:	81 2c       	mov	r8, r1
    uint8_t slave2_status = 0U;
    uint8_t slave2_infrared_level = 1U;
    uint8_t slave2_stepper_running = 0U;
    uint8_t slave2_stepper_direction = SLAVE2_STEPPER_FORWARD;
    uint8_t slave2_last_status = 0U;
    uint8_t slave2_last_infrared_level = 1U;
     b20:	99 24       	eor	r9, r9
     b22:	93 94       	inc	r9
    uint8_t slave1_has_last_response = 0U;
    uint8_t slave2_status = 0U;
    uint8_t slave2_infrared_level = 1U;
    uint8_t slave2_stepper_running = 0U;
    uint8_t slave2_stepper_direction = SLAVE2_STEPPER_FORWARD;
    uint8_t slave2_last_status = 0U;
     b24:	a1 2c       	mov	r10, r1
    uint16_t slave1_last_echo_us = SLAVE1_HCSR04_INVALID_US;
    uint8_t slave1_status = 0U;
    uint8_t slave1_servo_angle = 0U;
    uint8_t slave1_last_status = 0U;
    uint8_t slave1_last_servo_angle = 0U;
    uint8_t slave1_has_last_response = 0U;
     b26:	b1 2c       	mov	r11, r1
    uint16_t slave1_echo_us = SLAVE1_HCSR04_INVALID_US;
    uint16_t slave1_last_echo_us = SLAVE1_HCSR04_INVALID_US;
    uint8_t slave1_status = 0U;
    uint8_t slave1_servo_angle = 0U;
    uint8_t slave1_last_status = 0U;
    uint8_t slave1_last_servo_angle = 0U;
     b28:	d1 2c       	mov	r13, r1
    VL53L0X_Status_t estado;
    uint16_t slave1_echo_us = SLAVE1_HCSR04_INVALID_US;
    uint16_t slave1_last_echo_us = SLAVE1_HCSR04_INVALID_US;
    uint8_t slave1_status = 0U;
    uint8_t slave1_servo_angle = 0U;
    uint8_t slave1_last_status = 0U;
     b2a:	00 e0       	ldi	r16, 0x00	; 0
    VL53L0X_t tof;

    uint16_t distancia_mm = 0;
    VL53L0X_Status_t estado;
    uint16_t slave1_echo_us = SLAVE1_HCSR04_INVALID_US;
    uint16_t slave1_last_echo_us = SLAVE1_HCSR04_INVALID_US;
     b2c:	ee 24       	eor	r14, r14
     b2e:	ea 94       	dec	r14
     b30:	fe 2c       	mov	r15, r14
    /**************************************************************************
     * Loop principal
     **************************************************************************/
    while (1)
    {
        Master_PrintMenu();
     b32:	0e 94 a1 03 	call	0x742	; 0x742 <Master_PrintMenu>
        command = UART_ReadCharBlocking();
     b36:	0e 94 dd 03 	call	0x7ba	; 0x7ba <UART_ReadCharBlocking>
     b3a:	18 2f       	mov	r17, r24
        UART_WriteChar(command);
     b3c:	0e 94 8d 03 	call	0x71a	; 0x71a <UART_WriteChar>
        UART_WriteString("\r\n");
     b40:	83 ec       	ldi	r24, 0xC3	; 195
     b42:	92 e0       	ldi	r25, 0x02	; 2
     b44:	0e 94 94 03 	call	0x728	; 0x728 <UART_WriteString>

        if ((command == 'h') || (command == 'H'))
     b48:	18 36       	cpi	r17, 0x68	; 104
     b4a:	11 f0       	breq	.+4      	; 0xb50 <main+0xb6>
     b4c:	18 34       	cpi	r17, 0x48	; 72
     b4e:	41 f5       	brne	.+80     	; 0xba0 <main+0x106>
        {
            if (Master_ReadSlave1(
     b50:	ae 01       	movw	r20, r28
     b52:	45 5e       	subi	r20, 0xE5	; 229
     b54:	5f 4f       	sbci	r21, 0xFF	; 255
     b56:	be 01       	movw	r22, r28
     b58:	68 5e       	subi	r22, 0xE8	; 232
     b5a:	7f 4f       	sbci	r23, 0xFF	; 255
     b5c:	ce 01       	movw	r24, r28
     b5e:	4a 96       	adiw	r24, 0x1a	; 26
     b60:	0e 94 f4 02 	call	0x5e8	; 0x5e8 <Master_ReadSlave1>
     b64:	88 23       	and	r24, r24
     b66:	61 f0       	breq	.+24     	; 0xb80 <main+0xe6>
                    &slave1_status,
                    &slave1_echo_us,
                    &slave1_servo_angle))
            {
                slave1_last_status = slave1_status;
     b68:	0a 8d       	ldd	r16, Y+26	; 0x1a
                slave1_last_echo_us = slave1_echo_us;
     b6a:	e8 8c       	ldd	r14, Y+24	; 0x18
     b6c:	f9 8c       	ldd	r15, Y+25	; 0x19
                slave1_last_servo_angle = slave1_servo_angle;
     b6e:	db 8c       	ldd	r13, Y+27	; 0x1b
                slave1_has_last_response = 1U;

                Master_PrintSlave1Reading(
     b70:	4d 2d       	mov	r20, r13
     b72:	b7 01       	movw	r22, r14
     b74:	80 2f       	mov	r24, r16
     b76:	0e 94 3e 04 	call	0x87c	; 0x87c <Master_PrintSlave1Reading>
                    &slave1_servo_angle))
            {
                slave1_last_status = slave1_status;
                slave1_last_echo_us = slave1_echo_us;
                slave1_last_servo_angle = slave1_servo_angle;
                slave1_has_last_response = 1U;
     b7a:	bb 24       	eor	r11, r11
     b7c:	b3 94       	inc	r11
     b7e:	d9 cf       	rjmp	.-78     	; 0xb32 <main+0x98>
                    slave1_echo_us,
                    slave1_servo_angle);
            }
            else
            {
                UART_WriteString("Slave1: sin respuesta I2C\r\n");
     b80:	82 e8       	ldi	r24, 0x82	; 130
     b82:	93 e0       	ldi	r25, 0x03	; 3
     b84:	0e 94 94 03 	call	0x728	; 0x728 <UART_WriteString>

                if (slave1_has_last_response != 0U)
     b88:	bb 20       	and	r11, r11
     b8a:	99 f2       	breq	.-90     	; 0xb32 <main+0x98>
                {
                    UART_WriteString("Ultima respuesta valida -> ");
     b8c:	8e e9       	ldi	r24, 0x9E	; 158
     b8e:	93 e0       	ldi	r25, 0x03	; 3
     b90:	0e 94 94 03 	call	0x728	; 0x728 <UART_WriteString>
                    Master_PrintSlave1Reading(
     b94:	4d 2d       	mov	r20, r13
     b96:	b7 01       	movw	r22, r14
     b98:	80 2f       	mov	r24, r16
     b9a:	0e 94 3e 04 	call	0x87c	; 0x87c <Master_PrintSlave1Reading>
     b9e:	c9 cf       	rjmp	.-110    	; 0xb32 <main+0x98>
                        slave1_last_echo_us,
                        slave1_last_servo_angle);
                }
            }
        }
        else if ((command == 'i') || (command == 'I'))
     ba0:	19 36       	cpi	r17, 0x69	; 105
     ba2:	11 f0       	breq	.+4      	; 0xba8 <main+0x10e>
     ba4:	19 34       	cpi	r17, 0x49	; 73
     ba6:	71 f5       	brne	.+92     	; 0xc04 <main+0x16a>
        {
            if (Master_ReadSlave2(
     ba8:	9e 01       	movw	r18, r28
     baa:	21 5e       	subi	r18, 0xE1	; 225
     bac:	3f 4f       	sbci	r19, 0xFF	; 255
     bae:	ae 01       	movw	r20, r28
     bb0:	42 5e       	subi	r20, 0xE2	; 226
     bb2:	5f 4f       	sbci	r21, 0xFF	; 255
     bb4:	be 01       	movw	r22, r28
     bb6:	63 5e       	subi	r22, 0xE3	; 227
     bb8:	7f 4f       	sbci	r23, 0xFF	; 255
     bba:	ce 01       	movw	r24, r28
     bbc:	4c 96       	adiw	r24, 0x1c	; 28
     bbe:	0e 94 37 03 	call	0x66e	; 0x66e <Master_ReadSlave2>
     bc2:	88 23       	and	r24, r24
     bc4:	69 f0       	breq	.+26     	; 0xbe0 <main+0x146>
                    &slave2_status,
                    &slave2_infrared_level,
                    &slave2_stepper_running,
                    &slave2_stepper_direction))
            {
                slave2_last_status = slave2_status;
     bc6:	ac 8c       	ldd	r10, Y+28	; 0x1c
                slave2_last_infrared_level = slave2_infrared_level;
     bc8:	9d 8c       	ldd	r9, Y+29	; 0x1d
                slave2_last_stepper_running = slave2_stepper_running;
     bca:	8e 8c       	ldd	r8, Y+30	; 0x1e
                slave2_last_stepper_direction = slave2_stepper_direction;
     bcc:	7f 8c       	ldd	r7, Y+31	; 0x1f
                slave2_has_last_response = 1U;

                Master_PrintSlave2Reading(
     bce:	27 2d       	mov	r18, r7
     bd0:	48 2d       	mov	r20, r8
     bd2:	69 2d       	mov	r22, r9
     bd4:	8a 2d       	mov	r24, r10
     bd6:	0e 94 75 04 	call	0x8ea	; 0x8ea <Master_PrintSlave2Reading>
            {
                slave2_last_status = slave2_status;
                slave2_last_infrared_level = slave2_infrared_level;
                slave2_last_stepper_running = slave2_stepper_running;
                slave2_last_stepper_direction = slave2_stepper_direction;
                slave2_has_last_response = 1U;
     bda:	66 24       	eor	r6, r6
     bdc:	63 94       	inc	r6
     bde:	a9 cf       	rjmp	.-174    	; 0xb32 <main+0x98>
                    slave2_stepper_running,
                    slave2_stepper_direction);
            }
            else
            {
                UART_WriteString("Slave2: sin respuesta I2C\r\n");
     be0:	8a eb       	ldi	r24, 0xBA	; 186
     be2:	93 e0       	ldi	r25, 0x03	; 3
     be4:	0e 94 94 03 	call	0x728	; 0x728 <UART_WriteString>

                if (slave2_has_last_response != 0U)
     be8:	66 20       	and	r6, r6
     bea:	09 f4       	brne	.+2      	; 0xbee <main+0x154>
     bec:	a2 cf       	rjmp	.-188    	; 0xb32 <main+0x98>
                {
                    UART_WriteString("Ultima respuesta valida -> ");
     bee:	8e e9       	ldi	r24, 0x9E	; 158
     bf0:	93 e0       	ldi	r25, 0x03	; 3
     bf2:	0e 94 94 03 	call	0x728	; 0x728 <UART_WriteString>
                    Master_PrintSlave2Reading(
     bf6:	27 2d       	mov	r18, r7
     bf8:	48 2d       	mov	r20, r8
     bfa:	69 2d       	mov	r22, r9
     bfc:	8a 2d       	mov	r24, r10
     bfe:	0e 94 75 04 	call	0x8ea	; 0x8ea <Master_PrintSlave2Reading>
     c02:	97 cf       	rjmp	.-210    	; 0xb32 <main+0x98>
                        slave2_last_stepper_running,
                        slave2_last_stepper_direction);
                }
            }
        }
        else if ((command == 'v') || (command == 'V'))
     c04:	16 37       	cpi	r17, 0x76	; 118
     c06:	19 f0       	breq	.+6      	; 0xc0e <main+0x174>
     c08:	16 35       	cpi	r17, 0x56	; 86
     c0a:	09 f0       	breq	.+2      	; 0xc0e <main+0x174>
     c0c:	4b c0       	rjmp	.+150    	; 0xca4 <main+0x20a>
        {
            if (vl53_initialized == 0U)
     c0e:	c1 10       	cpse	r12, r1
     c10:	22 c0       	rjmp	.+68     	; 0xc56 <main+0x1bc>
            {
                UART_WriteString("Inicializando VL53L0X...\r\n");
     c12:	86 ed       	ldi	r24, 0xD6	; 214
     c14:	93 e0       	ldi	r25, 0x03	; 3
     c16:	0e 94 94 03 	call	0x728	; 0x728 <UART_WriteString>
                VL53L0X_ObjectInit(&tof);
     c1a:	ce 01       	movw	r24, r28
     c1c:	01 96       	adiw	r24, 0x01	; 1
     c1e:	0e 94 c8 0b 	call	0x1790	; 0x1790 <VL53L0X_ObjectInit>
                estado = VL53L0X_Init(&tof);
     c22:	ce 01       	movw	r24, r28
     c24:	01 96       	adiw	r24, 0x01	; 1
     c26:	0e 94 3b 0c 	call	0x1876	; 0x1876 <VL53L0X_Init>
     c2a:	18 2f       	mov	r17, r24

                if (estado == VL53L0X_OK)
     c2c:	81 11       	cpse	r24, r1
     c2e:	07 c0       	rjmp	.+14     	; 0xc3e <main+0x1a4>
                {
                    vl53_initialized = 1U;
                    UART_WriteString("VL53L0X listo.\r\n");
     c30:	81 ef       	ldi	r24, 0xF1	; 241
     c32:	93 e0       	ldi	r25, 0x03	; 3
     c34:	0e 94 94 03 	call	0x728	; 0x728 <UART_WriteString>
                VL53L0X_ObjectInit(&tof);
                estado = VL53L0X_Init(&tof);

                if (estado == VL53L0X_OK)
                {
                    vl53_initialized = 1U;
     c38:	cc 24       	eor	r12, r12
     c3a:	c3 94       	inc	r12
     c3c:	0c c0       	rjmp	.+24     	; 0xc56 <main+0x1bc>
                    UART_WriteString("VL53L0X listo.\r\n");
                }
                else
                {
                    UART_WriteString("ERROR: no se pudo inicializar el VL53L0X. Codigo: ");
     c3e:	82 e0       	ldi	r24, 0x02	; 2
     c40:	94 e0       	ldi	r25, 0x04	; 4
     c42:	0e 94 94 03 	call	0x728	; 0x728 <UART_WriteString>
                    UART_WriteUInt16((uint16_t)estado);
     c46:	81 2f       	mov	r24, r17
     c48:	90 e0       	ldi	r25, 0x00	; 0
     c4a:	0e 94 e4 03 	call	0x7c8	; 0x7c8 <UART_WriteUInt16>
                    UART_WriteString("\r\n");
     c4e:	83 ec       	ldi	r24, 0xC3	; 195
     c50:	92 e0       	ldi	r25, 0x02	; 2
     c52:	0e 94 94 03 	call	0x728	; 0x728 <UART_WriteString>
                }
            }

            if (vl53_initialized != 0U)
     c56:	cc 20       	and	r12, r12
     c58:	09 f4       	brne	.+2      	; 0xc5c <main+0x1c2>
     c5a:	6b cf       	rjmp	.-298    	; 0xb32 <main+0x98>
            {
                estado = VL53L0X_ReadDistance(
     c5c:	be 01       	movw	r22, r28
     c5e:	6a 5e       	subi	r22, 0xEA	; 234
     c60:	7f 4f       	sbci	r23, 0xFF	; 255
     c62:	ce 01       	movw	r24, r28
     c64:	01 96       	adiw	r24, 0x01	; 1
     c66:	0e 94 c1 0e 	call	0x1d82	; 0x1d82 <VL53L0X_ReadDistance>
     c6a:	18 2f       	mov	r17, r24
                    &tof,
                    &distancia_mm);

                if (estado == VL53L0X_OK)
     c6c:	81 11       	cpse	r24, r1
     c6e:	0d c0       	rjmp	.+26     	; 0xc8a <main+0x1f0>
                {
                    UART_WriteString("VL53L0X: ");
     c70:	85 e3       	ldi	r24, 0x35	; 53
     c72:	94 e0       	ldi	r25, 0x04	; 4
     c74:	0e 94 94 03 	call	0x728	; 0x728 <UART_WriteString>
                    UART_WriteUInt16(distancia_mm);
     c78:	8e 89       	ldd	r24, Y+22	; 0x16
     c7a:	9f 89       	ldd	r25, Y+23	; 0x17
     c7c:	0e 94 e4 03 	call	0x7c8	; 0x7c8 <UART_WriteUInt16>
                    UART_WriteString(" mm\r\n");
     c80:	8f e3       	ldi	r24, 0x3F	; 63
     c82:	94 e0       	ldi	r25, 0x04	; 4
     c84:	0e 94 94 03 	call	0x728	; 0x728 <UART_WriteString>
     c88:	54 cf       	rjmp	.-344    	; 0xb32 <main+0x98>
                }
                else
                {
                    UART_WriteString("ERROR de lectura VL53L0X. Codigo: ");
     c8a:	85 e4       	ldi	r24, 0x45	; 69
     c8c:	94 e0       	ldi	r25, 0x04	; 4
     c8e:	0e 94 94 03 	call	0x728	; 0x728 <UART_WriteString>
                    UART_WriteUInt16((uint16_t)estado);
     c92:	81 2f       	mov	r24, r17
     c94:	90 e0       	ldi	r25, 0x00	; 0
     c96:	0e 94 e4 03 	call	0x7c8	; 0x7c8 <UART_WriteUInt16>
                    UART_WriteString("\r\n");
     c9a:	83 ec       	ldi	r24, 0xC3	; 195
     c9c:	92 e0       	ldi	r25, 0x02	; 2
     c9e:	0e 94 94 03 	call	0x728	; 0x728 <UART_WriteString>
     ca2:	47 cf       	rjmp	.-370    	; 0xb32 <main+0x98>
                }
            }
        }
        else if (Master_IsOpenCommand(command))
     ca4:	81 2f       	mov	r24, r17
     ca6:	0e 94 5d 02 	call	0x4ba	; 0x4ba <Master_IsOpenCommand>
     caa:	88 23       	and	r24, r24
     cac:	79 f0       	breq	.+30     	; 0xccc <main+0x232>
        {
            if (Master_SendSlave1Command((uint8_t)SLAVE1_CMD_OPEN_SERVO))
     cae:	8f e6       	ldi	r24, 0x6F	; 111
     cb0:	0e 94 96 02 	call	0x52c	; 0x52c <Master_SendSlave1Command>
     cb4:	88 23       	and	r24, r24
     cb6:	29 f0       	breq	.+10     	; 0xcc2 <main+0x228>
            {
                UART_WriteString("Comando Slave1: abrir servo a 90 deg\r\n");
     cb8:	88 e6       	ldi	r24, 0x68	; 104
     cba:	94 e0       	ldi	r25, 0x04	; 4
     cbc:	0e 94 94 03 	call	0x728	; 0x728 <UART_WriteString>
     cc0:	38 cf       	rjmp	.-400    	; 0xb32 <main+0x98>
            }
            else
            {
                UART_WriteString("ERROR I2C enviando abrir servo\r\n");
     cc2:	8f e8       	ldi	r24, 0x8F	; 143
     cc4:	94 e0       	ldi	r25, 0x04	; 4
     cc6:	0e 94 94 03 	call	0x728	; 0x728 <UART_WriteString>
     cca:	33 cf       	rjmp	.-410    	; 0xb32 <main+0x98>
            }
        }
        else if (Master_IsCloseCommand(command))
     ccc:	81 2f       	mov	r24, r17
     cce:	0e 94 67 02 	call	0x4ce	; 0x4ce <Master_IsCloseCommand>
     cd2:	88 23       	and	r24, r24
     cd4:	79 f0       	breq	.+30     	; 0xcf4 <main+0x25a>
        {
            if (Master_SendSlave1Command((uint8_t)SLAVE1_CMD_CLOSE_SERVO))
     cd6:	83 e6       	ldi	r24, 0x63	; 99
     cd8:	0e 94 96 02 	call	0x52c	; 0x52c <Master_SendSlave1Command>
     cdc:	88 23       	and	r24, r24
     cde:	29 f0       	breq	.+10     	; 0xcea <main+0x250>
            {
                UART_WriteString("Comando Slave1: cerrar servo a 0 deg\r\n");
     ce0:	80 eb       	ldi	r24, 0xB0	; 176
     ce2:	94 e0       	ldi	r25, 0x04	; 4
     ce4:	0e 94 94 03 	call	0x728	; 0x728 <UART_WriteString>
     ce8:	24 cf       	rjmp	.-440    	; 0xb32 <main+0x98>
            }
            else
            {
                UART_WriteString("ERROR I2C enviando cerrar servo\r\n");
     cea:	87 ed       	ldi	r24, 0xD7	; 215
     cec:	94 e0       	ldi	r25, 0x04	; 4
     cee:	0e 94 94 03 	call	0x728	; 0x728 <UART_WriteString>
     cf2:	1f cf       	rjmp	.-450    	; 0xb32 <main+0x98>
            }
        }
        else if ((command == SLAVE2_CMD_STEPPER_FORWARD) ||
     cf4:	16 36       	cpi	r17, 0x66	; 102
     cf6:	11 f0       	breq	.+4      	; 0xcfc <main+0x262>
     cf8:	16 34       	cpi	r17, 0x46	; 70
     cfa:	79 f4       	brne	.+30     	; 0xd1a <main+0x280>
                 (command == 'F'))
        {
            if (Master_SendSlave2Command(
     cfc:	86 e6       	ldi	r24, 0x66	; 102
     cfe:	0e 94 9b 02 	call	0x536	; 0x536 <Master_SendSlave2Command>
     d02:	88 23       	and	r24, r24
     d04:	29 f0       	breq	.+10     	; 0xd10 <main+0x276>
                    (uint8_t)SLAVE2_CMD_STEPPER_FORWARD))
            {
                UART_WriteString("Comando Slave2: stepper adelante\r\n");
     d06:	89 ef       	ldi	r24, 0xF9	; 249
     d08:	94 e0       	ldi	r25, 0x04	; 4
     d0a:	0e 94 94 03 	call	0x728	; 0x728 <UART_WriteString>
     d0e:	11 cf       	rjmp	.-478    	; 0xb32 <main+0x98>
            }
            else
            {
                UART_WriteString("ERROR I2C enviando stepper adelante\r\n");
     d10:	8c e1       	ldi	r24, 0x1C	; 28
     d12:	95 e0       	ldi	r25, 0x05	; 5
     d14:	0e 94 94 03 	call	0x728	; 0x728 <UART_WriteString>
     d18:	0c cf       	rjmp	.-488    	; 0xb32 <main+0x98>
            }
        }
        else if ((command == SLAVE2_CMD_STEPPER_REVERSE) ||
     d1a:	12 36       	cpi	r17, 0x62	; 98
     d1c:	11 f0       	breq	.+4      	; 0xd22 <main+0x288>
     d1e:	12 34       	cpi	r17, 0x42	; 66
     d20:	79 f4       	brne	.+30     	; 0xd40 <main+0x2a6>
                 (command == 'B'))
        {
            if (Master_SendSlave2Command(
     d22:	82 e6       	ldi	r24, 0x62	; 98
     d24:	0e 94 9b 02 	call	0x536	; 0x536 <Master_SendSlave2Command>
     d28:	88 23       	and	r24, r24
     d2a:	29 f0       	breq	.+10     	; 0xd36 <main+0x29c>
                    (uint8_t)SLAVE2_CMD_STEPPER_REVERSE))
            {
                UART_WriteString("Comando Slave2: stepper atras\r\n");
     d2c:	82 e4       	ldi	r24, 0x42	; 66
     d2e:	95 e0       	ldi	r25, 0x05	; 5
     d30:	0e 94 94 03 	call	0x728	; 0x728 <UART_WriteString>
     d34:	fe ce       	rjmp	.-516    	; 0xb32 <main+0x98>
            }
            else
            {
                UART_WriteString("ERROR I2C enviando stepper atras\r\n");
     d36:	82 e6       	ldi	r24, 0x62	; 98
     d38:	95 e0       	ldi	r25, 0x05	; 5
     d3a:	0e 94 94 03 	call	0x728	; 0x728 <UART_WriteString>
     d3e:	f9 ce       	rjmp	.-526    	; 0xb32 <main+0x98>
            }
        }
        else if ((command == SLAVE2_CMD_STEPPER_STOP) ||
     d40:	18 37       	cpi	r17, 0x78	; 120
     d42:	11 f0       	breq	.+4      	; 0xd48 <main+0x2ae>
     d44:	18 35       	cpi	r17, 0x58	; 88
     d46:	79 f4       	brne	.+30     	; 0xd66 <main+0x2cc>
                 (command == 'X'))
        {
            if (Master_SendSlave2Command(
     d48:	88 e7       	ldi	r24, 0x78	; 120
     d4a:	0e 94 9b 02 	call	0x536	; 0x536 <Master_SendSlave2Command>
     d4e:	88 23       	and	r24, r24
     d50:	29 f0       	breq	.+10     	; 0xd5c <main+0x2c2>
                    (uint8_t)SLAVE2_CMD_STEPPER_STOP))
            {
                UART_WriteString("Comando Slave2: detener stepper\r\n");
     d52:	85 e8       	ldi	r24, 0x85	; 133
     d54:	95 e0       	ldi	r25, 0x05	; 5
     d56:	0e 94 94 03 	call	0x728	; 0x728 <UART_WriteString>
     d5a:	eb ce       	rjmp	.-554    	; 0xb32 <main+0x98>
            }
            else
            {
                UART_WriteString("ERROR I2C deteniendo stepper\r\n");
     d5c:	87 ea       	ldi	r24, 0xA7	; 167
     d5e:	95 e0       	ldi	r25, 0x05	; 5
     d60:	0e 94 94 03 	call	0x728	; 0x728 <UART_WriteString>
     d64:	e6 ce       	rjmp	.-564    	; 0xb32 <main+0x98>
            }
        }
        else if ((command == 'p') || (command == 'P'))
     d66:	10 37       	cpi	r17, 0x70	; 112
     d68:	11 f0       	breq	.+4      	; 0xd6e <main+0x2d4>
     d6a:	10 35       	cpi	r17, 0x50	; 80
     d6c:	19 f4       	brne	.+6      	; 0xd74 <main+0x2da>
        {
            Master_PrintSlaveStatus();
     d6e:	0e 94 0b 05 	call	0xa16	; 0xa16 <Master_PrintSlaveStatus>
     d72:	df ce       	rjmp	.-578    	; 0xb32 <main+0x98>
        }
        else if ((command == 's') || (command == 'S'))
     d74:	13 37       	cpi	r17, 0x73	; 115
     d76:	11 f0       	breq	.+4      	; 0xd7c <main+0x2e2>
     d78:	13 35       	cpi	r17, 0x53	; 83
     d7a:	29 f4       	brne	.+10     	; 0xd86 <main+0x2ec>
        {
            Master_PrintSlaveStatus();
     d7c:	0e 94 0b 05 	call	0xa16	; 0xa16 <Master_PrintSlaveStatus>
            Master_ScanI2CBus();
     d80:	0e 94 1f 05 	call	0xa3e	; 0xa3e <Master_ScanI2CBus>
     d84:	d6 ce       	rjmp	.-596    	; 0xb32 <main+0x98>
        }
        else
        {
            UART_WriteString("Opcion no valida.\r\n");
     d86:	86 ec       	ldi	r24, 0xC6	; 198
     d88:	95 e0       	ldi	r25, 0x05	; 5
     d8a:	0e 94 94 03 	call	0x728	; 0x728 <UART_WriteString>
     d8e:	d1 ce       	rjmp	.-606    	; 0xb32 <main+0x98>

00000d90 <VL53_DecodeTimeout>:
     */
    *port &= (uint8_t)~sensor->gpio1.mask;
    *ddr  &= (uint8_t)~sensor->gpio1.mask;

    return VL53L0X_OK;
}
     d90:	9c 01       	movw	r18, r24
     d92:	33 27       	eor	r19, r19
     d94:	a9 01       	movw	r20, r18
     d96:	02 c0       	rjmp	.+4      	; 0xd9c <VL53_DecodeTimeout+0xc>
     d98:	44 0f       	add	r20, r20
     d9a:	55 1f       	adc	r21, r21
     d9c:	9a 95       	dec	r25
     d9e:	e2 f7       	brpl	.-8      	; 0xd98 <VL53_DecodeTimeout+0x8>
     da0:	ca 01       	movw	r24, r20
     da2:	01 96       	adiw	r24, 0x01	; 1
     da4:	08 95       	ret

00000da6 <VL53_EncodeTimeout>:
     da6:	cf 92       	push	r12
     da8:	df 92       	push	r13
     daa:	ef 92       	push	r14
     dac:	ff 92       	push	r15
     dae:	61 15       	cp	r22, r1
     db0:	71 05       	cpc	r23, r1
     db2:	81 05       	cpc	r24, r1
     db4:	91 05       	cpc	r25, r1
     db6:	e9 f0       	breq	.+58     	; 0xdf2 <VL53_EncodeTimeout+0x4c>
     db8:	dc 01       	movw	r26, r24
     dba:	cb 01       	movw	r24, r22
     dbc:	01 97       	sbiw	r24, 0x01	; 1
     dbe:	a1 09       	sbc	r26, r1
     dc0:	b1 09       	sbc	r27, r1
     dc2:	20 e0       	ldi	r18, 0x00	; 0
     dc4:	30 e0       	ldi	r19, 0x00	; 0
     dc6:	06 c0       	rjmp	.+12     	; 0xdd4 <VL53_EncodeTimeout+0x2e>
     dc8:	b6 95       	lsr	r27
     dca:	a7 95       	ror	r26
     dcc:	97 95       	ror	r25
     dce:	87 95       	ror	r24
     dd0:	2f 5f       	subi	r18, 0xFF	; 255
     dd2:	3f 4f       	sbci	r19, 0xFF	; 255
     dd4:	6c 01       	movw	r12, r24
     dd6:	7d 01       	movw	r14, r26
     dd8:	cc 24       	eor	r12, r12
     dda:	cd 28       	or	r12, r13
     ddc:	ce 28       	or	r12, r14
     dde:	cf 28       	or	r12, r15
     de0:	99 f7       	brne	.-26     	; 0xdc8 <VL53_EncodeTimeout+0x22>
     de2:	32 2f       	mov	r19, r18
     de4:	22 27       	eor	r18, r18
     de6:	bc 01       	movw	r22, r24
     de8:	77 27       	eor	r23, r23
     dea:	cb 01       	movw	r24, r22
     dec:	82 2b       	or	r24, r18
     dee:	93 2b       	or	r25, r19
     df0:	02 c0       	rjmp	.+4      	; 0xdf6 <VL53_EncodeTimeout+0x50>
     df2:	80 e0       	ldi	r24, 0x00	; 0
     df4:	90 e0       	ldi	r25, 0x00	; 0
     df6:	ff 90       	pop	r15
     df8:	ef 90       	pop	r14
     dfa:	df 90       	pop	r13
     dfc:	cf 90       	pop	r12
     dfe:	08 95       	ret

00000e00 <VL53_MacroPeriodNs>:
     e00:	a8 2f       	mov	r26, r24
     e02:	b0 e0       	ldi	r27, 0x00	; 0
     e04:	20 e0       	ldi	r18, 0x00	; 0
     e06:	3f e2       	ldi	r19, 0x2F	; 47
     e08:	4a e3       	ldi	r20, 0x3A	; 58
     e0a:	50 e0       	ldi	r21, 0x00	; 0
     e0c:	0e 94 5c 0f 	call	0x1eb8	; 0x1eb8 <__muluhisi3>
     e10:	6c 50       	subi	r22, 0x0C	; 12
     e12:	7e 4f       	sbci	r23, 0xFE	; 254
     e14:	8f 4f       	sbci	r24, 0xFF	; 255
     e16:	9f 4f       	sbci	r25, 0xFF	; 255
     e18:	28 ee       	ldi	r18, 0xE8	; 232
     e1a:	33 e0       	ldi	r19, 0x03	; 3
     e1c:	40 e0       	ldi	r20, 0x00	; 0
     e1e:	50 e0       	ldi	r21, 0x00	; 0
     e20:	0e 94 2b 0f 	call	0x1e56	; 0x1e56 <__udivmodsi4>
     e24:	ca 01       	movw	r24, r20
     e26:	b9 01       	movw	r22, r18
     e28:	08 95       	ret

00000e2a <VL53_TimeoutMclksToUs>:
     e2a:	cf 93       	push	r28
     e2c:	df 93       	push	r29
     e2e:	ec 01       	movw	r28, r24
     e30:	86 2f       	mov	r24, r22
     e32:	0e 94 00 07 	call	0xe00	; 0xe00 <VL53_MacroPeriodNs>
     e36:	9b 01       	movw	r18, r22
     e38:	ac 01       	movw	r20, r24
     e3a:	de 01       	movw	r26, r28
     e3c:	0e 94 5c 0f 	call	0x1eb8	; 0x1eb8 <__muluhisi3>
     e40:	6c 50       	subi	r22, 0x0C	; 12
     e42:	7e 4f       	sbci	r23, 0xFE	; 254
     e44:	8f 4f       	sbci	r24, 0xFF	; 255
     e46:	9f 4f       	sbci	r25, 0xFF	; 255
     e48:	28 ee       	ldi	r18, 0xE8	; 232
     e4a:	33 e0       	ldi	r19, 0x03	; 3
     e4c:	40 e0       	ldi	r20, 0x00	; 0
     e4e:	50 e0       	ldi	r21, 0x00	; 0
     e50:	0e 94 2b 0f 	call	0x1e56	; 0x1e56 <__udivmodsi4>
     e54:	ca 01       	movw	r24, r20
     e56:	b9 01       	movw	r22, r18
     e58:	df 91       	pop	r29
     e5a:	cf 91       	pop	r28
     e5c:	08 95       	ret

00000e5e <VL53_TimeoutUsToMclks>:
     e5e:	8f 92       	push	r8
     e60:	9f 92       	push	r9
     e62:	af 92       	push	r10
     e64:	bf 92       	push	r11
     e66:	cf 92       	push	r12
     e68:	df 92       	push	r13
     e6a:	ef 92       	push	r14
     e6c:	ff 92       	push	r15
     e6e:	4b 01       	movw	r8, r22
     e70:	5c 01       	movw	r10, r24
     e72:	84 2f       	mov	r24, r20
     e74:	0e 94 00 07 	call	0xe00	; 0xe00 <VL53_MacroPeriodNs>
     e78:	6b 01       	movw	r12, r22
     e7a:	7c 01       	movw	r14, r24
     e7c:	a8 ee       	ldi	r26, 0xE8	; 232
     e7e:	b3 e0       	ldi	r27, 0x03	; 3
     e80:	a5 01       	movw	r20, r10
     e82:	94 01       	movw	r18, r8
     e84:	0e 94 5c 0f 	call	0x1eb8	; 0x1eb8 <__muluhisi3>
     e88:	46 01       	movw	r8, r12
     e8a:	57 01       	movw	r10, r14
     e8c:	b6 94       	lsr	r11
     e8e:	a7 94       	ror	r10
     e90:	97 94       	ror	r9
     e92:	87 94       	ror	r8
     e94:	68 0d       	add	r22, r8
     e96:	79 1d       	adc	r23, r9
     e98:	8a 1d       	adc	r24, r10
     e9a:	9b 1d       	adc	r25, r11
     e9c:	a7 01       	movw	r20, r14
     e9e:	96 01       	movw	r18, r12
     ea0:	0e 94 2b 0f 	call	0x1e56	; 0x1e56 <__udivmodsi4>
     ea4:	ca 01       	movw	r24, r20
     ea6:	b9 01       	movw	r22, r18
     ea8:	ff 90       	pop	r15
     eaa:	ef 90       	pop	r14
     eac:	df 90       	pop	r13
     eae:	cf 90       	pop	r12
     eb0:	bf 90       	pop	r11
     eb2:	af 90       	pop	r10
     eb4:	9f 90       	pop	r9
     eb6:	8f 90       	pop	r8
     eb8:	08 95       	ret

00000eba <VL53_WriteMulti>:
     eba:	ef 92       	push	r14
     ebc:	ff 92       	push	r15
     ebe:	0f 93       	push	r16
     ec0:	1f 93       	push	r17
     ec2:	cf 93       	push	r28
     ec4:	df 93       	push	r29
     ec6:	00 97       	sbiw	r24, 0x00	; 0
     ec8:	b1 f1       	breq	.+108    	; 0xf36 <VL53_WriteMulti+0x7c>
     eca:	41 15       	cp	r20, r1
     ecc:	51 05       	cpc	r21, r1
     ece:	11 f4       	brne	.+4      	; 0xed4 <VL53_WriteMulti+0x1a>
     ed0:	21 11       	cpse	r18, r1
     ed2:	33 c0       	rjmp	.+102    	; 0xf3a <VL53_WriteMulti+0x80>
     ed4:	d2 2f       	mov	r29, r18
     ed6:	7a 01       	movw	r14, r20
     ed8:	c6 2f       	mov	r28, r22
     eda:	8c 01       	movw	r16, r24
     edc:	0e 94 1a 01 	call	0x234	; 0x234 <I2C_Master_Start>
     ee0:	88 23       	and	r24, r24
     ee2:	69 f1       	breq	.+90     	; 0xf3e <VL53_WriteMulti+0x84>
     ee4:	f8 01       	movw	r30, r16
     ee6:	80 81       	ld	r24, Z
     ee8:	88 0f       	add	r24, r24
     eea:	0e 94 5b 01 	call	0x2b6	; 0x2b6 <I2C_Master_Write>
     eee:	81 11       	cpse	r24, r1
     ef0:	04 c0       	rjmp	.+8      	; 0xefa <VL53_WriteMulti+0x40>
     ef2:	0e 94 3c 01 	call	0x278	; 0x278 <I2C_Master_Stop>
     ef6:	81 e0       	ldi	r24, 0x01	; 1
     ef8:	23 c0       	rjmp	.+70     	; 0xf40 <VL53_WriteMulti+0x86>
     efa:	8c 2f       	mov	r24, r28
     efc:	0e 94 5b 01 	call	0x2b6	; 0x2b6 <I2C_Master_Write>
     f00:	81 11       	cpse	r24, r1
     f02:	12 c0       	rjmp	.+36     	; 0xf28 <VL53_WriteMulti+0x6e>
     f04:	0e 94 3c 01 	call	0x278	; 0x278 <I2C_Master_Stop>
     f08:	81 e0       	ldi	r24, 0x01	; 1
     f0a:	1a c0       	rjmp	.+52     	; 0xf40 <VL53_WriteMulti+0x86>
     f0c:	f7 01       	movw	r30, r14
     f0e:	ec 0f       	add	r30, r28
     f10:	f1 1d       	adc	r31, r1
     f12:	80 81       	ld	r24, Z
     f14:	0e 94 5b 01 	call	0x2b6	; 0x2b6 <I2C_Master_Write>
     f18:	81 11       	cpse	r24, r1
     f1a:	04 c0       	rjmp	.+8      	; 0xf24 <VL53_WriteMulti+0x6a>
     f1c:	0e 94 3c 01 	call	0x278	; 0x278 <I2C_Master_Stop>
     f20:	81 e0       	ldi	r24, 0x01	; 1
     f22:	0e c0       	rjmp	.+28     	; 0xf40 <VL53_WriteMulti+0x86>
     f24:	cf 5f       	subi	r28, 0xFF	; 255
     f26:	01 c0       	rjmp	.+2      	; 0xf2a <VL53_WriteMulti+0x70>
     f28:	c0 e0       	ldi	r28, 0x00	; 0
     f2a:	cd 17       	cp	r28, r29
     f2c:	78 f3       	brcs	.-34     	; 0xf0c <VL53_WriteMulti+0x52>
     f2e:	0e 94 3c 01 	call	0x278	; 0x278 <I2C_Master_Stop>
     f32:	80 e0       	ldi	r24, 0x00	; 0
     f34:	05 c0       	rjmp	.+10     	; 0xf40 <VL53_WriteMulti+0x86>
     f36:	84 e0       	ldi	r24, 0x04	; 4
     f38:	03 c0       	rjmp	.+6      	; 0xf40 <VL53_WriteMulti+0x86>
     f3a:	84 e0       	ldi	r24, 0x04	; 4
     f3c:	01 c0       	rjmp	.+2      	; 0xf40 <VL53_WriteMulti+0x86>
     f3e:	81 e0       	ldi	r24, 0x01	; 1
     f40:	df 91       	pop	r29
     f42:	cf 91       	pop	r28
     f44:	1f 91       	pop	r17
     f46:	0f 91       	pop	r16
     f48:	ff 90       	pop	r15
     f4a:	ef 90       	pop	r14
     f4c:	08 95       	ret

00000f4e <VL53_WriteReg16>:
     f4e:	cf 93       	push	r28
     f50:	df 93       	push	r29
     f52:	00 d0       	rcall	.+0      	; 0xf54 <VL53_WriteReg16+0x6>
     f54:	cd b7       	in	r28, 0x3d	; 61
     f56:	de b7       	in	r29, 0x3e	; 62
     f58:	59 83       	std	Y+1, r21	; 0x01
     f5a:	4a 83       	std	Y+2, r20	; 0x02
     f5c:	22 e0       	ldi	r18, 0x02	; 2
     f5e:	ae 01       	movw	r20, r28
     f60:	4f 5f       	subi	r20, 0xFF	; 255
     f62:	5f 4f       	sbci	r21, 0xFF	; 255
     f64:	0e 94 5d 07 	call	0xeba	; 0xeba <VL53_WriteMulti>
     f68:	0f 90       	pop	r0
     f6a:	0f 90       	pop	r0
     f6c:	df 91       	pop	r29
     f6e:	cf 91       	pop	r28
     f70:	08 95       	ret

00000f72 <VL53_WriteReg>:
     f72:	0f 93       	push	r16
     f74:	1f 93       	push	r17
     f76:	cf 93       	push	r28
     f78:	df 93       	push	r29
     f7a:	00 97       	sbiw	r24, 0x00	; 0
     f7c:	39 f1       	breq	.+78     	; 0xfcc <VL53_WriteReg+0x5a>
     f7e:	04 2f       	mov	r16, r20
     f80:	16 2f       	mov	r17, r22
     f82:	ec 01       	movw	r28, r24
     f84:	0e 94 1a 01 	call	0x234	; 0x234 <I2C_Master_Start>
     f88:	88 23       	and	r24, r24
     f8a:	11 f1       	breq	.+68     	; 0xfd0 <VL53_WriteReg+0x5e>
     f8c:	88 81       	ld	r24, Y
     f8e:	88 0f       	add	r24, r24
     f90:	0e 94 5b 01 	call	0x2b6	; 0x2b6 <I2C_Master_Write>
     f94:	81 11       	cpse	r24, r1
     f96:	04 c0       	rjmp	.+8      	; 0xfa0 <VL53_WriteReg+0x2e>
     f98:	0e 94 3c 01 	call	0x278	; 0x278 <I2C_Master_Stop>
     f9c:	81 e0       	ldi	r24, 0x01	; 1
     f9e:	19 c0       	rjmp	.+50     	; 0xfd2 <VL53_WriteReg+0x60>
     fa0:	81 2f       	mov	r24, r17
     fa2:	0e 94 5b 01 	call	0x2b6	; 0x2b6 <I2C_Master_Write>
     fa6:	81 11       	cpse	r24, r1
     fa8:	04 c0       	rjmp	.+8      	; 0xfb2 <VL53_WriteReg+0x40>
     faa:	0e 94 3c 01 	call	0x278	; 0x278 <I2C_Master_Stop>
     fae:	81 e0       	ldi	r24, 0x01	; 1
     fb0:	10 c0       	rjmp	.+32     	; 0xfd2 <VL53_WriteReg+0x60>
     fb2:	80 2f       	mov	r24, r16
     fb4:	0e 94 5b 01 	call	0x2b6	; 0x2b6 <I2C_Master_Write>
     fb8:	81 11       	cpse	r24, r1
     fba:	04 c0       	rjmp	.+8      	; 0xfc4 <VL53_WriteReg+0x52>
     fbc:	0e 94 3c 01 	call	0x278	; 0x278 <I2C_Master_Stop>
     fc0:	81 e0       	ldi	r24, 0x01	; 1
     fc2:	07 c0       	rjmp	.+14     	; 0xfd2 <VL53_WriteReg+0x60>
     fc4:	0e 94 3c 01 	call	0x278	; 0x278 <I2C_Master_Stop>
     fc8:	80 e0       	ldi	r24, 0x00	; 0
     fca:	03 c0       	rjmp	.+6      	; 0xfd2 <VL53_WriteReg+0x60>
     fcc:	84 e0       	ldi	r24, 0x04	; 4
     fce:	01 c0       	rjmp	.+2      	; 0xfd2 <VL53_WriteReg+0x60>
     fd0:	81 e0       	ldi	r24, 0x01	; 1
     fd2:	df 91       	pop	r29
     fd4:	cf 91       	pop	r28
     fd6:	1f 91       	pop	r17
     fd8:	0f 91       	pop	r16
     fda:	08 95       	ret

00000fdc <VL53_ReadMulti>:
     fdc:	ef 92       	push	r14
     fde:	ff 92       	push	r15
     fe0:	0f 93       	push	r16
     fe2:	1f 93       	push	r17
     fe4:	cf 93       	push	r28
     fe6:	df 93       	push	r29
     fe8:	00 97       	sbiw	r24, 0x00	; 0
     fea:	09 f4       	brne	.+2      	; 0xfee <VL53_ReadMulti+0x12>
     fec:	51 c0       	rjmp	.+162    	; 0x1090 <VL53_ReadMulti+0xb4>
     fee:	41 15       	cp	r20, r1
     ff0:	51 05       	cpc	r21, r1
     ff2:	09 f4       	brne	.+2      	; 0xff6 <VL53_ReadMulti+0x1a>
     ff4:	4f c0       	rjmp	.+158    	; 0x1094 <VL53_ReadMulti+0xb8>
     ff6:	22 23       	and	r18, r18
     ff8:	09 f4       	brne	.+2      	; 0xffc <VL53_ReadMulti+0x20>
     ffa:	4e c0       	rjmp	.+156    	; 0x1098 <VL53_ReadMulti+0xbc>
     ffc:	12 2f       	mov	r17, r18
     ffe:	7a 01       	movw	r14, r20
    1000:	06 2f       	mov	r16, r22
    1002:	ec 01       	movw	r28, r24
    1004:	0e 94 1a 01 	call	0x234	; 0x234 <I2C_Master_Start>
    1008:	88 23       	and	r24, r24
    100a:	09 f4       	brne	.+2      	; 0x100e <VL53_ReadMulti+0x32>
    100c:	47 c0       	rjmp	.+142    	; 0x109c <VL53_ReadMulti+0xc0>
    100e:	88 81       	ld	r24, Y
    1010:	88 0f       	add	r24, r24
    1012:	0e 94 5b 01 	call	0x2b6	; 0x2b6 <I2C_Master_Write>
    1016:	81 11       	cpse	r24, r1
    1018:	04 c0       	rjmp	.+8      	; 0x1022 <VL53_ReadMulti+0x46>
    101a:	0e 94 3c 01 	call	0x278	; 0x278 <I2C_Master_Stop>
    101e:	81 e0       	ldi	r24, 0x01	; 1
    1020:	3e c0       	rjmp	.+124    	; 0x109e <VL53_ReadMulti+0xc2>
    1022:	80 2f       	mov	r24, r16
    1024:	0e 94 5b 01 	call	0x2b6	; 0x2b6 <I2C_Master_Write>
    1028:	81 11       	cpse	r24, r1
    102a:	04 c0       	rjmp	.+8      	; 0x1034 <VL53_ReadMulti+0x58>
    102c:	0e 94 3c 01 	call	0x278	; 0x278 <I2C_Master_Stop>
    1030:	81 e0       	ldi	r24, 0x01	; 1
    1032:	35 c0       	rjmp	.+106    	; 0x109e <VL53_ReadMulti+0xc2>
    1034:	0e 94 2b 01 	call	0x256	; 0x256 <I2C_Master_RepeatedStart>
    1038:	81 11       	cpse	r24, r1
    103a:	04 c0       	rjmp	.+8      	; 0x1044 <VL53_ReadMulti+0x68>
    103c:	0e 94 3c 01 	call	0x278	; 0x278 <I2C_Master_Stop>
    1040:	81 e0       	ldi	r24, 0x01	; 1
    1042:	2d c0       	rjmp	.+90     	; 0x109e <VL53_ReadMulti+0xc2>
    1044:	88 81       	ld	r24, Y
    1046:	88 0f       	add	r24, r24
    1048:	81 60       	ori	r24, 0x01	; 1
    104a:	0e 94 5b 01 	call	0x2b6	; 0x2b6 <I2C_Master_Write>
    104e:	81 11       	cpse	r24, r1
    1050:	18 c0       	rjmp	.+48     	; 0x1082 <VL53_ReadMulti+0xa6>
    1052:	0e 94 3c 01 	call	0x278	; 0x278 <I2C_Master_Stop>
    1056:	81 e0       	ldi	r24, 0x01	; 1
    1058:	22 c0       	rjmp	.+68     	; 0x109e <VL53_ReadMulti+0xc2>
    105a:	8f ef       	ldi	r24, 0xFF	; 255
    105c:	81 0f       	add	r24, r17
    105e:	c8 17       	cp	r28, r24
    1060:	10 f4       	brcc	.+4      	; 0x1066 <VL53_ReadMulti+0x8a>
    1062:	61 e0       	ldi	r22, 0x01	; 1
    1064:	01 c0       	rjmp	.+2      	; 0x1068 <VL53_ReadMulti+0x8c>
    1066:	60 e0       	ldi	r22, 0x00	; 0
    1068:	c7 01       	movw	r24, r14
    106a:	8c 0f       	add	r24, r28
    106c:	91 1d       	adc	r25, r1
    106e:	0e 94 77 01 	call	0x2ee	; 0x2ee <I2C_Master_Read>
    1072:	81 11       	cpse	r24, r1
    1074:	04 c0       	rjmp	.+8      	; 0x107e <VL53_ReadMulti+0xa2>
    1076:	0e 94 3c 01 	call	0x278	; 0x278 <I2C_Master_Stop>
    107a:	81 e0       	ldi	r24, 0x01	; 1
    107c:	10 c0       	rjmp	.+32     	; 0x109e <VL53_ReadMulti+0xc2>
    107e:	cf 5f       	subi	r28, 0xFF	; 255
    1080:	01 c0       	rjmp	.+2      	; 0x1084 <VL53_ReadMulti+0xa8>
    1082:	c0 e0       	ldi	r28, 0x00	; 0
    1084:	c1 17       	cp	r28, r17
    1086:	48 f3       	brcs	.-46     	; 0x105a <VL53_ReadMulti+0x7e>
    1088:	0e 94 3c 01 	call	0x278	; 0x278 <I2C_Master_Stop>
    108c:	80 e0       	ldi	r24, 0x00	; 0
    108e:	07 c0       	rjmp	.+14     	; 0x109e <VL53_ReadMulti+0xc2>
    1090:	84 e0       	ldi	r24, 0x04	; 4
    1092:	05 c0       	rjmp	.+10     	; 0x109e <VL53_ReadMulti+0xc2>
    1094:	84 e0       	ldi	r24, 0x04	; 4
    1096:	03 c0       	rjmp	.+6      	; 0x109e <VL53_ReadMulti+0xc2>
    1098:	84 e0       	ldi	r24, 0x04	; 4
    109a:	01 c0       	rjmp	.+2      	; 0x109e <VL53_ReadMulti+0xc2>
    109c:	81 e0       	ldi	r24, 0x01	; 1
    109e:	df 91       	pop	r29
    10a0:	cf 91       	pop	r28
    10a2:	1f 91       	pop	r17
    10a4:	0f 91       	pop	r16
    10a6:	ff 90       	pop	r15
    10a8:	ef 90       	pop	r14
    10aa:	08 95       	ret

000010ac <VL53_ReadReg>:
    10ac:	21 e0       	ldi	r18, 0x01	; 1
    10ae:	0e 94 ee 07 	call	0xfdc	; 0xfdc <VL53_ReadMulti>
    10b2:	08 95       	ret

000010b4 <VL53_GetSpadInfo>:
    10b4:	af 92       	push	r10
    10b6:	bf 92       	push	r11
    10b8:	cf 92       	push	r12
    10ba:	df 92       	push	r13
    10bc:	ef 92       	push	r14
    10be:	ff 92       	push	r15
    10c0:	0f 93       	push	r16
    10c2:	1f 93       	push	r17
    10c4:	cf 93       	push	r28
    10c6:	df 93       	push	r29
    10c8:	1f 92       	push	r1
    10ca:	cd b7       	in	r28, 0x3d	; 61
    10cc:	de b7       	in	r29, 0x3e	; 62
    10ce:	61 15       	cp	r22, r1
    10d0:	71 05       	cpc	r23, r1
    10d2:	09 f4       	brne	.+2      	; 0x10d6 <VL53_GetSpadInfo+0x22>
    10d4:	cc c0       	rjmp	.+408    	; 0x126e <VL53_GetSpadInfo+0x1ba>
    10d6:	41 15       	cp	r20, r1
    10d8:	51 05       	cpc	r21, r1
    10da:	09 f4       	brne	.+2      	; 0x10de <VL53_GetSpadInfo+0x2a>
    10dc:	ca c0       	rjmp	.+404    	; 0x1272 <VL53_GetSpadInfo+0x1be>
    10de:	7a 01       	movw	r14, r20
    10e0:	6b 01       	movw	r12, r22
    10e2:	8c 01       	movw	r16, r24
    10e4:	41 e0       	ldi	r20, 0x01	; 1
    10e6:	60 e8       	ldi	r22, 0x80	; 128
    10e8:	0e 94 b9 07 	call	0xf72	; 0xf72 <VL53_WriteReg>
    10ec:	81 11       	cpse	r24, r1
    10ee:	c3 c0       	rjmp	.+390    	; 0x1276 <VL53_GetSpadInfo+0x1c2>
    10f0:	41 e0       	ldi	r20, 0x01	; 1
    10f2:	6f ef       	ldi	r22, 0xFF	; 255
    10f4:	c8 01       	movw	r24, r16
    10f6:	0e 94 b9 07 	call	0xf72	; 0xf72 <VL53_WriteReg>
    10fa:	81 11       	cpse	r24, r1
    10fc:	be c0       	rjmp	.+380    	; 0x127a <VL53_GetSpadInfo+0x1c6>
    10fe:	40 e0       	ldi	r20, 0x00	; 0
    1100:	60 e0       	ldi	r22, 0x00	; 0
    1102:	c8 01       	movw	r24, r16
    1104:	0e 94 b9 07 	call	0xf72	; 0xf72 <VL53_WriteReg>
    1108:	81 11       	cpse	r24, r1
    110a:	b9 c0       	rjmp	.+370    	; 0x127e <VL53_GetSpadInfo+0x1ca>
    110c:	46 e0       	ldi	r20, 0x06	; 6
    110e:	6f ef       	ldi	r22, 0xFF	; 255
    1110:	c8 01       	movw	r24, r16
    1112:	0e 94 b9 07 	call	0xf72	; 0xf72 <VL53_WriteReg>
    1116:	81 11       	cpse	r24, r1
    1118:	b4 c0       	rjmp	.+360    	; 0x1282 <VL53_GetSpadInfo+0x1ce>
    111a:	ae 01       	movw	r20, r28
    111c:	4f 5f       	subi	r20, 0xFF	; 255
    111e:	5f 4f       	sbci	r21, 0xFF	; 255
    1120:	63 e8       	ldi	r22, 0x83	; 131
    1122:	c8 01       	movw	r24, r16
    1124:	0e 94 56 08 	call	0x10ac	; 0x10ac <VL53_ReadReg>
    1128:	81 11       	cpse	r24, r1
    112a:	ad c0       	rjmp	.+346    	; 0x1286 <VL53_GetSpadInfo+0x1d2>
    112c:	49 81       	ldd	r20, Y+1	; 0x01
    112e:	44 60       	ori	r20, 0x04	; 4
    1130:	63 e8       	ldi	r22, 0x83	; 131
    1132:	c8 01       	movw	r24, r16
    1134:	0e 94 b9 07 	call	0xf72	; 0xf72 <VL53_WriteReg>
    1138:	81 11       	cpse	r24, r1
    113a:	a7 c0       	rjmp	.+334    	; 0x128a <VL53_GetSpadInfo+0x1d6>
    113c:	47 e0       	ldi	r20, 0x07	; 7
    113e:	6f ef       	ldi	r22, 0xFF	; 255
    1140:	c8 01       	movw	r24, r16
    1142:	0e 94 b9 07 	call	0xf72	; 0xf72 <VL53_WriteReg>
    1146:	81 11       	cpse	r24, r1
    1148:	a2 c0       	rjmp	.+324    	; 0x128e <VL53_GetSpadInfo+0x1da>
    114a:	41 e0       	ldi	r20, 0x01	; 1
    114c:	61 e8       	ldi	r22, 0x81	; 129
    114e:	c8 01       	movw	r24, r16
    1150:	0e 94 b9 07 	call	0xf72	; 0xf72 <VL53_WriteReg>
    1154:	81 11       	cpse	r24, r1
    1156:	9d c0       	rjmp	.+314    	; 0x1292 <VL53_GetSpadInfo+0x1de>
    1158:	41 e0       	ldi	r20, 0x01	; 1
    115a:	60 e8       	ldi	r22, 0x80	; 128
    115c:	c8 01       	movw	r24, r16
    115e:	0e 94 b9 07 	call	0xf72	; 0xf72 <VL53_WriteReg>
    1162:	81 11       	cpse	r24, r1
    1164:	98 c0       	rjmp	.+304    	; 0x1296 <VL53_GetSpadInfo+0x1e2>
    1166:	4b e6       	ldi	r20, 0x6B	; 107
    1168:	64 e9       	ldi	r22, 0x94	; 148
    116a:	c8 01       	movw	r24, r16
    116c:	0e 94 b9 07 	call	0xf72	; 0xf72 <VL53_WriteReg>
    1170:	81 11       	cpse	r24, r1
    1172:	93 c0       	rjmp	.+294    	; 0x129a <VL53_GetSpadInfo+0x1e6>
    1174:	40 e0       	ldi	r20, 0x00	; 0
    1176:	63 e8       	ldi	r22, 0x83	; 131
    1178:	c8 01       	movw	r24, r16
    117a:	0e 94 b9 07 	call	0xf72	; 0xf72 <VL53_WriteReg>
    117e:	81 11       	cpse	r24, r1
    1180:	8e c0       	rjmp	.+284    	; 0x129e <VL53_GetSpadInfo+0x1ea>
    1182:	a1 2c       	mov	r10, r1
    1184:	b1 2c       	mov	r11, r1
    1186:	ae 01       	movw	r20, r28
    1188:	4f 5f       	subi	r20, 0xFF	; 255
    118a:	5f 4f       	sbci	r21, 0xFF	; 255
    118c:	63 e8       	ldi	r22, 0x83	; 131
    118e:	c8 01       	movw	r24, r16
    1190:	0e 94 56 08 	call	0x10ac	; 0x10ac <VL53_ReadReg>
    1194:	81 11       	cpse	r24, r1
    1196:	85 c0       	rjmp	.+266    	; 0x12a2 <VL53_GetSpadInfo+0x1ee>
    1198:	89 81       	ldd	r24, Y+1	; 0x01
    119a:	81 11       	cpse	r24, r1
    119c:	11 c0       	rjmp	.+34     	; 0x11c0 <VL53_GetSpadInfo+0x10c>
    119e:	f8 01       	movw	r30, r16
    11a0:	83 81       	ldd	r24, Z+3	; 0x03
    11a2:	94 81       	ldd	r25, Z+4	; 0x04
    11a4:	a8 16       	cp	r10, r24
    11a6:	b9 06       	cpc	r11, r25
    11a8:	08 f0       	brcs	.+2      	; 0x11ac <VL53_GetSpadInfo+0xf8>
    11aa:	7d c0       	rjmp	.+250    	; 0x12a6 <VL53_GetSpadInfo+0x1f2>
    11ac:	8f e9       	ldi	r24, 0x9F	; 159
    11ae:	9f e0       	ldi	r25, 0x0F	; 15
    11b0:	01 97       	sbiw	r24, 0x01	; 1
    11b2:	f1 f7       	brne	.-4      	; 0x11b0 <VL53_GetSpadInfo+0xfc>
    11b4:	00 c0       	rjmp	.+0      	; 0x11b6 <VL53_GetSpadInfo+0x102>
    11b6:	00 00       	nop
    11b8:	9f ef       	ldi	r25, 0xFF	; 255
    11ba:	a9 1a       	sub	r10, r25
    11bc:	b9 0a       	sbc	r11, r25
    11be:	e3 cf       	rjmp	.-58     	; 0x1186 <VL53_GetSpadInfo+0xd2>
    11c0:	41 e0       	ldi	r20, 0x01	; 1
    11c2:	63 e8       	ldi	r22, 0x83	; 131
    11c4:	c8 01       	movw	r24, r16
    11c6:	0e 94 b9 07 	call	0xf72	; 0xf72 <VL53_WriteReg>
    11ca:	81 11       	cpse	r24, r1
    11cc:	6e c0       	rjmp	.+220    	; 0x12aa <VL53_GetSpadInfo+0x1f6>
    11ce:	ae 01       	movw	r20, r28
    11d0:	4f 5f       	subi	r20, 0xFF	; 255
    11d2:	5f 4f       	sbci	r21, 0xFF	; 255
    11d4:	62 e9       	ldi	r22, 0x92	; 146
    11d6:	c8 01       	movw	r24, r16
    11d8:	0e 94 56 08 	call	0x10ac	; 0x10ac <VL53_ReadReg>
    11dc:	81 11       	cpse	r24, r1
    11de:	67 c0       	rjmp	.+206    	; 0x12ae <VL53_GetSpadInfo+0x1fa>
    11e0:	89 81       	ldd	r24, Y+1	; 0x01
    11e2:	98 2f       	mov	r25, r24
    11e4:	9f 77       	andi	r25, 0x7F	; 127
    11e6:	f6 01       	movw	r30, r12
    11e8:	90 83       	st	Z, r25
    11ea:	88 1f       	adc	r24, r24
    11ec:	88 27       	eor	r24, r24
    11ee:	88 1f       	adc	r24, r24
    11f0:	f7 01       	movw	r30, r14
    11f2:	80 83       	st	Z, r24
    11f4:	40 e0       	ldi	r20, 0x00	; 0
    11f6:	61 e8       	ldi	r22, 0x81	; 129
    11f8:	c8 01       	movw	r24, r16
    11fa:	0e 94 b9 07 	call	0xf72	; 0xf72 <VL53_WriteReg>
    11fe:	81 11       	cpse	r24, r1
    1200:	58 c0       	rjmp	.+176    	; 0x12b2 <VL53_GetSpadInfo+0x1fe>
    1202:	46 e0       	ldi	r20, 0x06	; 6
    1204:	6f ef       	ldi	r22, 0xFF	; 255
    1206:	c8 01       	movw	r24, r16
    1208:	0e 94 b9 07 	call	0xf72	; 0xf72 <VL53_WriteReg>
    120c:	81 11       	cpse	r24, r1
    120e:	53 c0       	rjmp	.+166    	; 0x12b6 <VL53_GetSpadInfo+0x202>
    1210:	ae 01       	movw	r20, r28
    1212:	4f 5f       	subi	r20, 0xFF	; 255
    1214:	5f 4f       	sbci	r21, 0xFF	; 255
    1216:	63 e8       	ldi	r22, 0x83	; 131
    1218:	c8 01       	movw	r24, r16
    121a:	0e 94 56 08 	call	0x10ac	; 0x10ac <VL53_ReadReg>
    121e:	81 11       	cpse	r24, r1
    1220:	4c c0       	rjmp	.+152    	; 0x12ba <VL53_GetSpadInfo+0x206>
    1222:	49 81       	ldd	r20, Y+1	; 0x01
    1224:	4b 7f       	andi	r20, 0xFB	; 251
    1226:	63 e8       	ldi	r22, 0x83	; 131
    1228:	c8 01       	movw	r24, r16
    122a:	0e 94 b9 07 	call	0xf72	; 0xf72 <VL53_WriteReg>
    122e:	81 11       	cpse	r24, r1
    1230:	46 c0       	rjmp	.+140    	; 0x12be <VL53_GetSpadInfo+0x20a>
    1232:	41 e0       	ldi	r20, 0x01	; 1
    1234:	6f ef       	ldi	r22, 0xFF	; 255
    1236:	c8 01       	movw	r24, r16
    1238:	0e 94 b9 07 	call	0xf72	; 0xf72 <VL53_WriteReg>
    123c:	81 11       	cpse	r24, r1
    123e:	41 c0       	rjmp	.+130    	; 0x12c2 <VL53_GetSpadInfo+0x20e>
    1240:	41 e0       	ldi	r20, 0x01	; 1
    1242:	60 e0       	ldi	r22, 0x00	; 0
    1244:	c8 01       	movw	r24, r16
    1246:	0e 94 b9 07 	call	0xf72	; 0xf72 <VL53_WriteReg>
    124a:	81 11       	cpse	r24, r1
    124c:	3c c0       	rjmp	.+120    	; 0x12c6 <VL53_GetSpadInfo+0x212>
    124e:	40 e0       	ldi	r20, 0x00	; 0
    1250:	6f ef       	ldi	r22, 0xFF	; 255
    1252:	c8 01       	movw	r24, r16
    1254:	0e 94 b9 07 	call	0xf72	; 0xf72 <VL53_WriteReg>
    1258:	81 11       	cpse	r24, r1
    125a:	37 c0       	rjmp	.+110    	; 0x12ca <VL53_GetSpadInfo+0x216>
    125c:	40 e0       	ldi	r20, 0x00	; 0
    125e:	60 e8       	ldi	r22, 0x80	; 128
    1260:	c8 01       	movw	r24, r16
    1262:	0e 94 b9 07 	call	0xf72	; 0xf72 <VL53_WriteReg>
    1266:	88 23       	and	r24, r24
    1268:	89 f1       	breq	.+98     	; 0x12cc <VL53_GetSpadInfo+0x218>
    126a:	81 e0       	ldi	r24, 0x01	; 1
    126c:	2f c0       	rjmp	.+94     	; 0x12cc <VL53_GetSpadInfo+0x218>
    126e:	84 e0       	ldi	r24, 0x04	; 4
    1270:	2d c0       	rjmp	.+90     	; 0x12cc <VL53_GetSpadInfo+0x218>
    1272:	84 e0       	ldi	r24, 0x04	; 4
    1274:	2b c0       	rjmp	.+86     	; 0x12cc <VL53_GetSpadInfo+0x218>
    1276:	81 e0       	ldi	r24, 0x01	; 1
    1278:	29 c0       	rjmp	.+82     	; 0x12cc <VL53_GetSpadInfo+0x218>
    127a:	81 e0       	ldi	r24, 0x01	; 1
    127c:	27 c0       	rjmp	.+78     	; 0x12cc <VL53_GetSpadInfo+0x218>
    127e:	81 e0       	ldi	r24, 0x01	; 1
    1280:	25 c0       	rjmp	.+74     	; 0x12cc <VL53_GetSpadInfo+0x218>
    1282:	81 e0       	ldi	r24, 0x01	; 1
    1284:	23 c0       	rjmp	.+70     	; 0x12cc <VL53_GetSpadInfo+0x218>
    1286:	81 e0       	ldi	r24, 0x01	; 1
    1288:	21 c0       	rjmp	.+66     	; 0x12cc <VL53_GetSpadInfo+0x218>
    128a:	81 e0       	ldi	r24, 0x01	; 1
    128c:	1f c0       	rjmp	.+62     	; 0x12cc <VL53_GetSpadInfo+0x218>
    128e:	81 e0       	ldi	r24, 0x01	; 1
    1290:	1d c0       	rjmp	.+58     	; 0x12cc <VL53_GetSpadInfo+0x218>
    1292:	81 e0       	ldi	r24, 0x01	; 1
    1294:	1b c0       	rjmp	.+54     	; 0x12cc <VL53_GetSpadInfo+0x218>
    1296:	81 e0       	ldi	r24, 0x01	; 1
    1298:	19 c0       	rjmp	.+50     	; 0x12cc <VL53_GetSpadInfo+0x218>
    129a:	81 e0       	ldi	r24, 0x01	; 1
    129c:	17 c0       	rjmp	.+46     	; 0x12cc <VL53_GetSpadInfo+0x218>
    129e:	81 e0       	ldi	r24, 0x01	; 1
    12a0:	15 c0       	rjmp	.+42     	; 0x12cc <VL53_GetSpadInfo+0x218>
    12a2:	81 e0       	ldi	r24, 0x01	; 1
    12a4:	13 c0       	rjmp	.+38     	; 0x12cc <VL53_GetSpadInfo+0x218>
    12a6:	83 e0       	ldi	r24, 0x03	; 3
    12a8:	11 c0       	rjmp	.+34     	; 0x12cc <VL53_GetSpadInfo+0x218>
    12aa:	81 e0       	ldi	r24, 0x01	; 1
    12ac:	0f c0       	rjmp	.+30     	; 0x12cc <VL53_GetSpadInfo+0x218>
    12ae:	81 e0       	ldi	r24, 0x01	; 1
    12b0:	0d c0       	rjmp	.+26     	; 0x12cc <VL53_GetSpadInfo+0x218>
    12b2:	81 e0       	ldi	r24, 0x01	; 1
    12b4:	0b c0       	rjmp	.+22     	; 0x12cc <VL53_GetSpadInfo+0x218>
    12b6:	81 e0       	ldi	r24, 0x01	; 1
    12b8:	09 c0       	rjmp	.+18     	; 0x12cc <VL53_GetSpadInfo+0x218>
    12ba:	81 e0       	ldi	r24, 0x01	; 1
    12bc:	07 c0       	rjmp	.+14     	; 0x12cc <VL53_GetSpadInfo+0x218>
    12be:	81 e0       	ldi	r24, 0x01	; 1
    12c0:	05 c0       	rjmp	.+10     	; 0x12cc <VL53_GetSpadInfo+0x218>
    12c2:	81 e0       	ldi	r24, 0x01	; 1
    12c4:	03 c0       	rjmp	.+6      	; 0x12cc <VL53_GetSpadInfo+0x218>
    12c6:	81 e0       	ldi	r24, 0x01	; 1
    12c8:	01 c0       	rjmp	.+2      	; 0x12cc <VL53_GetSpadInfo+0x218>
    12ca:	81 e0       	ldi	r24, 0x01	; 1
    12cc:	0f 90       	pop	r0
    12ce:	df 91       	pop	r29
    12d0:	cf 91       	pop	r28
    12d2:	1f 91       	pop	r17
    12d4:	0f 91       	pop	r16
    12d6:	ff 90       	pop	r15
    12d8:	ef 90       	pop	r14
    12da:	df 90       	pop	r13
    12dc:	cf 90       	pop	r12
    12de:	bf 90       	pop	r11
    12e0:	af 90       	pop	r10
    12e2:	08 95       	ret

000012e4 <VL53_GetSequenceEnables>:
    12e4:	0f 93       	push	r16
    12e6:	1f 93       	push	r17
    12e8:	cf 93       	push	r28
    12ea:	df 93       	push	r29
    12ec:	1f 92       	push	r1
    12ee:	cd b7       	in	r28, 0x3d	; 61
    12f0:	de b7       	in	r29, 0x3e	; 62
    12f2:	8b 01       	movw	r16, r22
    12f4:	19 82       	std	Y+1, r1	; 0x01
    12f6:	ae 01       	movw	r20, r28
    12f8:	4f 5f       	subi	r20, 0xFF	; 255
    12fa:	5f 4f       	sbci	r21, 0xFF	; 255
    12fc:	61 e0       	ldi	r22, 0x01	; 1
    12fe:	0e 94 56 08 	call	0x10ac	; 0x10ac <VL53_ReadReg>
    1302:	89 81       	ldd	r24, Y+1	; 0x01
    1304:	84 fb       	bst	r24, 4
    1306:	99 27       	eor	r25, r25
    1308:	90 f9       	bld	r25, 0
    130a:	f8 01       	movw	r30, r16
    130c:	90 83       	st	Z, r25
    130e:	83 fb       	bst	r24, 3
    1310:	99 27       	eor	r25, r25
    1312:	90 f9       	bld	r25, 0
    1314:	91 83       	std	Z+1, r25	; 0x01
    1316:	82 fb       	bst	r24, 2
    1318:	99 27       	eor	r25, r25
    131a:	90 f9       	bld	r25, 0
    131c:	92 83       	std	Z+2, r25	; 0x02
    131e:	86 fb       	bst	r24, 6
    1320:	99 27       	eor	r25, r25
    1322:	90 f9       	bld	r25, 0
    1324:	93 83       	std	Z+3, r25	; 0x03
    1326:	88 1f       	adc	r24, r24
    1328:	88 27       	eor	r24, r24
    132a:	88 1f       	adc	r24, r24
    132c:	84 83       	std	Z+4, r24	; 0x04
    132e:	0f 90       	pop	r0
    1330:	df 91       	pop	r29
    1332:	cf 91       	pop	r28
    1334:	1f 91       	pop	r17
    1336:	0f 91       	pop	r16
    1338:	08 95       	ret

0000133a <VL53_GetVcselPeriod>:
    133a:	cf 93       	push	r28
    133c:	df 93       	push	r29
    133e:	1f 92       	push	r1
    1340:	cd b7       	in	r28, 0x3d	; 61
    1342:	de b7       	in	r29, 0x3e	; 62
    1344:	19 82       	std	Y+1, r1	; 0x01
    1346:	66 23       	and	r22, r22
    1348:	39 f0       	breq	.+14     	; 0x1358 <VL53_GetVcselPeriod+0x1e>
    134a:	ae 01       	movw	r20, r28
    134c:	4f 5f       	subi	r20, 0xFF	; 255
    134e:	5f 4f       	sbci	r21, 0xFF	; 255
    1350:	60 e7       	ldi	r22, 0x70	; 112
    1352:	0e 94 56 08 	call	0x10ac	; 0x10ac <VL53_ReadReg>
    1356:	06 c0       	rjmp	.+12     	; 0x1364 <VL53_GetVcselPeriod+0x2a>
    1358:	ae 01       	movw	r20, r28
    135a:	4f 5f       	subi	r20, 0xFF	; 255
    135c:	5f 4f       	sbci	r21, 0xFF	; 255
    135e:	60 e5       	ldi	r22, 0x50	; 80
    1360:	0e 94 56 08 	call	0x10ac	; 0x10ac <VL53_ReadReg>
    1364:	89 81       	ldd	r24, Y+1	; 0x01
    1366:	8f 5f       	subi	r24, 0xFF	; 255
    1368:	88 0f       	add	r24, r24
    136a:	0f 90       	pop	r0
    136c:	df 91       	pop	r29
    136e:	cf 91       	pop	r28
    1370:	08 95       	ret

00001372 <VL53_ReferenceCalibration>:
    1372:	ef 92       	push	r14
    1374:	ff 92       	push	r15
    1376:	0f 93       	push	r16
    1378:	1f 93       	push	r17
    137a:	cf 93       	push	r28
    137c:	df 93       	push	r29
    137e:	1f 92       	push	r1
    1380:	cd b7       	in	r28, 0x3d	; 61
    1382:	de b7       	in	r29, 0x3e	; 62
    1384:	8c 01       	movw	r16, r24
    1386:	46 2f       	mov	r20, r22
    1388:	41 60       	ori	r20, 0x01	; 1
    138a:	60 e0       	ldi	r22, 0x00	; 0
    138c:	0e 94 b9 07 	call	0xf72	; 0xf72 <VL53_WriteReg>
    1390:	81 11       	cpse	r24, r1
    1392:	2e c0       	rjmp	.+92     	; 0x13f0 <VL53_ReferenceCalibration+0x7e>
    1394:	e1 2c       	mov	r14, r1
    1396:	f1 2c       	mov	r15, r1
    1398:	ae 01       	movw	r20, r28
    139a:	4f 5f       	subi	r20, 0xFF	; 255
    139c:	5f 4f       	sbci	r21, 0xFF	; 255
    139e:	63 e1       	ldi	r22, 0x13	; 19
    13a0:	c8 01       	movw	r24, r16
    13a2:	0e 94 56 08 	call	0x10ac	; 0x10ac <VL53_ReadReg>
    13a6:	81 11       	cpse	r24, r1
    13a8:	25 c0       	rjmp	.+74     	; 0x13f4 <VL53_ReferenceCalibration+0x82>
    13aa:	89 81       	ldd	r24, Y+1	; 0x01
    13ac:	87 70       	andi	r24, 0x07	; 7
    13ae:	81 f4       	brne	.+32     	; 0x13d0 <VL53_ReferenceCalibration+0x5e>
    13b0:	f8 01       	movw	r30, r16
    13b2:	83 81       	ldd	r24, Z+3	; 0x03
    13b4:	94 81       	ldd	r25, Z+4	; 0x04
    13b6:	e8 16       	cp	r14, r24
    13b8:	f9 06       	cpc	r15, r25
    13ba:	f0 f4       	brcc	.+60     	; 0x13f8 <VL53_ReferenceCalibration+0x86>
    13bc:	8f e9       	ldi	r24, 0x9F	; 159
    13be:	9f e0       	ldi	r25, 0x0F	; 15
    13c0:	01 97       	sbiw	r24, 0x01	; 1
    13c2:	f1 f7       	brne	.-4      	; 0x13c0 <VL53_ReferenceCalibration+0x4e>
    13c4:	00 c0       	rjmp	.+0      	; 0x13c6 <VL53_ReferenceCalibration+0x54>
    13c6:	00 00       	nop
    13c8:	9f ef       	ldi	r25, 0xFF	; 255
    13ca:	e9 1a       	sub	r14, r25
    13cc:	f9 0a       	sbc	r15, r25
    13ce:	e4 cf       	rjmp	.-56     	; 0x1398 <VL53_ReferenceCalibration+0x26>
    13d0:	41 e0       	ldi	r20, 0x01	; 1
    13d2:	6b e0       	ldi	r22, 0x0B	; 11
    13d4:	c8 01       	movw	r24, r16
    13d6:	0e 94 b9 07 	call	0xf72	; 0xf72 <VL53_WriteReg>
    13da:	81 11       	cpse	r24, r1
    13dc:	0f c0       	rjmp	.+30     	; 0x13fc <VL53_ReferenceCalibration+0x8a>
    13de:	40 e0       	ldi	r20, 0x00	; 0
    13e0:	60 e0       	ldi	r22, 0x00	; 0
    13e2:	c8 01       	movw	r24, r16
    13e4:	0e 94 b9 07 	call	0xf72	; 0xf72 <VL53_WriteReg>
    13e8:	88 23       	and	r24, r24
    13ea:	49 f0       	breq	.+18     	; 0x13fe <VL53_ReferenceCalibration+0x8c>
    13ec:	81 e0       	ldi	r24, 0x01	; 1
    13ee:	07 c0       	rjmp	.+14     	; 0x13fe <VL53_ReferenceCalibration+0x8c>
    13f0:	81 e0       	ldi	r24, 0x01	; 1
    13f2:	05 c0       	rjmp	.+10     	; 0x13fe <VL53_ReferenceCalibration+0x8c>
    13f4:	81 e0       	ldi	r24, 0x01	; 1
    13f6:	03 c0       	rjmp	.+6      	; 0x13fe <VL53_ReferenceCalibration+0x8c>
    13f8:	83 e0       	ldi	r24, 0x03	; 3
    13fa:	01 c0       	rjmp	.+2      	; 0x13fe <VL53_ReferenceCalibration+0x8c>
    13fc:	81 e0       	ldi	r24, 0x01	; 1
    13fe:	0f 90       	pop	r0
    1400:	df 91       	pop	r29
    1402:	cf 91       	pop	r28
    1404:	1f 91       	pop	r17
    1406:	0f 91       	pop	r16
    1408:	ff 90       	pop	r15
    140a:	ef 90       	pop	r14
    140c:	08 95       	ret

0000140e <VL53_ReadReg16>:
    140e:	0f 93       	push	r16
    1410:	1f 93       	push	r17
    1412:	cf 93       	push	r28
    1414:	df 93       	push	r29
    1416:	00 d0       	rcall	.+0      	; 0x1418 <VL53_ReadReg16+0xa>
    1418:	cd b7       	in	r28, 0x3d	; 61
    141a:	de b7       	in	r29, 0x3e	; 62
    141c:	41 15       	cp	r20, r1
    141e:	51 05       	cpc	r21, r1
    1420:	a1 f0       	breq	.+40     	; 0x144a <VL53_ReadReg16+0x3c>
    1422:	8a 01       	movw	r16, r20
    1424:	22 e0       	ldi	r18, 0x02	; 2
    1426:	ae 01       	movw	r20, r28
    1428:	4f 5f       	subi	r20, 0xFF	; 255
    142a:	5f 4f       	sbci	r21, 0xFF	; 255
    142c:	0e 94 ee 07 	call	0xfdc	; 0xfdc <VL53_ReadMulti>
    1430:	81 11       	cpse	r24, r1
    1432:	0c c0       	rjmp	.+24     	; 0x144c <VL53_ReadReg16+0x3e>
    1434:	89 81       	ldd	r24, Y+1	; 0x01
    1436:	90 e0       	ldi	r25, 0x00	; 0
    1438:	98 2f       	mov	r25, r24
    143a:	88 27       	eor	r24, r24
    143c:	2a 81       	ldd	r18, Y+2	; 0x02
    143e:	82 2b       	or	r24, r18
    1440:	f8 01       	movw	r30, r16
    1442:	91 83       	std	Z+1, r25	; 0x01
    1444:	80 83       	st	Z, r24
    1446:	80 e0       	ldi	r24, 0x00	; 0
    1448:	01 c0       	rjmp	.+2      	; 0x144c <VL53_ReadReg16+0x3e>
    144a:	84 e0       	ldi	r24, 0x04	; 4
    144c:	0f 90       	pop	r0
    144e:	0f 90       	pop	r0
    1450:	df 91       	pop	r29
    1452:	cf 91       	pop	r28
    1454:	1f 91       	pop	r17
    1456:	0f 91       	pop	r16
    1458:	08 95       	ret

0000145a <VL53_GetSequenceTimeouts>:
    145a:	cf 92       	push	r12
    145c:	df 92       	push	r13
    145e:	ef 92       	push	r14
    1460:	ff 92       	push	r15
    1462:	0f 93       	push	r16
    1464:	1f 93       	push	r17
    1466:	cf 93       	push	r28
    1468:	df 93       	push	r29
    146a:	00 d0       	rcall	.+0      	; 0x146c <VL53_GetSequenceTimeouts+0x12>
    146c:	1f 92       	push	r1
    146e:	cd b7       	in	r28, 0x3d	; 61
    1470:	de b7       	in	r29, 0x3e	; 62
    1472:	7c 01       	movw	r14, r24
    1474:	6b 01       	movw	r12, r22
    1476:	8a 01       	movw	r16, r20
    1478:	19 82       	std	Y+1, r1	; 0x01
    147a:	1b 82       	std	Y+3, r1	; 0x03
    147c:	1a 82       	std	Y+2, r1	; 0x02
    147e:	60 e0       	ldi	r22, 0x00	; 0
    1480:	0e 94 9d 09 	call	0x133a	; 0x133a <VL53_GetVcselPeriod>
    1484:	f8 01       	movw	r30, r16
    1486:	80 83       	st	Z, r24
    1488:	ae 01       	movw	r20, r28
    148a:	4f 5f       	subi	r20, 0xFF	; 255
    148c:	5f 4f       	sbci	r21, 0xFF	; 255
    148e:	66 e4       	ldi	r22, 0x46	; 70
    1490:	c7 01       	movw	r24, r14
    1492:	0e 94 56 08 	call	0x10ac	; 0x10ac <VL53_ReadReg>
    1496:	89 81       	ldd	r24, Y+1	; 0x01
    1498:	90 e0       	ldi	r25, 0x00	; 0
    149a:	01 96       	adiw	r24, 0x01	; 1
    149c:	f8 01       	movw	r30, r16
    149e:	93 83       	std	Z+3, r25	; 0x03
    14a0:	82 83       	std	Z+2, r24	; 0x02
    14a2:	60 81       	ld	r22, Z
    14a4:	0e 94 15 07 	call	0xe2a	; 0xe2a <VL53_TimeoutMclksToUs>
    14a8:	f8 01       	movw	r30, r16
    14aa:	60 87       	std	Z+8, r22	; 0x08
    14ac:	71 87       	std	Z+9, r23	; 0x09
    14ae:	82 87       	std	Z+10, r24	; 0x0a
    14b0:	93 87       	std	Z+11, r25	; 0x0b
    14b2:	ae 01       	movw	r20, r28
    14b4:	4e 5f       	subi	r20, 0xFE	; 254
    14b6:	5f 4f       	sbci	r21, 0xFF	; 255
    14b8:	61 e5       	ldi	r22, 0x51	; 81
    14ba:	c7 01       	movw	r24, r14
    14bc:	0e 94 07 0a 	call	0x140e	; 0x140e <VL53_ReadReg16>
    14c0:	8a 81       	ldd	r24, Y+2	; 0x02
    14c2:	9b 81       	ldd	r25, Y+3	; 0x03
    14c4:	0e 94 c8 06 	call	0xd90	; 0xd90 <VL53_DecodeTimeout>
    14c8:	f8 01       	movw	r30, r16
    14ca:	95 83       	std	Z+5, r25	; 0x05
    14cc:	84 83       	std	Z+4, r24	; 0x04
    14ce:	60 81       	ld	r22, Z
    14d0:	0e 94 15 07 	call	0xe2a	; 0xe2a <VL53_TimeoutMclksToUs>
    14d4:	f8 01       	movw	r30, r16
    14d6:	64 87       	std	Z+12, r22	; 0x0c
    14d8:	75 87       	std	Z+13, r23	; 0x0d
    14da:	86 87       	std	Z+14, r24	; 0x0e
    14dc:	97 87       	std	Z+15, r25	; 0x0f
    14de:	61 e0       	ldi	r22, 0x01	; 1
    14e0:	c7 01       	movw	r24, r14
    14e2:	0e 94 9d 09 	call	0x133a	; 0x133a <VL53_GetVcselPeriod>
    14e6:	f8 01       	movw	r30, r16
    14e8:	81 83       	std	Z+1, r24	; 0x01
    14ea:	ae 01       	movw	r20, r28
    14ec:	4e 5f       	subi	r20, 0xFE	; 254
    14ee:	5f 4f       	sbci	r21, 0xFF	; 255
    14f0:	61 e7       	ldi	r22, 0x71	; 113
    14f2:	c7 01       	movw	r24, r14
    14f4:	0e 94 07 0a 	call	0x140e	; 0x140e <VL53_ReadReg16>
    14f8:	8a 81       	ldd	r24, Y+2	; 0x02
    14fa:	9b 81       	ldd	r25, Y+3	; 0x03
    14fc:	0e 94 c8 06 	call	0xd90	; 0xd90 <VL53_DecodeTimeout>
    1500:	f8 01       	movw	r30, r16
    1502:	97 83       	std	Z+7, r25	; 0x07
    1504:	86 83       	std	Z+6, r24	; 0x06
    1506:	f6 01       	movw	r30, r12
    1508:	23 81       	ldd	r18, Z+3	; 0x03
    150a:	22 23       	and	r18, r18
    150c:	39 f0       	breq	.+14     	; 0x151c <VL53_GetSequenceTimeouts+0xc2>
    150e:	f8 01       	movw	r30, r16
    1510:	24 81       	ldd	r18, Z+4	; 0x04
    1512:	35 81       	ldd	r19, Z+5	; 0x05
    1514:	82 1b       	sub	r24, r18
    1516:	93 0b       	sbc	r25, r19
    1518:	97 83       	std	Z+7, r25	; 0x07
    151a:	86 83       	std	Z+6, r24	; 0x06
    151c:	f8 01       	movw	r30, r16
    151e:	61 81       	ldd	r22, Z+1	; 0x01
    1520:	86 81       	ldd	r24, Z+6	; 0x06
    1522:	97 81       	ldd	r25, Z+7	; 0x07
    1524:	0e 94 15 07 	call	0xe2a	; 0xe2a <VL53_TimeoutMclksToUs>
    1528:	f8 01       	movw	r30, r16
    152a:	60 8b       	std	Z+16, r22	; 0x10
    152c:	71 8b       	std	Z+17, r23	; 0x11
    152e:	82 8b       	std	Z+18, r24	; 0x12
    1530:	93 8b       	std	Z+19, r25	; 0x13
    1532:	0f 90       	pop	r0
    1534:	0f 90       	pop	r0
    1536:	0f 90       	pop	r0
    1538:	df 91       	pop	r29
    153a:	cf 91       	pop	r28
    153c:	1f 91       	pop	r17
    153e:	0f 91       	pop	r16
    1540:	ff 90       	pop	r15
    1542:	ef 90       	pop	r14
    1544:	df 90       	pop	r13
    1546:	cf 90       	pop	r12
    1548:	08 95       	ret

0000154a <VL53_GetTimingBudget>:
    154a:	0f 93       	push	r16
    154c:	1f 93       	push	r17
    154e:	cf 93       	push	r28
    1550:	df 93       	push	r29
    1552:	cd b7       	in	r28, 0x3d	; 61
    1554:	de b7       	in	r29, 0x3e	; 62
    1556:	69 97       	sbiw	r28, 0x19	; 25
    1558:	0f b6       	in	r0, 0x3f	; 63
    155a:	f8 94       	cli
    155c:	de bf       	out	0x3e, r29	; 62
    155e:	0f be       	out	0x3f, r0	; 63
    1560:	cd bf       	out	0x3d, r28	; 61
    1562:	8c 01       	movw	r16, r24
    1564:	be 01       	movw	r22, r28
    1566:	6f 5f       	subi	r22, 0xFF	; 255
    1568:	7f 4f       	sbci	r23, 0xFF	; 255
    156a:	0e 94 72 09 	call	0x12e4	; 0x12e4 <VL53_GetSequenceEnables>
    156e:	ae 01       	movw	r20, r28
    1570:	4a 5f       	subi	r20, 0xFA	; 250
    1572:	5f 4f       	sbci	r21, 0xFF	; 255
    1574:	be 01       	movw	r22, r28
    1576:	6f 5f       	subi	r22, 0xFF	; 255
    1578:	7f 4f       	sbci	r23, 0xFF	; 255
    157a:	c8 01       	movw	r24, r16
    157c:	0e 94 2d 0a 	call	0x145a	; 0x145a <VL53_GetSequenceTimeouts>
    1580:	89 81       	ldd	r24, Y+1	; 0x01
    1582:	88 23       	and	r24, r24
    1584:	59 f0       	breq	.+22     	; 0x159c <VL53_GetTimingBudget+0x52>
    1586:	8e 85       	ldd	r24, Y+14	; 0x0e
    1588:	9f 85       	ldd	r25, Y+15	; 0x0f
    158a:	a8 89       	ldd	r26, Y+16	; 0x10
    158c:	b9 89       	ldd	r27, Y+17	; 0x11
    158e:	bc 01       	movw	r22, r24
    1590:	cd 01       	movw	r24, r26
    1592:	6c 57       	subi	r22, 0x7C	; 124
    1594:	72 4f       	sbci	r23, 0xF2	; 242
    1596:	8f 4f       	sbci	r24, 0xFF	; 255
    1598:	9f 4f       	sbci	r25, 0xFF	; 255
    159a:	04 c0       	rjmp	.+8      	; 0x15a4 <VL53_GetTimingBudget+0x5a>
    159c:	66 e3       	ldi	r22, 0x36	; 54
    159e:	7b e0       	ldi	r23, 0x0B	; 11
    15a0:	80 e0       	ldi	r24, 0x00	; 0
    15a2:	90 e0       	ldi	r25, 0x00	; 0
    15a4:	2a 81       	ldd	r18, Y+2	; 0x02
    15a6:	22 23       	and	r18, r18
    15a8:	89 f0       	breq	.+34     	; 0x15cc <VL53_GetTimingBudget+0x82>
    15aa:	0e 85       	ldd	r16, Y+14	; 0x0e
    15ac:	1f 85       	ldd	r17, Y+15	; 0x0f
    15ae:	28 89       	ldd	r18, Y+16	; 0x10
    15b0:	39 89       	ldd	r19, Y+17	; 0x11
    15b2:	0e 54       	subi	r16, 0x4E	; 78
    15b4:	1d 4f       	sbci	r17, 0xFD	; 253
    15b6:	2f 4f       	sbci	r18, 0xFF	; 255
    15b8:	3f 4f       	sbci	r19, 0xFF	; 255
    15ba:	00 0f       	add	r16, r16
    15bc:	11 1f       	adc	r17, r17
    15be:	22 1f       	adc	r18, r18
    15c0:	33 1f       	adc	r19, r19
    15c2:	60 0f       	add	r22, r16
    15c4:	71 1f       	adc	r23, r17
    15c6:	82 1f       	adc	r24, r18
    15c8:	93 1f       	adc	r25, r19
    15ca:	13 c0       	rjmp	.+38     	; 0x15f2 <VL53_GetTimingBudget+0xa8>
    15cc:	2b 81       	ldd	r18, Y+3	; 0x03
    15ce:	22 23       	and	r18, r18
    15d0:	81 f0       	breq	.+32     	; 0x15f2 <VL53_GetTimingBudget+0xa8>
    15d2:	0e 85       	ldd	r16, Y+14	; 0x0e
    15d4:	1f 85       	ldd	r17, Y+15	; 0x0f
    15d6:	28 89       	ldd	r18, Y+16	; 0x10
    15d8:	39 89       	ldd	r19, Y+17	; 0x11
    15da:	dc 01       	movw	r26, r24
    15dc:	cb 01       	movw	r24, r22
    15de:	80 0f       	add	r24, r16
    15e0:	91 1f       	adc	r25, r17
    15e2:	a2 1f       	adc	r26, r18
    15e4:	b3 1f       	adc	r27, r19
    15e6:	bc 01       	movw	r22, r24
    15e8:	cd 01       	movw	r24, r26
    15ea:	6c 56       	subi	r22, 0x6C	; 108
    15ec:	7d 4f       	sbci	r23, 0xFD	; 253
    15ee:	8f 4f       	sbci	r24, 0xFF	; 255
    15f0:	9f 4f       	sbci	r25, 0xFF	; 255
    15f2:	2c 81       	ldd	r18, Y+4	; 0x04
    15f4:	22 23       	and	r18, r18
    15f6:	81 f0       	breq	.+32     	; 0x1618 <VL53_GetTimingBudget+0xce>
    15f8:	0a 89       	ldd	r16, Y+18	; 0x12
    15fa:	1b 89       	ldd	r17, Y+19	; 0x13
    15fc:	2c 89       	ldd	r18, Y+20	; 0x14
    15fe:	3d 89       	ldd	r19, Y+21	; 0x15
    1600:	dc 01       	movw	r26, r24
    1602:	cb 01       	movw	r24, r22
    1604:	80 0f       	add	r24, r16
    1606:	91 1f       	adc	r25, r17
    1608:	a2 1f       	adc	r26, r18
    160a:	b3 1f       	adc	r27, r19
    160c:	bc 01       	movw	r22, r24
    160e:	cd 01       	movw	r24, r26
    1610:	6c 56       	subi	r22, 0x6C	; 108
    1612:	7d 4f       	sbci	r23, 0xFD	; 253
    1614:	8f 4f       	sbci	r24, 0xFF	; 255
    1616:	9f 4f       	sbci	r25, 0xFF	; 255
    1618:	2d 81       	ldd	r18, Y+5	; 0x05
    161a:	22 23       	and	r18, r18
    161c:	81 f0       	breq	.+32     	; 0x163e <VL53_GetTimingBudget+0xf4>
    161e:	0e 89       	ldd	r16, Y+22	; 0x16
    1620:	1f 89       	ldd	r17, Y+23	; 0x17
    1622:	28 8d       	ldd	r18, Y+24	; 0x18
    1624:	39 8d       	ldd	r19, Y+25	; 0x19
    1626:	dc 01       	movw	r26, r24
    1628:	cb 01       	movw	r24, r22
    162a:	80 0f       	add	r24, r16
    162c:	91 1f       	adc	r25, r17
    162e:	a2 1f       	adc	r26, r18
    1630:	b3 1f       	adc	r27, r19
    1632:	bc 01       	movw	r22, r24
    1634:	cd 01       	movw	r24, r26
    1636:	6a 5d       	subi	r22, 0xDA	; 218
    1638:	7d 4f       	sbci	r23, 0xFD	; 253
    163a:	8f 4f       	sbci	r24, 0xFF	; 255
    163c:	9f 4f       	sbci	r25, 0xFF	; 255
    163e:	69 96       	adiw	r28, 0x19	; 25
    1640:	0f b6       	in	r0, 0x3f	; 63
    1642:	f8 94       	cli
    1644:	de bf       	out	0x3e, r29	; 62
    1646:	0f be       	out	0x3f, r0	; 63
    1648:	cd bf       	out	0x3d, r28	; 61
    164a:	df 91       	pop	r29
    164c:	cf 91       	pop	r28
    164e:	1f 91       	pop	r17
    1650:	0f 91       	pop	r16
    1652:	08 95       	ret

00001654 <VL53_SetTimingBudget>:
    1654:	bf 92       	push	r11
    1656:	cf 92       	push	r12
    1658:	df 92       	push	r13
    165a:	ef 92       	push	r14
    165c:	ff 92       	push	r15
    165e:	0f 93       	push	r16
    1660:	1f 93       	push	r17
    1662:	cf 93       	push	r28
    1664:	df 93       	push	r29
    1666:	cd b7       	in	r28, 0x3d	; 61
    1668:	de b7       	in	r29, 0x3e	; 62
    166a:	69 97       	sbiw	r28, 0x19	; 25
    166c:	0f b6       	in	r0, 0x3f	; 63
    166e:	f8 94       	cli
    1670:	de bf       	out	0x3e, r29	; 62
    1672:	0f be       	out	0x3f, r0	; 63
    1674:	cd bf       	out	0x3d, r28	; 61
    1676:	8c 01       	movw	r16, r24
    1678:	6a 01       	movw	r12, r20
    167a:	7b 01       	movw	r14, r22
    167c:	be 01       	movw	r22, r28
    167e:	6f 5f       	subi	r22, 0xFF	; 255
    1680:	7f 4f       	sbci	r23, 0xFF	; 255
    1682:	0e 94 72 09 	call	0x12e4	; 0x12e4 <VL53_GetSequenceEnables>
    1686:	ae 01       	movw	r20, r28
    1688:	4a 5f       	subi	r20, 0xFA	; 250
    168a:	5f 4f       	sbci	r21, 0xFF	; 255
    168c:	be 01       	movw	r22, r28
    168e:	6f 5f       	subi	r22, 0xFF	; 255
    1690:	7f 4f       	sbci	r23, 0xFF	; 255
    1692:	c8 01       	movw	r24, r16
    1694:	0e 94 2d 0a 	call	0x145a	; 0x145a <VL53_GetSequenceTimeouts>
    1698:	89 81       	ldd	r24, Y+1	; 0x01
    169a:	88 23       	and	r24, r24
    169c:	49 f0       	breq	.+18     	; 0x16b0 <VL53_SetTimingBudget+0x5c>
    169e:	8e 85       	ldd	r24, Y+14	; 0x0e
    16a0:	9f 85       	ldd	r25, Y+15	; 0x0f
    16a2:	a8 89       	ldd	r26, Y+16	; 0x10
    16a4:	b9 89       	ldd	r27, Y+17	; 0x11
    16a6:	8c 57       	subi	r24, 0x7C	; 124
    16a8:	92 4f       	sbci	r25, 0xF2	; 242
    16aa:	af 4f       	sbci	r26, 0xFF	; 255
    16ac:	bf 4f       	sbci	r27, 0xFF	; 255
    16ae:	04 c0       	rjmp	.+8      	; 0x16b8 <VL53_SetTimingBudget+0x64>
    16b0:	86 e3       	ldi	r24, 0x36	; 54
    16b2:	9b e0       	ldi	r25, 0x0B	; 11
    16b4:	a0 e0       	ldi	r26, 0x00	; 0
    16b6:	b0 e0       	ldi	r27, 0x00	; 0
    16b8:	2a 81       	ldd	r18, Y+2	; 0x02
    16ba:	22 23       	and	r18, r18
    16bc:	89 f0       	breq	.+34     	; 0x16e0 <VL53_SetTimingBudget+0x8c>
    16be:	4e 85       	ldd	r20, Y+14	; 0x0e
    16c0:	5f 85       	ldd	r21, Y+15	; 0x0f
    16c2:	68 89       	ldd	r22, Y+16	; 0x10
    16c4:	79 89       	ldd	r23, Y+17	; 0x11
    16c6:	4e 54       	subi	r20, 0x4E	; 78
    16c8:	5d 4f       	sbci	r21, 0xFD	; 253
    16ca:	6f 4f       	sbci	r22, 0xFF	; 255
    16cc:	7f 4f       	sbci	r23, 0xFF	; 255
    16ce:	44 0f       	add	r20, r20
    16d0:	55 1f       	adc	r21, r21
    16d2:	66 1f       	adc	r22, r22
    16d4:	77 1f       	adc	r23, r23
    16d6:	84 0f       	add	r24, r20
    16d8:	95 1f       	adc	r25, r21
    16da:	a6 1f       	adc	r26, r22
    16dc:	b7 1f       	adc	r27, r23
    16de:	0f c0       	rjmp	.+30     	; 0x16fe <VL53_SetTimingBudget+0xaa>
    16e0:	2b 81       	ldd	r18, Y+3	; 0x03
    16e2:	22 23       	and	r18, r18
    16e4:	61 f0       	breq	.+24     	; 0x16fe <VL53_SetTimingBudget+0xaa>
    16e6:	4e 85       	ldd	r20, Y+14	; 0x0e
    16e8:	5f 85       	ldd	r21, Y+15	; 0x0f
    16ea:	68 89       	ldd	r22, Y+16	; 0x10
    16ec:	79 89       	ldd	r23, Y+17	; 0x11
    16ee:	84 0f       	add	r24, r20
    16f0:	95 1f       	adc	r25, r21
    16f2:	a6 1f       	adc	r26, r22
    16f4:	b7 1f       	adc	r27, r23
    16f6:	8c 56       	subi	r24, 0x6C	; 108
    16f8:	9d 4f       	sbci	r25, 0xFD	; 253
    16fa:	af 4f       	sbci	r26, 0xFF	; 255
    16fc:	bf 4f       	sbci	r27, 0xFF	; 255
    16fe:	bc 80       	ldd	r11, Y+4	; 0x04
    1700:	bb 20       	and	r11, r11
    1702:	61 f0       	breq	.+24     	; 0x171c <VL53_SetTimingBudget+0xc8>
    1704:	4a 89       	ldd	r20, Y+18	; 0x12
    1706:	5b 89       	ldd	r21, Y+19	; 0x13
    1708:	6c 89       	ldd	r22, Y+20	; 0x14
    170a:	7d 89       	ldd	r23, Y+21	; 0x15
    170c:	84 0f       	add	r24, r20
    170e:	95 1f       	adc	r25, r21
    1710:	a6 1f       	adc	r26, r22
    1712:	b7 1f       	adc	r27, r23
    1714:	8c 56       	subi	r24, 0x6C	; 108
    1716:	9d 4f       	sbci	r25, 0xFD	; 253
    1718:	af 4f       	sbci	r26, 0xFF	; 255
    171a:	bf 4f       	sbci	r27, 0xFF	; 255
    171c:	2d 81       	ldd	r18, Y+5	; 0x05
    171e:	22 23       	and	r18, r18
    1720:	21 f1       	breq	.+72     	; 0x176a <VL53_SetTimingBudget+0x116>
    1722:	8a 5d       	subi	r24, 0xDA	; 218
    1724:	9d 4f       	sbci	r25, 0xFD	; 253
    1726:	af 4f       	sbci	r26, 0xFF	; 255
    1728:	bf 4f       	sbci	r27, 0xFF	; 255
    172a:	c8 16       	cp	r12, r24
    172c:	d9 06       	cpc	r13, r25
    172e:	ea 06       	cpc	r14, r26
    1730:	fb 06       	cpc	r15, r27
    1732:	e8 f0       	brcs	.+58     	; 0x176e <VL53_SetTimingBudget+0x11a>
    1734:	a7 01       	movw	r20, r14
    1736:	96 01       	movw	r18, r12
    1738:	28 1b       	sub	r18, r24
    173a:	39 0b       	sbc	r19, r25
    173c:	4a 0b       	sbc	r20, r26
    173e:	5b 0b       	sbc	r21, r27
    1740:	ca 01       	movw	r24, r20
    1742:	b9 01       	movw	r22, r18
    1744:	4f 81       	ldd	r20, Y+7	; 0x07
    1746:	0e 94 2f 07 	call	0xe5e	; 0xe5e <VL53_TimeoutUsToMclks>
    174a:	bb 20       	and	r11, r11
    174c:	31 f0       	breq	.+12     	; 0x175a <VL53_SetTimingBudget+0x106>
    174e:	2a 85       	ldd	r18, Y+10	; 0x0a
    1750:	3b 85       	ldd	r19, Y+11	; 0x0b
    1752:	62 0f       	add	r22, r18
    1754:	73 1f       	adc	r23, r19
    1756:	81 1d       	adc	r24, r1
    1758:	91 1d       	adc	r25, r1
    175a:	0e 94 d3 06 	call	0xda6	; 0xda6 <VL53_EncodeTimeout>
    175e:	ac 01       	movw	r20, r24
    1760:	61 e7       	ldi	r22, 0x71	; 113
    1762:	c8 01       	movw	r24, r16
    1764:	0e 94 a7 07 	call	0xf4e	; 0xf4e <VL53_WriteReg16>
    1768:	03 c0       	rjmp	.+6      	; 0x1770 <VL53_SetTimingBudget+0x11c>
    176a:	80 e0       	ldi	r24, 0x00	; 0
    176c:	01 c0       	rjmp	.+2      	; 0x1770 <VL53_SetTimingBudget+0x11c>
    176e:	84 e0       	ldi	r24, 0x04	; 4
    1770:	69 96       	adiw	r28, 0x19	; 25
    1772:	0f b6       	in	r0, 0x3f	; 63
    1774:	f8 94       	cli
    1776:	de bf       	out	0x3e, r29	; 62
    1778:	0f be       	out	0x3f, r0	; 63
    177a:	cd bf       	out	0x3d, r28	; 61
    177c:	df 91       	pop	r29
    177e:	cf 91       	pop	r28
    1780:	1f 91       	pop	r17
    1782:	0f 91       	pop	r16
    1784:	ff 90       	pop	r15
    1786:	ef 90       	pop	r14
    1788:	df 90       	pop	r13
    178a:	cf 90       	pop	r12
    178c:	bf 90       	pop	r11
    178e:	08 95       	ret

00001790 <VL53L0X_ObjectInit>:
    1790:	fc 01       	movw	r30, r24
    1792:	89 2b       	or	r24, r25
    1794:	c1 f0       	breq	.+48     	; 0x17c6 <VL53L0X_ObjectInit+0x36>
    1796:	89 e2       	ldi	r24, 0x29	; 41
    1798:	80 83       	st	Z, r24
    179a:	11 82       	std	Z+1, r1	; 0x01
    179c:	12 82       	std	Z+2, r1	; 0x02
    179e:	88 ec       	ldi	r24, 0xC8	; 200
    17a0:	90 e0       	ldi	r25, 0x00	; 0
    17a2:	94 83       	std	Z+4, r25	; 0x04
    17a4:	83 83       	std	Z+3, r24	; 0x03
    17a6:	16 82       	std	Z+6, r1	; 0x06
    17a8:	15 82       	std	Z+5, r1	; 0x05
    17aa:	10 86       	std	Z+8, r1	; 0x08
    17ac:	17 82       	std	Z+7, r1	; 0x07
    17ae:	12 86       	std	Z+10, r1	; 0x0a
    17b0:	11 86       	std	Z+9, r1	; 0x09
    17b2:	13 86       	std	Z+11, r1	; 0x0b
    17b4:	14 86       	std	Z+12, r1	; 0x0c
    17b6:	16 86       	std	Z+14, r1	; 0x0e
    17b8:	15 86       	std	Z+13, r1	; 0x0d
    17ba:	10 8a       	std	Z+16, r1	; 0x10
    17bc:	17 86       	std	Z+15, r1	; 0x0f
    17be:	12 8a       	std	Z+18, r1	; 0x12
    17c0:	11 8a       	std	Z+17, r1	; 0x11
    17c2:	13 8a       	std	Z+19, r1	; 0x13
    17c4:	14 8a       	std	Z+20, r1	; 0x14
    17c6:	08 95       	ret

000017c8 <VL53L0X_Reset>:

/******************************************************************************
 * Reset mediante XSHUT
 ******************************************************************************/
VL53L0X_Status_t VL53L0X_Reset(VL53L0X_t *sensor)
{
    17c8:	fc 01       	movw	r30, r24
    if (sensor == NULL)
    17ca:	89 2b       	or	r24, r25
    17cc:	b1 f1       	breq	.+108    	; 0x183a <VL53L0X_Reset+0x72>
    {
        return VL53L0X_ERROR_PARAMETER;
    }

    if (sensor->xshut.enabled)
    17ce:	84 85       	ldd	r24, Z+12	; 0x0c
    17d0:	88 23       	and	r24, r24
    17d2:	41 f1       	breq	.+80     	; 0x1824 <VL53L0X_Reset+0x5c>
    {
        /*
         * XSHUT LOW:
         * salida LOW.
         */
        *(sensor->xshut.port) &= (uint8_t)~sensor->xshut.mask;
    17d4:	a7 81       	ldd	r26, Z+7	; 0x07
    17d6:	b0 85       	ldd	r27, Z+8	; 0x08
    17d8:	9c 91       	ld	r25, X
    17da:	83 85       	ldd	r24, Z+11	; 0x0b
    17dc:	80 95       	com	r24
    17de:	89 23       	and	r24, r25
    17e0:	8c 93       	st	X, r24
        *(sensor->xshut.ddr)  |= sensor->xshut.mask;
    17e2:	a5 81       	ldd	r26, Z+5	; 0x05
    17e4:	b6 81       	ldd	r27, Z+6	; 0x06
    17e6:	9c 91       	ld	r25, X
    17e8:	83 85       	ldd	r24, Z+11	; 0x0b
    17ea:	89 2b       	or	r24, r25
    17ec:	8c 93       	st	X, r24
    17ee:	8f e3       	ldi	r24, 0x3F	; 63
    17f0:	9f e1       	ldi	r25, 0x1F	; 31
    17f2:	01 97       	sbiw	r24, 0x01	; 1
    17f4:	f1 f7       	brne	.-4      	; 0x17f2 <VL53L0X_Reset+0x2a>
    17f6:	00 c0       	rjmp	.+0      	; 0x17f8 <VL53L0X_Reset+0x30>
    17f8:	00 00       	nop

        /*
         * Liberar XSHUT:
         * entrada de alta impedancia.
         */
        *(sensor->xshut.port) &= (uint8_t)~sensor->xshut.mask;
    17fa:	a7 81       	ldd	r26, Z+7	; 0x07
    17fc:	b0 85       	ldd	r27, Z+8	; 0x08
    17fe:	9c 91       	ld	r25, X
    1800:	83 85       	ldd	r24, Z+11	; 0x0b
    1802:	80 95       	com	r24
    1804:	89 23       	and	r24, r25
    1806:	8c 93       	st	X, r24
        *(sensor->xshut.ddr)  &= (uint8_t)~sensor->xshut.mask;
    1808:	a5 81       	ldd	r26, Z+5	; 0x05
    180a:	b6 81       	ldd	r27, Z+6	; 0x06
    180c:	9c 91       	ld	r25, X
    180e:	83 85       	ldd	r24, Z+11	; 0x0b
    1810:	80 95       	com	r24
    1812:	89 23       	and	r24, r25
    1814:	8c 93       	st	X, r24
    1816:	8f ed       	ldi	r24, 0xDF	; 223
    1818:	9e e2       	ldi	r25, 0x2E	; 46
    181a:	01 97       	sbiw	r24, 0x01	; 1
    181c:	f1 f7       	brne	.-4      	; 0x181a <VL53L0X_Reset+0x52>
    181e:	00 c0       	rjmp	.+0      	; 0x1820 <VL53L0X_Reset+0x58>
    1820:	00 00       	nop
    1822:	06 c0       	rjmp	.+12     	; 0x1830 <VL53L0X_Reset+0x68>
    1824:	8f ed       	ldi	r24, 0xDF	; 223
    1826:	9e e2       	ldi	r25, 0x2E	; 46
    1828:	01 97       	sbiw	r24, 0x01	; 1
    182a:	f1 f7       	brne	.-4      	; 0x1828 <VL53L0X_Reset+0x60>
    182c:	00 c0       	rjmp	.+0      	; 0x182e <VL53L0X_Reset+0x66>
    182e:	00 00       	nop
    else
    {
        _delay_ms(3);
    }

    sensor->address = VL53L0X_DEFAULT_ADDRESS;
    1830:	89 e2       	ldi	r24, 0x29	; 41
    1832:	80 83       	st	Z, r24
    sensor->initialized = 0U;
    1834:	12 82       	std	Z+2, r1	; 0x02

    return VL53L0X_OK;
    1836:	80 e0       	ldi	r24, 0x00	; 0
    1838:	08 95       	ret
 ******************************************************************************/
VL53L0X_Status_t VL53L0X_Reset(VL53L0X_t *sensor)
{
    if (sensor == NULL)
    {
        return VL53L0X_ERROR_PARAMETER;
    183a:	84 e0       	ldi	r24, 0x04	; 4

    sensor->address = VL53L0X_DEFAULT_ADDRESS;
    sensor->initialized = 0U;

    return VL53L0X_OK;
}
    183c:	08 95       	ret

0000183e <VL53L0X_IsConnected>:

/******************************************************************************
 * Comprobar sensor
 ******************************************************************************/
VL53L0X_Status_t VL53L0X_IsConnected(VL53L0X_t *sensor)
{
    183e:	cf 93       	push	r28
    1840:	df 93       	push	r29
    1842:	1f 92       	push	r1
    1844:	cd b7       	in	r28, 0x3d	; 61
    1846:	de b7       	in	r29, 0x3e	; 62
    uint8_t model_id = 0U;
    1848:	19 82       	std	Y+1, r1	; 0x01

    if (sensor == NULL)
    184a:	00 97       	sbiw	r24, 0x00	; 0
    184c:	69 f0       	breq	.+26     	; 0x1868 <VL53L0X_IsConnected+0x2a>
    {
        return VL53L0X_ERROR_PARAMETER;
    }

    if (VL53_ReadReg(sensor, REG_IDENTIFICATION_MODEL_ID, &model_id) != VL53L0X_OK)
    184e:	ae 01       	movw	r20, r28
    1850:	4f 5f       	subi	r20, 0xFF	; 255
    1852:	5f 4f       	sbci	r21, 0xFF	; 255
    1854:	60 ec       	ldi	r22, 0xC0	; 192
    1856:	0e 94 56 08 	call	0x10ac	; 0x10ac <VL53_ReadReg>
    185a:	81 11       	cpse	r24, r1
    185c:	07 c0       	rjmp	.+14     	; 0x186c <VL53L0X_IsConnected+0x2e>
    {
        return VL53L0X_ERROR_I2C;
    }

    if (model_id != VL53L0X_EXPECTED_MODEL_ID)
    185e:	99 81       	ldd	r25, Y+1	; 0x01
    1860:	9e 3e       	cpi	r25, 0xEE	; 238
    1862:	29 f0       	breq	.+10     	; 0x186e <VL53L0X_IsConnected+0x30>
    {
        return VL53L0X_ERROR_ID;
    1864:	82 e0       	ldi	r24, 0x02	; 2
    1866:	03 c0       	rjmp	.+6      	; 0x186e <VL53L0X_IsConnected+0x30>
{
    uint8_t model_id = 0U;

    if (sensor == NULL)
    {
        return VL53L0X_ERROR_PARAMETER;
    1868:	84 e0       	ldi	r24, 0x04	; 4
    186a:	01 c0       	rjmp	.+2      	; 0x186e <VL53L0X_IsConnected+0x30>
    }

    if (VL53_ReadReg(sensor, REG_IDENTIFICATION_MODEL_ID, &model_id) != VL53L0X_OK)
    {
        return VL53L0X_ERROR_I2C;
    186c:	81 e0       	ldi	r24, 0x01	; 1
    {
        return VL53L0X_ERROR_ID;
    }

    return VL53L0X_OK;
}
    186e:	0f 90       	pop	r0
    1870:	df 91       	pop	r29
    1872:	cf 91       	pop	r28
    1874:	08 95       	ret

00001876 <VL53L0X_Init>:

/******************************************************************************
 * Inicializacion
 ******************************************************************************/
VL53L0X_Status_t VL53L0X_Init(VL53L0X_t *sensor)
{
    1876:	cf 92       	push	r12
    1878:	df 92       	push	r13
    187a:	ef 92       	push	r14
    187c:	ff 92       	push	r15
    187e:	0f 93       	push	r16
    1880:	1f 93       	push	r17
    1882:	cf 93       	push	r28
    1884:	df 93       	push	r29
    1886:	cd b7       	in	r28, 0x3d	; 61
    1888:	de b7       	in	r29, 0x3e	; 62
    188a:	29 97       	sbiw	r28, 0x09	; 9
    188c:	0f b6       	in	r0, 0x3f	; 63
    188e:	f8 94       	cli
    1890:	de bf       	out	0x3e, r29	; 62
    1892:	0f be       	out	0x3f, r0	; 63
    1894:	cd bf       	out	0x3d, r28	; 61

    uint32_t timing_budget;

    VL53L0X_Status_t status;

    if (sensor == NULL)
    1896:	00 97       	sbiw	r24, 0x00	; 0
    1898:	09 f4       	brne	.+2      	; 0x189c <VL53L0X_Init+0x26>
    189a:	68 c1       	rjmp	.+720    	; 0x1b6c <VL53L0X_Init+0x2f6>
    189c:	8c 01       	movw	r16, r24
    }

    /*
     * XSHUT permite sincronizar el sensor con el reinicio del ATmega.
     */
    status = VL53L0X_Reset(sensor);
    189e:	0e 94 e4 0b 	call	0x17c8	; 0x17c8 <VL53L0X_Reset>

    if (status != VL53L0X_OK)
    18a2:	81 11       	cpse	r24, r1
    18a4:	9e c1       	rjmp	.+828    	; 0x1be2 <VL53L0X_Init+0x36c>
    {
        return status;
    }

    status = VL53L0X_IsConnected(sensor);
    18a6:	c8 01       	movw	r24, r16
    18a8:	0e 94 1f 0c 	call	0x183e	; 0x183e <VL53L0X_IsConnected>

    if (status != VL53L0X_OK)
    18ac:	81 11       	cpse	r24, r1
    18ae:	99 c1       	rjmp	.+818    	; 0x1be2 <VL53L0X_Init+0x36c>
    }

    /*
     * Configurar I/O del sensor para modo 2.8 V.
     */
    status = VL53_ReadReg(sensor, REG_VHV_CONFIG_PAD_SCL_SDA_EXTSUP_HV, &value);
    18b0:	ae 01       	movw	r20, r28
    18b2:	4f 5f       	subi	r20, 0xFF	; 255
    18b4:	5f 4f       	sbci	r21, 0xFF	; 255
    18b6:	69 e8       	ldi	r22, 0x89	; 137
    18b8:	c8 01       	movw	r24, r16
    18ba:	0e 94 56 08 	call	0x10ac	; 0x10ac <VL53_ReadReg>
    if (status != VL53L0X_OK) return status;
    18be:	81 11       	cpse	r24, r1
    18c0:	90 c1       	rjmp	.+800    	; 0x1be2 <VL53L0X_Init+0x36c>

    status = VL53_WriteReg(
    18c2:	49 81       	ldd	r20, Y+1	; 0x01
    18c4:	41 60       	ori	r20, 0x01	; 1
    18c6:	69 e8       	ldi	r22, 0x89	; 137
    18c8:	c8 01       	movw	r24, r16
    18ca:	0e 94 b9 07 	call	0xf72	; 0xf72 <VL53_WriteReg>
        sensor,
        REG_VHV_CONFIG_PAD_SCL_SDA_EXTSUP_HV,
        (uint8_t)(value | 0x01U));

    if (status != VL53L0X_OK) return status;
    18ce:	81 11       	cpse	r24, r1
    18d0:	88 c1       	rjmp	.+784    	; 0x1be2 <VL53L0X_Init+0x36c>

    /*
     * Modo I2C estandar.
     */
    if (VL53_WriteReg(sensor, 0x88, 0x00) != VL53L0X_OK)
    18d2:	40 e0       	ldi	r20, 0x00	; 0
    18d4:	68 e8       	ldi	r22, 0x88	; 136
    18d6:	c8 01       	movw	r24, r16
    18d8:	0e 94 b9 07 	call	0xf72	; 0xf72 <VL53_WriteReg>
    18dc:	81 11       	cpse	r24, r1
    18de:	48 c1       	rjmp	.+656    	; 0x1b70 <VL53L0X_Init+0x2fa>
        return VL53L0X_ERROR_I2C;

    /*
     * Obtener variable interna utilizada al iniciar cada medicion.
     */
    if (VL53_WriteReg(sensor, 0x80, 0x01) != VL53L0X_OK) return VL53L0X_ERROR_I2C;
    18e0:	41 e0       	ldi	r20, 0x01	; 1
    18e2:	60 e8       	ldi	r22, 0x80	; 128
    18e4:	c8 01       	movw	r24, r16
    18e6:	0e 94 b9 07 	call	0xf72	; 0xf72 <VL53_WriteReg>
    18ea:	81 11       	cpse	r24, r1
    18ec:	43 c1       	rjmp	.+646    	; 0x1b74 <VL53L0X_Init+0x2fe>
    if (VL53_WriteReg(sensor, 0xFF, 0x01) != VL53L0X_OK) return VL53L0X_ERROR_I2C;
    18ee:	41 e0       	ldi	r20, 0x01	; 1
    18f0:	6f ef       	ldi	r22, 0xFF	; 255
    18f2:	c8 01       	movw	r24, r16
    18f4:	0e 94 b9 07 	call	0xf72	; 0xf72 <VL53_WriteReg>
    18f8:	81 11       	cpse	r24, r1
    18fa:	3e c1       	rjmp	.+636    	; 0x1b78 <VL53L0X_Init+0x302>
    if (VL53_WriteReg(sensor, 0x00, 0x00) != VL53L0X_OK) return VL53L0X_ERROR_I2C;
    18fc:	40 e0       	ldi	r20, 0x00	; 0
    18fe:	60 e0       	ldi	r22, 0x00	; 0
    1900:	c8 01       	movw	r24, r16
    1902:	0e 94 b9 07 	call	0xf72	; 0xf72 <VL53_WriteReg>
    1906:	81 11       	cpse	r24, r1
    1908:	39 c1       	rjmp	.+626    	; 0x1b7c <VL53L0X_Init+0x306>

    if (VL53_ReadReg(sensor, 0x91, &sensor->stop_variable) != VL53L0X_OK)
    190a:	a8 01       	movw	r20, r16
    190c:	4f 5f       	subi	r20, 0xFF	; 255
    190e:	5f 4f       	sbci	r21, 0xFF	; 255
    1910:	61 e9       	ldi	r22, 0x91	; 145
    1912:	c8 01       	movw	r24, r16
    1914:	0e 94 56 08 	call	0x10ac	; 0x10ac <VL53_ReadReg>
    1918:	81 11       	cpse	r24, r1
    191a:	32 c1       	rjmp	.+612    	; 0x1b80 <VL53L0X_Init+0x30a>
        return VL53L0X_ERROR_I2C;

    if (VL53_WriteReg(sensor, 0x00, 0x01) != VL53L0X_OK) return VL53L0X_ERROR_I2C;
    191c:	41 e0       	ldi	r20, 0x01	; 1
    191e:	60 e0       	ldi	r22, 0x00	; 0
    1920:	c8 01       	movw	r24, r16
    1922:	0e 94 b9 07 	call	0xf72	; 0xf72 <VL53_WriteReg>
    1926:	81 11       	cpse	r24, r1
    1928:	2d c1       	rjmp	.+602    	; 0x1b84 <VL53L0X_Init+0x30e>
    if (VL53_WriteReg(sensor, 0xFF, 0x00) != VL53L0X_OK) return VL53L0X_ERROR_I2C;
    192a:	40 e0       	ldi	r20, 0x00	; 0
    192c:	6f ef       	ldi	r22, 0xFF	; 255
    192e:	c8 01       	movw	r24, r16
    1930:	0e 94 b9 07 	call	0xf72	; 0xf72 <VL53_WriteReg>
    1934:	81 11       	cpse	r24, r1
    1936:	28 c1       	rjmp	.+592    	; 0x1b88 <VL53L0X_Init+0x312>
    if (VL53_WriteReg(sensor, 0x80, 0x00) != VL53L0X_OK) return VL53L0X_ERROR_I2C;
    1938:	40 e0       	ldi	r20, 0x00	; 0
    193a:	60 e8       	ldi	r22, 0x80	; 128
    193c:	c8 01       	movw	r24, r16
    193e:	0e 94 b9 07 	call	0xf72	; 0xf72 <VL53_WriteReg>
    1942:	81 11       	cpse	r24, r1
    1944:	23 c1       	rjmp	.+582    	; 0x1b8c <VL53L0X_Init+0x316>

    /*
     * Deshabilitar algunos chequeos previos de limite.
     */
    if (VL53_ReadReg(sensor, REG_MSRC_CONFIG_CONTROL, &value) != VL53L0X_OK)
    1946:	ae 01       	movw	r20, r28
    1948:	4f 5f       	subi	r20, 0xFF	; 255
    194a:	5f 4f       	sbci	r21, 0xFF	; 255
    194c:	60 e6       	ldi	r22, 0x60	; 96
    194e:	c8 01       	movw	r24, r16
    1950:	0e 94 56 08 	call	0x10ac	; 0x10ac <VL53_ReadReg>
    1954:	81 11       	cpse	r24, r1
    1956:	1c c1       	rjmp	.+568    	; 0x1b90 <VL53L0X_Init+0x31a>
        return VL53L0X_ERROR_I2C;

    if (VL53_WriteReg(
    1958:	49 81       	ldd	r20, Y+1	; 0x01
    195a:	42 61       	ori	r20, 0x12	; 18
    195c:	60 e6       	ldi	r22, 0x60	; 96
    195e:	c8 01       	movw	r24, r16
    1960:	0e 94 b9 07 	call	0xf72	; 0xf72 <VL53_WriteReg>
    1964:	81 11       	cpse	r24, r1
    1966:	16 c1       	rjmp	.+556    	; 0x1b94 <VL53L0X_Init+0x31e>
    /*
     * Limite de señal = 0.25 MCPS.
     * Registro usa formato fijo Q9.7:
     * 0.25 * 128 = 32.
     */
    if (VL53_WriteReg16(
    1968:	40 e2       	ldi	r20, 0x20	; 32
    196a:	50 e0       	ldi	r21, 0x00	; 0
    196c:	64 e4       	ldi	r22, 0x44	; 68
    196e:	c8 01       	movw	r24, r16
    1970:	0e 94 a7 07 	call	0xf4e	; 0xf4e <VL53_WriteReg16>
    1974:	81 11       	cpse	r24, r1
    1976:	10 c1       	rjmp	.+544    	; 0x1b98 <VL53L0X_Init+0x322>
            32U) != VL53L0X_OK)
    {
        return VL53L0X_ERROR_I2C;
    }

    if (VL53_WriteReg(sensor, REG_SYSTEM_SEQUENCE_CONFIG, 0xFF) != VL53L0X_OK)
    1978:	4f ef       	ldi	r20, 0xFF	; 255
    197a:	61 e0       	ldi	r22, 0x01	; 1
    197c:	c8 01       	movw	r24, r16
    197e:	0e 94 b9 07 	call	0xf72	; 0xf72 <VL53_WriteReg>
    1982:	81 11       	cpse	r24, r1
    1984:	0b c1       	rjmp	.+534    	; 0x1b9c <VL53L0X_Init+0x326>


    /**************************************************************************
     * Obtener informacion de SPAD
     **************************************************************************/
    status = VL53_GetSpadInfo(
    1986:	ae 01       	movw	r20, r28
    1988:	4d 5f       	subi	r20, 0xFD	; 253
    198a:	5f 4f       	sbci	r21, 0xFF	; 255
    198c:	be 01       	movw	r22, r28
    198e:	6e 5f       	subi	r22, 0xFE	; 254
    1990:	7f 4f       	sbci	r23, 0xFF	; 255
    1992:	c8 01       	movw	r24, r16
    1994:	0e 94 5a 08 	call	0x10b4	; 0x10b4 <VL53_GetSpadInfo>
        sensor,
        &spad_count,
        &spad_is_aperture);

    if (status != VL53L0X_OK)
    1998:	81 11       	cpse	r24, r1
    199a:	23 c1       	rjmp	.+582    	; 0x1be2 <VL53L0X_Init+0x36c>
    {
        return status;
    }

    if (VL53_ReadMulti(
    199c:	26 e0       	ldi	r18, 0x06	; 6
    199e:	ae 01       	movw	r20, r28
    19a0:	4c 5f       	subi	r20, 0xFC	; 252
    19a2:	5f 4f       	sbci	r21, 0xFF	; 255
    19a4:	60 eb       	ldi	r22, 0xB0	; 176
    19a6:	c8 01       	movw	r24, r16
    19a8:	0e 94 ee 07 	call	0xfdc	; 0xfdc <VL53_ReadMulti>
    19ac:	81 11       	cpse	r24, r1
    19ae:	f8 c0       	rjmp	.+496    	; 0x1ba0 <VL53L0X_Init+0x32a>
            6U) != VL53L0X_OK)
    {
        return VL53L0X_ERROR_I2C;
    }

    if (VL53_WriteReg(sensor, 0xFF, 0x01) != VL53L0X_OK) return VL53L0X_ERROR_I2C;
    19b0:	41 e0       	ldi	r20, 0x01	; 1
    19b2:	6f ef       	ldi	r22, 0xFF	; 255
    19b4:	c8 01       	movw	r24, r16
    19b6:	0e 94 b9 07 	call	0xf72	; 0xf72 <VL53_WriteReg>
    19ba:	81 11       	cpse	r24, r1
    19bc:	f3 c0       	rjmp	.+486    	; 0x1ba4 <VL53L0X_Init+0x32e>

    if (VL53_WriteReg(
    19be:	40 e0       	ldi	r20, 0x00	; 0
    19c0:	6f e4       	ldi	r22, 0x4F	; 79
    19c2:	c8 01       	movw	r24, r16
    19c4:	0e 94 b9 07 	call	0xf72	; 0xf72 <VL53_WriteReg>
    19c8:	81 11       	cpse	r24, r1
    19ca:	ee c0       	rjmp	.+476    	; 0x1ba8 <VL53L0X_Init+0x332>
            0x00) != VL53L0X_OK)
    {
        return VL53L0X_ERROR_I2C;
    }

    if (VL53_WriteReg(
    19cc:	4c e2       	ldi	r20, 0x2C	; 44
    19ce:	6e e4       	ldi	r22, 0x4E	; 78
    19d0:	c8 01       	movw	r24, r16
    19d2:	0e 94 b9 07 	call	0xf72	; 0xf72 <VL53_WriteReg>
    19d6:	81 11       	cpse	r24, r1
    19d8:	e9 c0       	rjmp	.+466    	; 0x1bac <VL53L0X_Init+0x336>
            0x2C) != VL53L0X_OK)
    {
        return VL53L0X_ERROR_I2C;
    }

    if (VL53_WriteReg(sensor, 0xFF, 0x00) != VL53L0X_OK) return VL53L0X_ERROR_I2C;
    19da:	40 e0       	ldi	r20, 0x00	; 0
    19dc:	6f ef       	ldi	r22, 0xFF	; 255
    19de:	c8 01       	movw	r24, r16
    19e0:	0e 94 b9 07 	call	0xf72	; 0xf72 <VL53_WriteReg>
    19e4:	81 11       	cpse	r24, r1
    19e6:	e4 c0       	rjmp	.+456    	; 0x1bb0 <VL53L0X_Init+0x33a>

    if (VL53_WriteReg(
    19e8:	44 eb       	ldi	r20, 0xB4	; 180
    19ea:	66 eb       	ldi	r22, 0xB6	; 182
    19ec:	c8 01       	movw	r24, r16
    19ee:	0e 94 b9 07 	call	0xf72	; 0xf72 <VL53_WriteReg>
    19f2:	81 11       	cpse	r24, r1
    19f4:	df c0       	rjmp	.+446    	; 0x1bb4 <VL53L0X_Init+0x33e>
            0xB4) != VL53L0X_OK)
    {
        return VL53L0X_ERROR_I2C;
    }

    first_spad = spad_is_aperture ? 12U : 0U;
    19f6:	8b 81       	ldd	r24, Y+3	; 0x03
    19f8:	88 23       	and	r24, r24
    19fa:	11 f0       	breq	.+4      	; 0x1a00 <VL53L0X_Init+0x18a>
    19fc:	5c e0       	ldi	r21, 0x0C	; 12
    19fe:	01 c0       	rjmp	.+2      	; 0x1a02 <VL53L0X_Init+0x18c>
    1a00:	50 e0       	ldi	r21, 0x00	; 0
    enabled_spads = 0U;

    for (i = 0U; i < 48U; i++)
    1a02:	80 e0       	ldi	r24, 0x00	; 0
    {
        return VL53L0X_ERROR_I2C;
    }

    first_spad = spad_is_aperture ? 12U : 0U;
    enabled_spads = 0U;
    1a04:	40 e0       	ldi	r20, 0x00	; 0

    for (i = 0U; i < 48U; i++)
    1a06:	33 c0       	rjmp	.+102    	; 0x1a6e <VL53L0X_Init+0x1f8>
    {
        if ((i < first_spad) || (enabled_spads == spad_count))
    1a08:	85 17       	cp	r24, r21
    1a0a:	18 f0       	brcs	.+6      	; 0x1a12 <VL53L0X_Init+0x19c>
    1a0c:	9a 81       	ldd	r25, Y+2	; 0x02
    1a0e:	49 13       	cpse	r20, r25
    1a10:	18 c0       	rjmp	.+48     	; 0x1a42 <VL53L0X_Init+0x1cc>
        {
            spad_map[i / 8U] &= (uint8_t)~(1U << (i % 8U));
    1a12:	98 2f       	mov	r25, r24
    1a14:	97 70       	andi	r25, 0x07	; 7
    1a16:	21 e0       	ldi	r18, 0x01	; 1
    1a18:	30 e0       	ldi	r19, 0x00	; 0
    1a1a:	02 c0       	rjmp	.+4      	; 0x1a20 <VL53L0X_Init+0x1aa>
    1a1c:	22 0f       	add	r18, r18
    1a1e:	33 1f       	adc	r19, r19
    1a20:	9a 95       	dec	r25
    1a22:	e2 f7       	brpl	.-8      	; 0x1a1c <VL53L0X_Init+0x1a6>
    1a24:	20 95       	com	r18
    1a26:	98 2f       	mov	r25, r24
    1a28:	96 95       	lsr	r25
    1a2a:	96 95       	lsr	r25
    1a2c:	96 95       	lsr	r25
    1a2e:	e4 e0       	ldi	r30, 0x04	; 4
    1a30:	f0 e0       	ldi	r31, 0x00	; 0
    1a32:	ec 0f       	add	r30, r28
    1a34:	fd 1f       	adc	r31, r29
    1a36:	e9 0f       	add	r30, r25
    1a38:	f1 1d       	adc	r31, r1
    1a3a:	90 81       	ld	r25, Z
    1a3c:	92 23       	and	r25, r18
    1a3e:	90 83       	st	Z, r25
    1a40:	15 c0       	rjmp	.+42     	; 0x1a6c <VL53L0X_Init+0x1f6>
        }
        else if ((spad_map[i / 8U] >> (i % 8U)) & 0x01U)
    1a42:	98 2f       	mov	r25, r24
    1a44:	96 95       	lsr	r25
    1a46:	96 95       	lsr	r25
    1a48:	96 95       	lsr	r25
    1a4a:	e4 e0       	ldi	r30, 0x04	; 4
    1a4c:	f0 e0       	ldi	r31, 0x00	; 0
    1a4e:	ec 0f       	add	r30, r28
    1a50:	fd 1f       	adc	r31, r29
    1a52:	e9 0f       	add	r30, r25
    1a54:	f1 1d       	adc	r31, r1
    1a56:	20 81       	ld	r18, Z
    1a58:	30 e0       	ldi	r19, 0x00	; 0
    1a5a:	98 2f       	mov	r25, r24
    1a5c:	97 70       	andi	r25, 0x07	; 7
    1a5e:	02 c0       	rjmp	.+4      	; 0x1a64 <VL53L0X_Init+0x1ee>
    1a60:	35 95       	asr	r19
    1a62:	27 95       	ror	r18
    1a64:	9a 95       	dec	r25
    1a66:	e2 f7       	brpl	.-8      	; 0x1a60 <VL53L0X_Init+0x1ea>
    1a68:	20 fd       	sbrc	r18, 0
        {
            enabled_spads++;
    1a6a:	4f 5f       	subi	r20, 0xFF	; 255
    }

    first_spad = spad_is_aperture ? 12U : 0U;
    enabled_spads = 0U;

    for (i = 0U; i < 48U; i++)
    1a6c:	8f 5f       	subi	r24, 0xFF	; 255
    1a6e:	80 33       	cpi	r24, 0x30	; 48
    1a70:	58 f2       	brcs	.-106    	; 0x1a08 <VL53L0X_Init+0x192>
        {
            enabled_spads++;
        }
    }

    if (VL53_WriteMulti(
    1a72:	26 e0       	ldi	r18, 0x06	; 6
    1a74:	ae 01       	movw	r20, r28
    1a76:	4c 5f       	subi	r20, 0xFC	; 252
    1a78:	5f 4f       	sbci	r21, 0xFF	; 255
    1a7a:	60 eb       	ldi	r22, 0xB0	; 176
    1a7c:	c8 01       	movw	r24, r16
    1a7e:	0e 94 5d 07 	call	0xeba	; 0xeba <VL53_WriteMulti>
    1a82:	81 11       	cpse	r24, r1
    1a84:	99 c0       	rjmp	.+306    	; 0x1bb8 <VL53L0X_Init+0x342>
    1a86:	f1 2c       	mov	r15, r1
    1a88:	12 c0       	rjmp	.+36     	; 0x1aae <VL53L0X_Init+0x238>
     **************************************************************************/
    for (i = 0U;
         i < (uint8_t)(sizeof(VL53_tuning) / sizeof(VL53_tuning[0]));
         i++)
    {
        uint8_t reg = pgm_read_byte(&VL53_tuning[i][0]);
    1a8a:	8f 2d       	mov	r24, r15
    1a8c:	90 e0       	ldi	r25, 0x00	; 0
    1a8e:	88 0f       	add	r24, r24
    1a90:	99 1f       	adc	r25, r25
    1a92:	fc 01       	movw	r30, r24
    1a94:	e8 59       	subi	r30, 0x98	; 152
    1a96:	ff 4f       	sbci	r31, 0xFF	; 255
    1a98:	64 91       	lpm	r22, Z
        uint8_t val = pgm_read_byte(&VL53_tuning[i][1]);
    1a9a:	fc 01       	movw	r30, r24
    1a9c:	e7 59       	subi	r30, 0x97	; 151
    1a9e:	ff 4f       	sbci	r31, 0xFF	; 255
    1aa0:	44 91       	lpm	r20, Z

        if (VL53_WriteReg(sensor, reg, val) != VL53L0X_OK)
    1aa2:	c8 01       	movw	r24, r16
    1aa4:	0e 94 b9 07 	call	0xf72	; 0xf72 <VL53_WriteReg>
    1aa8:	81 11       	cpse	r24, r1
    1aaa:	88 c0       	rjmp	.+272    	; 0x1bbc <VL53L0X_Init+0x346>
    /**************************************************************************
     * Aplicar configuracion de tuning
     **************************************************************************/
    for (i = 0U;
         i < (uint8_t)(sizeof(VL53_tuning) / sizeof(VL53_tuning[0]));
         i++)
    1aac:	f3 94       	inc	r15


    /**************************************************************************
     * Aplicar configuracion de tuning
     **************************************************************************/
    for (i = 0U;
    1aae:	8f e4       	ldi	r24, 0x4F	; 79
    1ab0:	8f 15       	cp	r24, r15
    1ab2:	58 f7       	brcc	.-42     	; 0x1a8a <VL53L0X_Init+0x214>


    /**************************************************************************
     * GPIO1 = nueva medicion lista, activo LOW
     **************************************************************************/
    if (VL53_WriteReg(
    1ab4:	44 e0       	ldi	r20, 0x04	; 4
    1ab6:	6a e0       	ldi	r22, 0x0A	; 10
    1ab8:	c8 01       	movw	r24, r16
    1aba:	0e 94 b9 07 	call	0xf72	; 0xf72 <VL53_WriteReg>
    1abe:	81 11       	cpse	r24, r1
    1ac0:	7f c0       	rjmp	.+254    	; 0x1bc0 <VL53L0X_Init+0x34a>
            0x04) != VL53L0X_OK)
    {
        return VL53L0X_ERROR_I2C;
    }

    if (VL53_ReadReg(sensor, REG_GPIO_HV_MUX_ACTIVE_HIGH, &value) != VL53L0X_OK)
    1ac2:	ae 01       	movw	r20, r28
    1ac4:	4f 5f       	subi	r20, 0xFF	; 255
    1ac6:	5f 4f       	sbci	r21, 0xFF	; 255
    1ac8:	64 e8       	ldi	r22, 0x84	; 132
    1aca:	c8 01       	movw	r24, r16
    1acc:	0e 94 56 08 	call	0x10ac	; 0x10ac <VL53_ReadReg>
    1ad0:	81 11       	cpse	r24, r1
    1ad2:	78 c0       	rjmp	.+240    	; 0x1bc4 <VL53L0X_Init+0x34e>
        return VL53L0X_ERROR_I2C;

    if (VL53_WriteReg(
    1ad4:	49 81       	ldd	r20, Y+1	; 0x01
    1ad6:	4f 7e       	andi	r20, 0xEF	; 239
    1ad8:	64 e8       	ldi	r22, 0x84	; 132
    1ada:	c8 01       	movw	r24, r16
    1adc:	0e 94 b9 07 	call	0xf72	; 0xf72 <VL53_WriteReg>
    1ae0:	81 11       	cpse	r24, r1
    1ae2:	72 c0       	rjmp	.+228    	; 0x1bc8 <VL53L0X_Init+0x352>
            (uint8_t)(value & (uint8_t)~0x10U)) != VL53L0X_OK)
    {
        return VL53L0X_ERROR_I2C;
    }

    if (VL53_WriteReg(sensor, REG_SYSTEM_INTERRUPT_CLEAR, 0x01) != VL53L0X_OK)
    1ae4:	41 e0       	ldi	r20, 0x01	; 1
    1ae6:	6b e0       	ldi	r22, 0x0B	; 11
    1ae8:	c8 01       	movw	r24, r16
    1aea:	0e 94 b9 07 	call	0xf72	; 0xf72 <VL53_WriteReg>
    1aee:	81 11       	cpse	r24, r1
    1af0:	6d c0       	rjmp	.+218    	; 0x1bcc <VL53L0X_Init+0x356>


    /**************************************************************************
     * Mantener el timing budget actual mientras se cambia la secuencia.
     **************************************************************************/
    timing_budget = VL53_GetTimingBudget(sensor);
    1af2:	c8 01       	movw	r24, r16
    1af4:	0e 94 a5 0a 	call	0x154a	; 0x154a <VL53_GetTimingBudget>
    1af8:	6b 01       	movw	r12, r22
    1afa:	7c 01       	movw	r14, r24

    if (timing_budget == 0U)
    1afc:	67 2b       	or	r22, r23
    1afe:	68 2b       	or	r22, r24
    1b00:	69 2b       	or	r22, r25
    1b02:	09 f4       	brne	.+2      	; 0x1b06 <VL53L0X_Init+0x290>
    1b04:	65 c0       	rjmp	.+202    	; 0x1bd0 <VL53L0X_Init+0x35a>
    {
        return VL53L0X_ERROR_I2C;
    }

    if (VL53_WriteReg(sensor, REG_SYSTEM_SEQUENCE_CONFIG, 0xE8) != VL53L0X_OK)
    1b06:	48 ee       	ldi	r20, 0xE8	; 232
    1b08:	61 e0       	ldi	r22, 0x01	; 1
    1b0a:	c8 01       	movw	r24, r16
    1b0c:	0e 94 b9 07 	call	0xf72	; 0xf72 <VL53_WriteReg>
    1b10:	81 11       	cpse	r24, r1
    1b12:	60 c0       	rjmp	.+192    	; 0x1bd4 <VL53L0X_Init+0x35e>
        return VL53L0X_ERROR_I2C;

    status = VL53_SetTimingBudget(sensor, timing_budget);
    1b14:	b7 01       	movw	r22, r14
    1b16:	a6 01       	movw	r20, r12
    1b18:	c8 01       	movw	r24, r16
    1b1a:	0e 94 2a 0b 	call	0x1654	; 0x1654 <VL53_SetTimingBudget>

    if (status != VL53L0X_OK)
    1b1e:	81 11       	cpse	r24, r1
    1b20:	60 c0       	rjmp	.+192    	; 0x1be2 <VL53L0X_Init+0x36c>


    /**************************************************************************
     * Calibraciones de referencia.
     **************************************************************************/
    if (VL53_WriteReg(sensor, REG_SYSTEM_SEQUENCE_CONFIG, 0x01) != VL53L0X_OK)
    1b22:	41 e0       	ldi	r20, 0x01	; 1
    1b24:	61 e0       	ldi	r22, 0x01	; 1
    1b26:	c8 01       	movw	r24, r16
    1b28:	0e 94 b9 07 	call	0xf72	; 0xf72 <VL53_WriteReg>
    1b2c:	81 11       	cpse	r24, r1
    1b2e:	54 c0       	rjmp	.+168    	; 0x1bd8 <VL53L0X_Init+0x362>
        return VL53L0X_ERROR_I2C;

    status = VL53_ReferenceCalibration(sensor, 0x40);
    1b30:	60 e4       	ldi	r22, 0x40	; 64
    1b32:	c8 01       	movw	r24, r16
    1b34:	0e 94 b9 09 	call	0x1372	; 0x1372 <VL53_ReferenceCalibration>

    if (status != VL53L0X_OK)
    1b38:	81 11       	cpse	r24, r1
    1b3a:	53 c0       	rjmp	.+166    	; 0x1be2 <VL53L0X_Init+0x36c>
    {
        return status;
    }

    if (VL53_WriteReg(sensor, REG_SYSTEM_SEQUENCE_CONFIG, 0x02) != VL53L0X_OK)
    1b3c:	42 e0       	ldi	r20, 0x02	; 2
    1b3e:	61 e0       	ldi	r22, 0x01	; 1
    1b40:	c8 01       	movw	r24, r16
    1b42:	0e 94 b9 07 	call	0xf72	; 0xf72 <VL53_WriteReg>
    1b46:	81 11       	cpse	r24, r1
    1b48:	49 c0       	rjmp	.+146    	; 0x1bdc <VL53L0X_Init+0x366>
        return VL53L0X_ERROR_I2C;

    status = VL53_ReferenceCalibration(sensor, 0x00);
    1b4a:	60 e0       	ldi	r22, 0x00	; 0
    1b4c:	c8 01       	movw	r24, r16
    1b4e:	0e 94 b9 09 	call	0x1372	; 0x1372 <VL53_ReferenceCalibration>

    if (status != VL53L0X_OK)
    1b52:	81 11       	cpse	r24, r1
    1b54:	46 c0       	rjmp	.+140    	; 0x1be2 <VL53L0X_Init+0x36c>
    {
        return status;
    }

    if (VL53_WriteReg(sensor, REG_SYSTEM_SEQUENCE_CONFIG, 0xE8) != VL53L0X_OK)
    1b56:	48 ee       	ldi	r20, 0xE8	; 232
    1b58:	61 e0       	ldi	r22, 0x01	; 1
    1b5a:	c8 01       	movw	r24, r16
    1b5c:	0e 94 b9 07 	call	0xf72	; 0xf72 <VL53_WriteReg>
    1b60:	81 11       	cpse	r24, r1
    1b62:	3e c0       	rjmp	.+124    	; 0x1be0 <VL53L0X_Init+0x36a>
        return VL53L0X_ERROR_I2C;

    sensor->initialized = 1U;
    1b64:	91 e0       	ldi	r25, 0x01	; 1
    1b66:	f8 01       	movw	r30, r16
    1b68:	92 83       	std	Z+2, r25	; 0x02

    return VL53L0X_OK;
    1b6a:	3b c0       	rjmp	.+118    	; 0x1be2 <VL53L0X_Init+0x36c>

    VL53L0X_Status_t status;

    if (sensor == NULL)
    {
        return VL53L0X_ERROR_PARAMETER;
    1b6c:	84 e0       	ldi	r24, 0x04	; 4
    1b6e:	39 c0       	rjmp	.+114    	; 0x1be2 <VL53L0X_Init+0x36c>

    /*
     * Modo I2C estandar.
     */
    if (VL53_WriteReg(sensor, 0x88, 0x00) != VL53L0X_OK)
        return VL53L0X_ERROR_I2C;
    1b70:	81 e0       	ldi	r24, 0x01	; 1
    1b72:	37 c0       	rjmp	.+110    	; 0x1be2 <VL53L0X_Init+0x36c>

    /*
     * Obtener variable interna utilizada al iniciar cada medicion.
     */
    if (VL53_WriteReg(sensor, 0x80, 0x01) != VL53L0X_OK) return VL53L0X_ERROR_I2C;
    1b74:	81 e0       	ldi	r24, 0x01	; 1
    1b76:	35 c0       	rjmp	.+106    	; 0x1be2 <VL53L0X_Init+0x36c>
    if (VL53_WriteReg(sensor, 0xFF, 0x01) != VL53L0X_OK) return VL53L0X_ERROR_I2C;
    1b78:	81 e0       	ldi	r24, 0x01	; 1
    1b7a:	33 c0       	rjmp	.+102    	; 0x1be2 <VL53L0X_Init+0x36c>
    if (VL53_WriteReg(sensor, 0x00, 0x00) != VL53L0X_OK) return VL53L0X_ERROR_I2C;
    1b7c:	81 e0       	ldi	r24, 0x01	; 1
    1b7e:	31 c0       	rjmp	.+98     	; 0x1be2 <VL53L0X_Init+0x36c>

    if (VL53_ReadReg(sensor, 0x91, &sensor->stop_variable) != VL53L0X_OK)
        return VL53L0X_ERROR_I2C;
    1b80:	81 e0       	ldi	r24, 0x01	; 1
    1b82:	2f c0       	rjmp	.+94     	; 0x1be2 <VL53L0X_Init+0x36c>

    if (VL53_WriteReg(sensor, 0x00, 0x01) != VL53L0X_OK) return VL53L0X_ERROR_I2C;
    1b84:	81 e0       	ldi	r24, 0x01	; 1
    1b86:	2d c0       	rjmp	.+90     	; 0x1be2 <VL53L0X_Init+0x36c>
    if (VL53_WriteReg(sensor, 0xFF, 0x00) != VL53L0X_OK) return VL53L0X_ERROR_I2C;
    1b88:	81 e0       	ldi	r24, 0x01	; 1
    1b8a:	2b c0       	rjmp	.+86     	; 0x1be2 <VL53L0X_Init+0x36c>
    if (VL53_WriteReg(sensor, 0x80, 0x00) != VL53L0X_OK) return VL53L0X_ERROR_I2C;
    1b8c:	81 e0       	ldi	r24, 0x01	; 1
    1b8e:	29 c0       	rjmp	.+82     	; 0x1be2 <VL53L0X_Init+0x36c>

    /*
     * Deshabilitar algunos chequeos previos de limite.
     */
    if (VL53_ReadReg(sensor, REG_MSRC_CONFIG_CONTROL, &value) != VL53L0X_OK)
        return VL53L0X_ERROR_I2C;
    1b90:	81 e0       	ldi	r24, 0x01	; 1
    1b92:	27 c0       	rjmp	.+78     	; 0x1be2 <VL53L0X_Init+0x36c>
    if (VL53_WriteReg(
            sensor,
            REG_MSRC_CONFIG_CONTROL,
            (uint8_t)(value | 0x12U)) != VL53L0X_OK)
    {
        return VL53L0X_ERROR_I2C;
    1b94:	81 e0       	ldi	r24, 0x01	; 1
    1b96:	25 c0       	rjmp	.+74     	; 0x1be2 <VL53L0X_Init+0x36c>
    if (VL53_WriteReg16(
            sensor,
            REG_FINAL_RANGE_MIN_COUNT_RATE,
            32U) != VL53L0X_OK)
    {
        return VL53L0X_ERROR_I2C;
    1b98:	81 e0       	ldi	r24, 0x01	; 1
    1b9a:	23 c0       	rjmp	.+70     	; 0x1be2 <VL53L0X_Init+0x36c>
    }

    if (VL53_WriteReg(sensor, REG_SYSTEM_SEQUENCE_CONFIG, 0xFF) != VL53L0X_OK)
        return VL53L0X_ERROR_I2C;
    1b9c:	81 e0       	ldi	r24, 0x01	; 1
    1b9e:	21 c0       	rjmp	.+66     	; 0x1be2 <VL53L0X_Init+0x36c>
            sensor,
            REG_GLOBAL_CONFIG_SPAD_ENABLES_REF_0,
            spad_map,
            6U) != VL53L0X_OK)
    {
        return VL53L0X_ERROR_I2C;
    1ba0:	81 e0       	ldi	r24, 0x01	; 1
    1ba2:	1f c0       	rjmp	.+62     	; 0x1be2 <VL53L0X_Init+0x36c>
    }

    if (VL53_WriteReg(sensor, 0xFF, 0x01) != VL53L0X_OK) return VL53L0X_ERROR_I2C;
    1ba4:	81 e0       	ldi	r24, 0x01	; 1
    1ba6:	1d c0       	rjmp	.+58     	; 0x1be2 <VL53L0X_Init+0x36c>
    if (VL53_WriteReg(
            sensor,
            REG_DYNAMIC_SPAD_REF_EN_START_OFFSET,
            0x00) != VL53L0X_OK)
    {
        return VL53L0X_ERROR_I2C;
    1ba8:	81 e0       	ldi	r24, 0x01	; 1
    1baa:	1b c0       	rjmp	.+54     	; 0x1be2 <VL53L0X_Init+0x36c>
    if (VL53_WriteReg(
            sensor,
            REG_DYNAMIC_SPAD_NUM_REQUESTED_REF_SPAD,
            0x2C) != VL53L0X_OK)
    {
        return VL53L0X_ERROR_I2C;
    1bac:	81 e0       	ldi	r24, 0x01	; 1
    1bae:	19 c0       	rjmp	.+50     	; 0x1be2 <VL53L0X_Init+0x36c>
    }

    if (VL53_WriteReg(sensor, 0xFF, 0x00) != VL53L0X_OK) return VL53L0X_ERROR_I2C;
    1bb0:	81 e0       	ldi	r24, 0x01	; 1
    1bb2:	17 c0       	rjmp	.+46     	; 0x1be2 <VL53L0X_Init+0x36c>
    if (VL53_WriteReg(
            sensor,
            REG_GLOBAL_CONFIG_REF_EN_START_SELECT,
            0xB4) != VL53L0X_OK)
    {
        return VL53L0X_ERROR_I2C;
    1bb4:	81 e0       	ldi	r24, 0x01	; 1
    1bb6:	15 c0       	rjmp	.+42     	; 0x1be2 <VL53L0X_Init+0x36c>
            sensor,
            REG_GLOBAL_CONFIG_SPAD_ENABLES_REF_0,
            spad_map,
            6U) != VL53L0X_OK)
    {
        return VL53L0X_ERROR_I2C;
    1bb8:	81 e0       	ldi	r24, 0x01	; 1
    1bba:	13 c0       	rjmp	.+38     	; 0x1be2 <VL53L0X_Init+0x36c>
        uint8_t reg = pgm_read_byte(&VL53_tuning[i][0]);
        uint8_t val = pgm_read_byte(&VL53_tuning[i][1]);

        if (VL53_WriteReg(sensor, reg, val) != VL53L0X_OK)
        {
            return VL53L0X_ERROR_I2C;
    1bbc:	81 e0       	ldi	r24, 0x01	; 1
    1bbe:	11 c0       	rjmp	.+34     	; 0x1be2 <VL53L0X_Init+0x36c>
    if (VL53_WriteReg(
            sensor,
            REG_SYSTEM_INTERRUPT_CONFIG_GPIO,
            0x04) != VL53L0X_OK)
    {
        return VL53L0X_ERROR_I2C;
    1bc0:	81 e0       	ldi	r24, 0x01	; 1
    1bc2:	0f c0       	rjmp	.+30     	; 0x1be2 <VL53L0X_Init+0x36c>
    }

    if (VL53_ReadReg(sensor, REG_GPIO_HV_MUX_ACTIVE_HIGH, &value) != VL53L0X_OK)
        return VL53L0X_ERROR_I2C;
    1bc4:	81 e0       	ldi	r24, 0x01	; 1
    1bc6:	0d c0       	rjmp	.+26     	; 0x1be2 <VL53L0X_Init+0x36c>
    if (VL53_WriteReg(
            sensor,
            REG_GPIO_HV_MUX_ACTIVE_HIGH,
            (uint8_t)(value & (uint8_t)~0x10U)) != VL53L0X_OK)
    {
        return VL53L0X_ERROR_I2C;
    1bc8:	81 e0       	ldi	r24, 0x01	; 1
    1bca:	0b c0       	rjmp	.+22     	; 0x1be2 <VL53L0X_Init+0x36c>
    }

    if (VL53_WriteReg(sensor, REG_SYSTEM_INTERRUPT_CLEAR, 0x01) != VL53L0X_OK)
        return VL53L0X_ERROR_I2C;
    1bcc:	81 e0       	ldi	r24, 0x01	; 1
    1bce:	09 c0       	rjmp	.+18     	; 0x1be2 <VL53L0X_Init+0x36c>
     **************************************************************************/
    timing_budget = VL53_GetTimingBudget(sensor);

    if (timing_budget == 0U)
    {
        return VL53L0X_ERROR_I2C;
    1bd0:	81 e0       	ldi	r24, 0x01	; 1
    1bd2:	07 c0       	rjmp	.+14     	; 0x1be2 <VL53L0X_Init+0x36c>
    }

    if (VL53_WriteReg(sensor, REG_SYSTEM_SEQUENCE_CONFIG, 0xE8) != VL53L0X_OK)
        return VL53L0X_ERROR_I2C;
    1bd4:	81 e0       	ldi	r24, 0x01	; 1
    1bd6:	05 c0       	rjmp	.+10     	; 0x1be2 <VL53L0X_Init+0x36c>

    /**************************************************************************
     * Calibraciones de referencia.
     **************************************************************************/
    if (VL53_WriteReg(sensor, REG_SYSTEM_SEQUENCE_CONFIG, 0x01) != VL53L0X_OK)
        return VL53L0X_ERROR_I2C;
    1bd8:	81 e0       	ldi	r24, 0x01	; 1
    1bda:	03 c0       	rjmp	.+6      	; 0x1be2 <VL53L0X_Init+0x36c>
    {
        return status;
    }

    if (VL53_WriteReg(sensor, REG_SYSTEM_SEQUENCE_CONFIG, 0x02) != VL53L0X_OK)
        return VL53L0X_ERROR_I2C;
    1bdc:	81 e0       	ldi	r24, 0x01	; 1
    1bde:	01 c0       	rjmp	.+2      	; 0x1be2 <VL53L0X_Init+0x36c>
    {
        return status;
    }

    if (VL53_WriteReg(sensor, REG_SYSTEM_SEQUENCE_CONFIG, 0xE8) != VL53L0X_OK)
        return VL53L0X_ERROR_I2C;
    1be0:	81 e0       	ldi	r24, 0x01	; 1

    sensor->initialized = 1U;

    return VL53L0X_OK;
}
    1be2:	29 96       	adiw	r28, 0x09	; 9
    1be4:	0f b6       	in	r0, 0x3f	; 63
    1be6:	f8 94       	cli
    1be8:	de bf       	out	0x3e, r29	; 62
    1bea:	0f be       	out	0x3f, r0	; 63
    1bec:	cd bf       	out	0x3d, r28	; 61
    1bee:	df 91       	pop	r29
    1bf0:	cf 91       	pop	r28
    1bf2:	1f 91       	pop	r17
    1bf4:	0f 91       	pop	r16
    1bf6:	ff 90       	pop	r15
    1bf8:	ef 90       	pop	r14
    1bfa:	df 90       	pop	r13
    1bfc:	cf 90       	pop	r12
    1bfe:	08 95       	ret

00001c00 <VL53L0X_StartSingle>:

/******************************************************************************
 * Iniciar single shot
 ******************************************************************************/
VL53L0X_Status_t VL53L0X_StartSingle(VL53L0X_t *sensor)
{
    1c00:	cf 93       	push	r28
    1c02:	df 93       	push	r29
    if (sensor == NULL)
    1c04:	00 97       	sbiw	r24, 0x00	; 0
    1c06:	f1 f1       	breq	.+124    	; 0x1c84 <VL53L0X_StartSingle+0x84>
    {
        return VL53L0X_ERROR_PARAMETER;
    }

    if (!sensor->initialized)
    1c08:	fc 01       	movw	r30, r24
    1c0a:	22 81       	ldd	r18, Z+2	; 0x02
    1c0c:	22 23       	and	r18, r18
    1c0e:	e1 f1       	breq	.+120    	; 0x1c88 <VL53L0X_StartSingle+0x88>
    1c10:	ec 01       	movw	r28, r24
    }

    /*
     * Restaurar variable interna guardada durante Init().
     */
    if (VL53_WriteReg(sensor, 0x80, 0x01) != VL53L0X_OK) return VL53L0X_ERROR_I2C;
    1c12:	41 e0       	ldi	r20, 0x01	; 1
    1c14:	60 e8       	ldi	r22, 0x80	; 128
    1c16:	0e 94 b9 07 	call	0xf72	; 0xf72 <VL53_WriteReg>
    1c1a:	81 11       	cpse	r24, r1
    1c1c:	37 c0       	rjmp	.+110    	; 0x1c8c <VL53L0X_StartSingle+0x8c>
    if (VL53_WriteReg(sensor, 0xFF, 0x01) != VL53L0X_OK) return VL53L0X_ERROR_I2C;
    1c1e:	41 e0       	ldi	r20, 0x01	; 1
    1c20:	6f ef       	ldi	r22, 0xFF	; 255
    1c22:	ce 01       	movw	r24, r28
    1c24:	0e 94 b9 07 	call	0xf72	; 0xf72 <VL53_WriteReg>
    1c28:	81 11       	cpse	r24, r1
    1c2a:	32 c0       	rjmp	.+100    	; 0x1c90 <VL53L0X_StartSingle+0x90>
    if (VL53_WriteReg(sensor, 0x00, 0x00) != VL53L0X_OK) return VL53L0X_ERROR_I2C;
    1c2c:	40 e0       	ldi	r20, 0x00	; 0
    1c2e:	60 e0       	ldi	r22, 0x00	; 0
    1c30:	ce 01       	movw	r24, r28
    1c32:	0e 94 b9 07 	call	0xf72	; 0xf72 <VL53_WriteReg>
    1c36:	81 11       	cpse	r24, r1
    1c38:	2d c0       	rjmp	.+90     	; 0x1c94 <VL53L0X_StartSingle+0x94>

    if (VL53_WriteReg(sensor, 0x91, sensor->stop_variable) != VL53L0X_OK)
    1c3a:	49 81       	ldd	r20, Y+1	; 0x01
    1c3c:	61 e9       	ldi	r22, 0x91	; 145
    1c3e:	ce 01       	movw	r24, r28
    1c40:	0e 94 b9 07 	call	0xf72	; 0xf72 <VL53_WriteReg>
    1c44:	81 11       	cpse	r24, r1
    1c46:	28 c0       	rjmp	.+80     	; 0x1c98 <VL53L0X_StartSingle+0x98>
        return VL53L0X_ERROR_I2C;

    if (VL53_WriteReg(sensor, 0x00, 0x01) != VL53L0X_OK) return VL53L0X_ERROR_I2C;
    1c48:	41 e0       	ldi	r20, 0x01	; 1
    1c4a:	60 e0       	ldi	r22, 0x00	; 0
    1c4c:	ce 01       	movw	r24, r28
    1c4e:	0e 94 b9 07 	call	0xf72	; 0xf72 <VL53_WriteReg>
    1c52:	81 11       	cpse	r24, r1
    1c54:	23 c0       	rjmp	.+70     	; 0x1c9c <VL53L0X_StartSingle+0x9c>
    if (VL53_WriteReg(sensor, 0xFF, 0x00) != VL53L0X_OK) return VL53L0X_ERROR_I2C;
    1c56:	40 e0       	ldi	r20, 0x00	; 0
    1c58:	6f ef       	ldi	r22, 0xFF	; 255
    1c5a:	ce 01       	movw	r24, r28
    1c5c:	0e 94 b9 07 	call	0xf72	; 0xf72 <VL53_WriteReg>
    1c60:	81 11       	cpse	r24, r1
    1c62:	1e c0       	rjmp	.+60     	; 0x1ca0 <VL53L0X_StartSingle+0xa0>
    if (VL53_WriteReg(sensor, 0x80, 0x00) != VL53L0X_OK) return VL53L0X_ERROR_I2C;
    1c64:	40 e0       	ldi	r20, 0x00	; 0
    1c66:	60 e8       	ldi	r22, 0x80	; 128
    1c68:	ce 01       	movw	r24, r28
    1c6a:	0e 94 b9 07 	call	0xf72	; 0xf72 <VL53_WriteReg>
    1c6e:	81 11       	cpse	r24, r1
    1c70:	19 c0       	rjmp	.+50     	; 0x1ca4 <VL53L0X_StartSingle+0xa4>

    if (VL53_WriteReg(sensor, REG_SYSRANGE_START, 0x01) != VL53L0X_OK)
    1c72:	41 e0       	ldi	r20, 0x01	; 1
    1c74:	60 e0       	ldi	r22, 0x00	; 0
    1c76:	ce 01       	movw	r24, r28
    1c78:	0e 94 b9 07 	call	0xf72	; 0xf72 <VL53_WriteReg>
    1c7c:	88 23       	and	r24, r24
    1c7e:	99 f0       	breq	.+38     	; 0x1ca6 <VL53L0X_StartSingle+0xa6>
        return VL53L0X_ERROR_I2C;
    1c80:	81 e0       	ldi	r24, 0x01	; 1
    1c82:	11 c0       	rjmp	.+34     	; 0x1ca6 <VL53L0X_StartSingle+0xa6>
 ******************************************************************************/
VL53L0X_Status_t VL53L0X_StartSingle(VL53L0X_t *sensor)
{
    if (sensor == NULL)
    {
        return VL53L0X_ERROR_PARAMETER;
    1c84:	84 e0       	ldi	r24, 0x04	; 4
    1c86:	0f c0       	rjmp	.+30     	; 0x1ca6 <VL53L0X_StartSingle+0xa6>
    }

    if (!sensor->initialized)
    {
        return VL53L0X_ERROR_NOT_INITIALIZED;
    1c88:	85 e0       	ldi	r24, 0x05	; 5
    1c8a:	0d c0       	rjmp	.+26     	; 0x1ca6 <VL53L0X_StartSingle+0xa6>
    }

    /*
     * Restaurar variable interna guardada durante Init().
     */
    if (VL53_WriteReg(sensor, 0x80, 0x01) != VL53L0X_OK) return VL53L0X_ERROR_I2C;
    1c8c:	81 e0       	ldi	r24, 0x01	; 1
    1c8e:	0b c0       	rjmp	.+22     	; 0x1ca6 <VL53L0X_StartSingle+0xa6>
    if (VL53_WriteReg(sensor, 0xFF, 0x01) != VL53L0X_OK) return VL53L0X_ERROR_I2C;
    1c90:	81 e0       	ldi	r24, 0x01	; 1
    1c92:	09 c0       	rjmp	.+18     	; 0x1ca6 <VL53L0X_StartSingle+0xa6>
    if (VL53_WriteReg(sensor, 0x00, 0x00) != VL53L0X_OK) return VL53L0X_ERROR_I2C;
    1c94:	81 e0       	ldi	r24, 0x01	; 1
    1c96:	07 c0       	rjmp	.+14     	; 0x1ca6 <VL53L0X_StartSingle+0xa6>

    if (VL53_WriteReg(sensor, 0x91, sensor->stop_variable) != VL53L0X_OK)
        return VL53L0X_ERROR_I2C;
    1c98:	81 e0       	ldi	r24, 0x01	; 1
    1c9a:	05 c0       	rjmp	.+10     	; 0x1ca6 <VL53L0X_StartSingle+0xa6>

    if (VL53_WriteReg(sensor, 0x00, 0x01) != VL53L0X_OK) return VL53L0X_ERROR_I2C;
    1c9c:	81 e0       	ldi	r24, 0x01	; 1
    1c9e:	03 c0       	rjmp	.+6      	; 0x1ca6 <VL53L0X_StartSingle+0xa6>
    if (VL53_WriteReg(sensor, 0xFF, 0x00) != VL53L0X_OK) return VL53L0X_ERROR_I2C;
    1ca0:	81 e0       	ldi	r24, 0x01	; 1
    1ca2:	01 c0       	rjmp	.+2      	; 0x1ca6 <VL53L0X_StartSingle+0xa6>
    if (VL53_WriteReg(sensor, 0x80, 0x00) != VL53L0X_OK) return VL53L0X_ERROR_I2C;
    1ca4:	81 e0       	ldi	r24, 0x01	; 1

    if (VL53_WriteReg(sensor, REG_SYSRANGE_START, 0x01) != VL53L0X_OK)
        return VL53L0X_ERROR_I2C;

    return VL53L0X_OK;
}
    1ca6:	df 91       	pop	r29
    1ca8:	cf 91       	pop	r28
    1caa:	08 95       	ret

00001cac <VL53L0X_DataReady>:
 * Dato listo
 ******************************************************************************/
VL53L0X_Status_t VL53L0X_DataReady(
    VL53L0X_t *sensor,
    uint8_t *ready)
{
    1cac:	0f 93       	push	r16
    1cae:	1f 93       	push	r17
    1cb0:	cf 93       	push	r28
    1cb2:	df 93       	push	r29
    1cb4:	1f 92       	push	r1
    1cb6:	cd b7       	in	r28, 0x3d	; 61
    1cb8:	de b7       	in	r29, 0x3e	; 62
    uint8_t status;

    if ((sensor == NULL) || (ready == NULL))
    1cba:	00 97       	sbiw	r24, 0x00	; 0
    1cbc:	71 f1       	breq	.+92     	; 0x1d1a <VL53L0X_DataReady+0x6e>
    1cbe:	61 15       	cp	r22, r1
    1cc0:	71 05       	cpc	r23, r1
    1cc2:	69 f1       	breq	.+90     	; 0x1d1e <VL53L0X_DataReady+0x72>
    {
        return VL53L0X_ERROR_PARAMETER;
    }

    if (!sensor->initialized)
    1cc4:	dc 01       	movw	r26, r24
    1cc6:	12 96       	adiw	r26, 0x02	; 2
    1cc8:	2c 91       	ld	r18, X
    1cca:	12 97       	sbiw	r26, 0x02	; 2
    1ccc:	22 23       	and	r18, r18
    1cce:	49 f1       	breq	.+82     	; 0x1d22 <VL53L0X_DataReady+0x76>
    }

    /*
     * GPIO1 esta configurado como activo LOW.
     */
    if (sensor->gpio1.enabled)
    1cd0:	54 96       	adiw	r26, 0x14	; 20
    1cd2:	2c 91       	ld	r18, X
    1cd4:	54 97       	sbiw	r26, 0x14	; 20
    1cd6:	22 23       	and	r18, r18
    1cd8:	81 f0       	breq	.+32     	; 0x1cfa <VL53L0X_DataReady+0x4e>
    {
        *ready =
            ((*(sensor->gpio1.pin) & sensor->gpio1.mask) == 0U)
    1cda:	51 96       	adiw	r26, 0x11	; 17
    1cdc:	ed 91       	ld	r30, X+
    1cde:	fc 91       	ld	r31, X
    1ce0:	52 97       	sbiw	r26, 0x12	; 18
    1ce2:	20 81       	ld	r18, Z
    1ce4:	53 96       	adiw	r26, 0x13	; 19
    1ce6:	8c 91       	ld	r24, X
    1ce8:	82 23       	and	r24, r18
    /*
     * GPIO1 esta configurado como activo LOW.
     */
    if (sensor->gpio1.enabled)
    {
        *ready =
    1cea:	11 f4       	brne	.+4      	; 0x1cf0 <VL53L0X_DataReady+0x44>
    1cec:	81 e0       	ldi	r24, 0x01	; 1
    1cee:	01 c0       	rjmp	.+2      	; 0x1cf2 <VL53L0X_DataReady+0x46>
    1cf0:	80 e0       	ldi	r24, 0x00	; 0
    1cf2:	fb 01       	movw	r30, r22
    1cf4:	80 83       	st	Z, r24
            ((*(sensor->gpio1.pin) & sensor->gpio1.mask) == 0U)
            ? 1U
            : 0U;

        return VL53L0X_OK;
    1cf6:	80 e0       	ldi	r24, 0x00	; 0
    1cf8:	17 c0       	rjmp	.+46     	; 0x1d28 <VL53L0X_DataReady+0x7c>
    1cfa:	8b 01       	movw	r16, r22
    }

    if (VL53_ReadReg(sensor, REG_RESULT_INTERRUPT_STATUS, &status) != VL53L0X_OK)
    1cfc:	ae 01       	movw	r20, r28
    1cfe:	4f 5f       	subi	r20, 0xFF	; 255
    1d00:	5f 4f       	sbci	r21, 0xFF	; 255
    1d02:	63 e1       	ldi	r22, 0x13	; 19
    1d04:	0e 94 56 08 	call	0x10ac	; 0x10ac <VL53_ReadReg>
    1d08:	81 11       	cpse	r24, r1
    1d0a:	0d c0       	rjmp	.+26     	; 0x1d26 <VL53L0X_DataReady+0x7a>
    {
        return VL53L0X_ERROR_I2C;
    }

    *ready = ((status & 0x07U) != 0U) ? 1U : 0U;
    1d0c:	99 81       	ldd	r25, Y+1	; 0x01
    1d0e:	97 70       	andi	r25, 0x07	; 7
    1d10:	09 f0       	breq	.+2      	; 0x1d14 <VL53L0X_DataReady+0x68>
    1d12:	91 e0       	ldi	r25, 0x01	; 1
    1d14:	d8 01       	movw	r26, r16
    1d16:	9c 93       	st	X, r25

    return VL53L0X_OK;
    1d18:	07 c0       	rjmp	.+14     	; 0x1d28 <VL53L0X_DataReady+0x7c>
{
    uint8_t status;

    if ((sensor == NULL) || (ready == NULL))
    {
        return VL53L0X_ERROR_PARAMETER;
    1d1a:	84 e0       	ldi	r24, 0x04	; 4
    1d1c:	05 c0       	rjmp	.+10     	; 0x1d28 <VL53L0X_DataReady+0x7c>
    1d1e:	84 e0       	ldi	r24, 0x04	; 4
    1d20:	03 c0       	rjmp	.+6      	; 0x1d28 <VL53L0X_DataReady+0x7c>
    }

    if (!sensor->initialized)
    {
        return VL53L0X_ERROR_NOT_INITIALIZED;
    1d22:	85 e0       	ldi	r24, 0x05	; 5
    1d24:	01 c0       	rjmp	.+2      	; 0x1d28 <VL53L0X_DataReady+0x7c>
        return VL53L0X_OK;
    }

    if (VL53_ReadReg(sensor, REG_RESULT_INTERRUPT_STATUS, &status) != VL53L0X_OK)
    {
        return VL53L0X_ERROR_I2C;
    1d26:	81 e0       	ldi	r24, 0x01	; 1
    }

    *ready = ((status & 0x07U) != 0U) ? 1U : 0U;

    return VL53L0X_OK;
}
    1d28:	0f 90       	pop	r0
    1d2a:	df 91       	pop	r29
    1d2c:	cf 91       	pop	r28
    1d2e:	1f 91       	pop	r17
    1d30:	0f 91       	pop	r16
    1d32:	08 95       	ret

00001d34 <VL53L0X_ClearInterrupt>:
/******************************************************************************
 * Limpiar interrupcion
 ******************************************************************************/
VL53L0X_Status_t VL53L0X_ClearInterrupt(VL53L0X_t *sensor)
{
    if (sensor == NULL)
    1d34:	00 97       	sbiw	r24, 0x00	; 0
    1d36:	29 f0       	breq	.+10     	; 0x1d42 <VL53L0X_ClearInterrupt+0xe>
    {
        return VL53L0X_ERROR_PARAMETER;
    }

    return VL53_WriteReg(
    1d38:	41 e0       	ldi	r20, 0x01	; 1
    1d3a:	6b e0       	ldi	r22, 0x0B	; 11
    1d3c:	0e 94 b9 07 	call	0xf72	; 0xf72 <VL53_WriteReg>
    1d40:	08 95       	ret
 ******************************************************************************/
VL53L0X_Status_t VL53L0X_ClearInterrupt(VL53L0X_t *sensor)
{
    if (sensor == NULL)
    {
        return VL53L0X_ERROR_PARAMETER;
    1d42:	84 e0       	ldi	r24, 0x04	; 4

    return VL53_WriteReg(
        sensor,
        REG_SYSTEM_INTERRUPT_CLEAR,
        0x01);
}
    1d44:	08 95       	ret

00001d46 <VL53L0X_ReadResult>:
 * Leer resultado
 ******************************************************************************/
VL53L0X_Status_t VL53L0X_ReadResult(
    VL53L0X_t *sensor,
    uint16_t *distance_mm)
{
    1d46:	cf 93       	push	r28
    1d48:	df 93       	push	r29
    VL53L0X_Status_t status;

    if ((sensor == NULL) || (distance_mm == NULL))
    1d4a:	00 97       	sbiw	r24, 0x00	; 0
    1d4c:	91 f0       	breq	.+36     	; 0x1d72 <VL53L0X_ReadResult+0x2c>
    1d4e:	61 15       	cp	r22, r1
    1d50:	71 05       	cpc	r23, r1
    1d52:	89 f0       	breq	.+34     	; 0x1d76 <VL53L0X_ReadResult+0x30>
    {
        return VL53L0X_ERROR_PARAMETER;
    }

    if (!sensor->initialized)
    1d54:	fc 01       	movw	r30, r24
    1d56:	22 81       	ldd	r18, Z+2	; 0x02
    1d58:	22 23       	and	r18, r18
    1d5a:	79 f0       	breq	.+30     	; 0x1d7a <VL53L0X_ReadResult+0x34>
    1d5c:	ab 01       	movw	r20, r22
    1d5e:	ec 01       	movw	r28, r24

    /*
     * Distancia final:
     * RESULT_RANGE_STATUS + 10 = 0x1E
     */
    status = VL53_ReadReg16(
    1d60:	6e e1       	ldi	r22, 0x1E	; 30
    1d62:	0e 94 07 0a 	call	0x140e	; 0x140e <VL53_ReadReg16>
        sensor,
        (uint8_t)(REG_RESULT_RANGE_STATUS + 10U),
        distance_mm);

    if (status != VL53L0X_OK)
    1d66:	81 11       	cpse	r24, r1
    1d68:	09 c0       	rjmp	.+18     	; 0x1d7c <VL53L0X_ReadResult+0x36>
    {
        return status;
    }

    return VL53L0X_ClearInterrupt(sensor);
    1d6a:	ce 01       	movw	r24, r28
    1d6c:	0e 94 9a 0e 	call	0x1d34	; 0x1d34 <VL53L0X_ClearInterrupt>
    1d70:	05 c0       	rjmp	.+10     	; 0x1d7c <VL53L0X_ReadResult+0x36>
{
    VL53L0X_Status_t status;

    if ((sensor == NULL) || (distance_mm == NULL))
    {
        return VL53L0X_ERROR_PARAMETER;
    1d72:	84 e0       	ldi	r24, 0x04	; 4
    1d74:	03 c0       	rjmp	.+6      	; 0x1d7c <VL53L0X_ReadResult+0x36>
    1d76:	84 e0       	ldi	r24, 0x04	; 4
    1d78:	01 c0       	rjmp	.+2      	; 0x1d7c <VL53L0X_ReadResult+0x36>
    }

    if (!sensor->initialized)
    {
        return VL53L0X_ERROR_NOT_INITIALIZED;
    1d7a:	85 e0       	ldi	r24, 0x05	; 5
    {
        return status;
    }

    return VL53L0X_ClearInterrupt(sensor);
}
    1d7c:	df 91       	pop	r29
    1d7e:	cf 91       	pop	r28
    1d80:	08 95       	ret

00001d82 <VL53L0X_ReadDistance>:
 * Medicion bloqueante
 ******************************************************************************/
VL53L0X_Status_t VL53L0X_ReadDistance(
    VL53L0X_t *sensor,
    uint16_t *distance_mm)
{
    1d82:	cf 92       	push	r12
    1d84:	df 92       	push	r13
    1d86:	ef 92       	push	r14
    1d88:	ff 92       	push	r15
    1d8a:	0f 93       	push	r16
    1d8c:	1f 93       	push	r17
    1d8e:	cf 93       	push	r28
    1d90:	df 93       	push	r29
    1d92:	00 d0       	rcall	.+0      	; 0x1d94 <VL53L0X_ReadDistance+0x12>
    1d94:	cd b7       	in	r28, 0x3d	; 61
    1d96:	de b7       	in	r29, 0x3e	; 62

    uint16_t elapsed;

    VL53L0X_Status_t status;

    if ((sensor == NULL) || (distance_mm == NULL))
    1d98:	00 97       	sbiw	r24, 0x00	; 0
    1d9a:	09 f4       	brne	.+2      	; 0x1d9e <VL53L0X_ReadDistance+0x1c>
    1d9c:	4a c0       	rjmp	.+148    	; 0x1e32 <VL53L0X_ReadDistance+0xb0>
    1d9e:	61 15       	cp	r22, r1
    1da0:	71 05       	cpc	r23, r1
    1da2:	09 f4       	brne	.+2      	; 0x1da6 <VL53L0X_ReadDistance+0x24>
    1da4:	48 c0       	rjmp	.+144    	; 0x1e36 <VL53L0X_ReadDistance+0xb4>
    1da6:	6b 01       	movw	r12, r22
    1da8:	8c 01       	movw	r16, r24
    {
        return VL53L0X_ERROR_PARAMETER;
    }

    status = VL53L0X_StartSingle(sensor);
    1daa:	0e 94 00 0e 	call	0x1c00	; 0x1c00 <VL53L0X_StartSingle>

    if (status != VL53L0X_OK)
    1dae:	81 11       	cpse	r24, r1
    1db0:	47 c0       	rjmp	.+142    	; 0x1e40 <VL53L0X_ReadDistance+0xbe>
    1db2:	e1 2c       	mov	r14, r1
    1db4:	f1 2c       	mov	r15, r1
     */
    elapsed = 0U;

    while (1)
    {
        status = VL53_ReadReg(sensor, REG_SYSRANGE_START, &value);
    1db6:	ae 01       	movw	r20, r28
    1db8:	4f 5f       	subi	r20, 0xFF	; 255
    1dba:	5f 4f       	sbci	r21, 0xFF	; 255
    1dbc:	60 e0       	ldi	r22, 0x00	; 0
    1dbe:	c8 01       	movw	r24, r16
    1dc0:	0e 94 56 08 	call	0x10ac	; 0x10ac <VL53_ReadReg>

        if (status != VL53L0X_OK)
    1dc4:	81 11       	cpse	r24, r1
    1dc6:	3c c0       	rjmp	.+120    	; 0x1e40 <VL53L0X_ReadDistance+0xbe>
        {
            return status;
        }

        if ((value & 0x01U) == 0U)
    1dc8:	89 81       	ldd	r24, Y+1	; 0x01
    1dca:	80 ff       	sbrs	r24, 0
    1dcc:	10 c0       	rjmp	.+32     	; 0x1dee <VL53L0X_ReadDistance+0x6c>
        {
            break;
        }

        if (elapsed >= sensor->timeout_ms)
    1dce:	f8 01       	movw	r30, r16
    1dd0:	83 81       	ldd	r24, Z+3	; 0x03
    1dd2:	94 81       	ldd	r25, Z+4	; 0x04
    1dd4:	e8 16       	cp	r14, r24
    1dd6:	f9 06       	cpc	r15, r25
    1dd8:	80 f5       	brcc	.+96     	; 0x1e3a <VL53L0X_ReadDistance+0xb8>
    1dda:	8f e9       	ldi	r24, 0x9F	; 159
    1ddc:	9f e0       	ldi	r25, 0x0F	; 15
    1dde:	01 97       	sbiw	r24, 0x01	; 1
    1de0:	f1 f7       	brne	.-4      	; 0x1dde <VL53L0X_ReadDistance+0x5c>
    1de2:	00 c0       	rjmp	.+0      	; 0x1de4 <VL53L0X_ReadDistance+0x62>
    1de4:	00 00       	nop
        {
            return VL53L0X_ERROR_TIMEOUT;
        }

        _delay_ms(1);
        elapsed++;
    1de6:	9f ef       	ldi	r25, 0xFF	; 255
    1de8:	e9 1a       	sub	r14, r25
    1dea:	f9 0a       	sbc	r15, r25
    }
    1dec:	e4 cf       	rjmp	.-56     	; 0x1db6 <VL53L0X_ReadDistance+0x34>
    1dee:	e1 2c       	mov	r14, r1
    1df0:	f1 2c       	mov	r15, r1
     */
    elapsed = 0U;

    while (1)
    {
        status = VL53L0X_DataReady(sensor, &ready);
    1df2:	be 01       	movw	r22, r28
    1df4:	6e 5f       	subi	r22, 0xFE	; 254
    1df6:	7f 4f       	sbci	r23, 0xFF	; 255
    1df8:	c8 01       	movw	r24, r16
    1dfa:	0e 94 56 0e 	call	0x1cac	; 0x1cac <VL53L0X_DataReady>

        if (status != VL53L0X_OK)
    1dfe:	81 11       	cpse	r24, r1
    1e00:	1f c0       	rjmp	.+62     	; 0x1e40 <VL53L0X_ReadDistance+0xbe>
        {
            return status;
        }

        if (ready)
    1e02:	8a 81       	ldd	r24, Y+2	; 0x02
    1e04:	81 11       	cpse	r24, r1
    1e06:	10 c0       	rjmp	.+32     	; 0x1e28 <VL53L0X_ReadDistance+0xa6>
        {
            break;
        }

        if (elapsed >= sensor->timeout_ms)
    1e08:	f8 01       	movw	r30, r16
    1e0a:	83 81       	ldd	r24, Z+3	; 0x03
    1e0c:	94 81       	ldd	r25, Z+4	; 0x04
    1e0e:	e8 16       	cp	r14, r24
    1e10:	f9 06       	cpc	r15, r25
    1e12:	a8 f4       	brcc	.+42     	; 0x1e3e <VL53L0X_ReadDistance+0xbc>
    1e14:	8f e9       	ldi	r24, 0x9F	; 159
    1e16:	9f e0       	ldi	r25, 0x0F	; 15
    1e18:	01 97       	sbiw	r24, 0x01	; 1
    1e1a:	f1 f7       	brne	.-4      	; 0x1e18 <VL53L0X_ReadDistance+0x96>
    1e1c:	00 c0       	rjmp	.+0      	; 0x1e1e <VL53L0X_ReadDistance+0x9c>
    1e1e:	00 00       	nop
        {
            return VL53L0X_ERROR_TIMEOUT;
        }

        _delay_ms(1);
        elapsed++;
    1e20:	9f ef       	ldi	r25, 0xFF	; 255
    1e22:	e9 1a       	sub	r14, r25
    1e24:	f9 0a       	sbc	r15, r25
    }
    1e26:	e5 cf       	rjmp	.-54     	; 0x1df2 <VL53L0X_ReadDistance+0x70>

    return VL53L0X_ReadResult(sensor, distance_mm);
    1e28:	b6 01       	movw	r22, r12
    1e2a:	c8 01       	movw	r24, r16
    1e2c:	0e 94 a3 0e 	call	0x1d46	; 0x1d46 <VL53L0X_ReadResult>
    1e30:	07 c0       	rjmp	.+14     	; 0x1e40 <VL53L0X_ReadDistance+0xbe>

    VL53L0X_Status_t status;

    if ((sensor == NULL) || (distance_mm == NULL))
    {
        return VL53L0X_ERROR_PARAMETER;
    1e32:	84 e0       	ldi	r24, 0x04	; 4
    1e34:	05 c0       	rjmp	.+10     	; 0x1e40 <VL53L0X_ReadDistance+0xbe>
    1e36:	84 e0       	ldi	r24, 0x04	; 4
    1e38:	03 c0       	rjmp	.+6      	; 0x1e40 <VL53L0X_ReadDistance+0xbe>
            break;
        }

        if (elapsed >= sensor->timeout_ms)
        {
            return VL53L0X_ERROR_TIMEOUT;
    1e3a:	83 e0       	ldi	r24, 0x03	; 3
    1e3c:	01 c0       	rjmp	.+2      	; 0x1e40 <VL53L0X_ReadDistance+0xbe>
            break;
        }

        if (elapsed >= sensor->timeout_ms)
        {
            return VL53L0X_ERROR_TIMEOUT;
    1e3e:	83 e0       	ldi	r24, 0x03	; 3
        _delay_ms(1);
        elapsed++;
    }

    return VL53L0X_ReadResult(sensor, distance_mm);
}
    1e40:	0f 90       	pop	r0
    1e42:	0f 90       	pop	r0
    1e44:	df 91       	pop	r29
    1e46:	cf 91       	pop	r28
    1e48:	1f 91       	pop	r17
    1e4a:	0f 91       	pop	r16
    1e4c:	ff 90       	pop	r15
    1e4e:	ef 90       	pop	r14
    1e50:	df 90       	pop	r13
    1e52:	cf 90       	pop	r12
    1e54:	08 95       	ret

00001e56 <__udivmodsi4>:
    1e56:	a1 e2       	ldi	r26, 0x21	; 33
    1e58:	1a 2e       	mov	r1, r26
    1e5a:	aa 1b       	sub	r26, r26
    1e5c:	bb 1b       	sub	r27, r27
    1e5e:	fd 01       	movw	r30, r26
    1e60:	0d c0       	rjmp	.+26     	; 0x1e7c <__udivmodsi4_ep>

00001e62 <__udivmodsi4_loop>:
    1e62:	aa 1f       	adc	r26, r26
    1e64:	bb 1f       	adc	r27, r27
    1e66:	ee 1f       	adc	r30, r30
    1e68:	ff 1f       	adc	r31, r31
    1e6a:	a2 17       	cp	r26, r18
    1e6c:	b3 07       	cpc	r27, r19
    1e6e:	e4 07       	cpc	r30, r20
    1e70:	f5 07       	cpc	r31, r21
    1e72:	20 f0       	brcs	.+8      	; 0x1e7c <__udivmodsi4_ep>
    1e74:	a2 1b       	sub	r26, r18
    1e76:	b3 0b       	sbc	r27, r19
    1e78:	e4 0b       	sbc	r30, r20
    1e7a:	f5 0b       	sbc	r31, r21

00001e7c <__udivmodsi4_ep>:
    1e7c:	66 1f       	adc	r22, r22
    1e7e:	77 1f       	adc	r23, r23
    1e80:	88 1f       	adc	r24, r24
    1e82:	99 1f       	adc	r25, r25
    1e84:	1a 94       	dec	r1
    1e86:	69 f7       	brne	.-38     	; 0x1e62 <__udivmodsi4_loop>
    1e88:	60 95       	com	r22
    1e8a:	70 95       	com	r23
    1e8c:	80 95       	com	r24
    1e8e:	90 95       	com	r25
    1e90:	9b 01       	movw	r18, r22
    1e92:	ac 01       	movw	r20, r24
    1e94:	bd 01       	movw	r22, r26
    1e96:	cf 01       	movw	r24, r30
    1e98:	08 95       	ret

00001e9a <__umulhisi3>:
    1e9a:	a2 9f       	mul	r26, r18
    1e9c:	b0 01       	movw	r22, r0
    1e9e:	b3 9f       	mul	r27, r19
    1ea0:	c0 01       	movw	r24, r0
    1ea2:	a3 9f       	mul	r26, r19
    1ea4:	70 0d       	add	r23, r0
    1ea6:	81 1d       	adc	r24, r1
    1ea8:	11 24       	eor	r1, r1
    1eaa:	91 1d       	adc	r25, r1
    1eac:	b2 9f       	mul	r27, r18
    1eae:	70 0d       	add	r23, r0
    1eb0:	81 1d       	adc	r24, r1
    1eb2:	11 24       	eor	r1, r1
    1eb4:	91 1d       	adc	r25, r1
    1eb6:	08 95       	ret

00001eb8 <__muluhisi3>:
    1eb8:	0e 94 4d 0f 	call	0x1e9a	; 0x1e9a <__umulhisi3>
    1ebc:	a5 9f       	mul	r26, r21
    1ebe:	90 0d       	add	r25, r0
    1ec0:	b4 9f       	mul	r27, r20
    1ec2:	90 0d       	add	r25, r0
    1ec4:	a4 9f       	mul	r26, r20
    1ec6:	80 0d       	add	r24, r0
    1ec8:	91 1d       	adc	r25, r1
    1eca:	11 24       	eor	r1, r1
    1ecc:	08 95       	ret

00001ece <_exit>:
    1ece:	f8 94       	cli

00001ed0 <__stop_program>:
    1ed0:	ff cf       	rjmp	.-2      	; 0x1ed0 <__stop_program>
